-- phpMyAdmin SQL Dump
-- version 4.8.0.1
-- https://www.phpmyadmin.net/
--
-- Хост: localhost
-- Время создания: Апр 29 2018 г., 14:54
-- Версия сервера: 5.5.53
-- Версия PHP: 7.0.14

SET SQL_MODE = "NO_AUTO_VALUE_ON_ZERO";
SET AUTOCOMMIT = 0;
START TRANSACTION;
SET time_zone = "+00:00";


/*!40101 SET @OLD_CHARACTER_SET_CLIENT=@@CHARACTER_SET_CLIENT */;
/*!40101 SET @OLD_CHARACTER_SET_RESULTS=@@CHARACTER_SET_RESULTS */;
/*!40101 SET @OLD_COLLATION_CONNECTION=@@COLLATION_CONNECTION */;
/*!40101 SET NAMES utf8mb4 */;

--
-- База данных: `core`
--

-- --------------------------------------------------------

--
-- Структура таблицы `Admin_Form`
--

CREATE TABLE `Admin_Form` (
  `id` int(11) NOT NULL,
  `model_id` int(11) NOT NULL,
  `title` varchar(150) NOT NULL DEFAULT '',
  `var_name` varchar(50) NOT NULL DEFAULT '',
  `maxlength` int(11) DEFAULT NULL,
  `type_id` int(11) NOT NULL DEFAULT '0',
  `active` int(11) NOT NULL DEFAULT '1',
  `required` int(11) NOT NULL DEFAULT '0',
  `sorting` int(11) NOT NULL DEFAULT '0',
  `list_name` varchar(50) DEFAULT NULL,
  `value` text
) ENGINE=InnoDB DEFAULT CHARSET=utf8;

--
-- Дамп данных таблицы `Admin_Form`
--

INSERT INTO `Admin_Form` (`id`, `model_id`, `title`, `var_name`, `maxlength`, `type_id`, `active`, `required`, `sorting`, `list_name`, `value`) VALUES
(1, 1, 'Заголовок', 'title', 150, 2, 1, 1, 1, '', ''),
(2, 1, 'Путь', 'path', 100, 2, 1, 0, 2, '', ''),
(3, 1, 'Активость', 'active', 0, 3, 1, 0, 3, '', ''),
(4, 1, 'Файл обработчик', 'action', 100, 2, 1, 1, 4, '', ''),
(5, 1, 'Родительский раздел', 'parentId', 0, 4, 1, 0, 5, 'Structures', ''),
(6, 1, 'Макет', 'template_id', 0, 4, 1, 1, 6, 'Templates', ''),
(7, 1, 'Описание', 'description', 2000, 5, 1, 0, 7, '', ''),
(8, 2, 'Название', 'title', 150, 2, 1, 1, 1, '', ''),
(9, 2, 'Путь', 'path', 50, 2, 1, 0, 2, '', ''),
(10, 1, 'Сортировка', 'sorting', 0, 1, 1, 0, 8, '', '0'),
(12, 2, 'Сортировка', 'sorting', 0, 1, 1, 0, 4, '', '0'),
(13, 2, 'Активность', 'active', 0, 3, 1, 0, 3, '', ''),
(14, 2, 'Родительский раздел', 'parentId', 0, 4, 1, 0, 3, 'Structures', ''),
(15, 3, 'Заголовок', 'title', 150, 2, 1, 1, 1, '', ''),
(16, 3, 'Название константы (в верхнем регистре)', 'name', 150, 2, 1, 1, 2, '', ''),
(17, 3, 'Описание', 'description', 2000, 5, 1, 0, 3, '', ''),
(19, 3, 'Значение', 'value', 2000, 5, 1, 1, 4, '', ''),
(20, 3, 'Тип значения', 'valueType', 0, 4, 1, 0, 5, 'ConstantTypes', ''),
(21, 3, 'Активность', 'active', 0, 3, 1, 0, 3, '', ''),
(22, 3, 'Родительская директория', 'dir', 0, 4, 1, 0, 4, 'ConstantDirsForC', ''),
(23, 4, 'Заголовок', 'title', 150, 2, 1, 1, 1, '', ''),
(24, 4, 'Описание', 'description', 2000, 5, 1, 0, 2, '', ''),
(25, 4, 'Родительский раздел', 'parentId', 0, 4, 1, 0, 3, 'ConstantDirsForD', ''),
(26, 4, 'Сортировка', 'sorting', 0, 1, 1, 0, 4, '', '0'),
(27, 6, 'Название группы', 'title', 50, 2, 1, 1, 0, '', ''),
(28, 6, 'Сортировка', 'sorting', 0, 1, 1, 0, 0, '', '0'),
(29, 5, 'Имя', 'name', 50, 2, 1, 1, 0, '', ''),
(30, 5, 'Фамилия', 'surname', 50, 2, 1, 1, 10, '', ''),
(31, 5, 'Отчество', 'patronimyc', 50, 2, 1, 0, 20, '', ''),
(32, 5, 'Номер телефона', 'phoneNumber', 100, 2, 1, 0, 30, '', ''),
(33, 5, 'Логин', 'login', 50, 2, 1, 1, 40, '', ''),
(34, 5, 'Пароль', 'pass1', 50, 6, 1, 0, 50, '', ''),
(35, 5, 'Повторите пароль', 'pass2', 50, 6, 1, 0, 60, '', ''),
(36, 7, 'Название модели', 'model_name', 255, 2, 1, 1, 20, '', ''),
(37, 7, 'Заголовок', 'model_title', 150, 2, 1, 1, 10, '', ''),
(38, 7, 'Сортировка', 'model_sorting', 0, 1, 1, 0, 30, '', ''),
(39, 10, 'Заголовок', 'title', 150, 2, 1, 1, 10, '', ''),
(40, 10, 'Название переменной (сеттера)', 'varName', 50, 2, 1, 1, 20, '', ''),
(41, 10, 'Родительская модель', 'model_id', 0, 4, 1, 0, 30, 'AdminFormModelnames', ''),
(42, 10, 'Максимальная длинна поля', 'maxlength', 0, 1, 1, 0, 40, '', '0'),
(43, 10, 'Тип поля', 'type_id', 0, 4, 1, 0, 50, 'AdminFormTypes', ''),
(44, 10, 'Активность', 'active', 0, 3, 1, 0, 60, '', '1'),
(45, 10, 'Сортировка', 'sorting', 0, 1, 1, 0, 70, '', '0'),
(46, 10, 'Название списка', 'listName', 50, 2, 1, 0, 80, '', ''),
(47, 10, 'Значение', 'value', 2000, 5, 1, 0, 90, '', ''),
(49, 10, 'Обязательное поле', 'required', 0, 3, 1, 0, 100, '', ''),
(50, 12, 'Название', 'title', 150, 2, 1, 1, 10, '', ''),
(51, 12, 'Название тэга', 'tag_name', 50, 2, 1, 0, 20, '', ''),
(52, 12, 'Активность', 'active', 0, 3, 1, 0, 30, '', ''),
(53, 12, 'Тип', 'type', 0, 4, 1, 1, 40, 'PropertyTypes', ''),
(54, 12, 'Описание', 'description', 5000, 5, 1, 0, 50, '', ''),
(55, 12, 'Родительская дирректория', 'dir', 0, 4, 1, 0, 60, 'PropertyDirs', ''),
(56, 12, 'Сортировка', 'sorting', 0, 1, 1, 0, 70, '', '0'),
(57, 6, 'Путь', 'path', 255, 2, 1, 1, 30, '', ''),
(58, 6, 'Дочерние объекты', 'children_name', 255, 2, 1, 0, 40, '', 'User'),
(59, 1, 'Дочерние объекты', 'children_name', 255, 2, 1, 0, 7, '', 'Structure_Item'),
(61, 5, 'Группа', 'groupId', 0, 4, 1, 0, 32, 'UserGroups', ''),
(63, 5, 'Активность', 'active', 0, 3, 1, 0, 31, '', '1'),
(64, 1, 'Меню', 'menuId', 0, 4, 1, 0, 4, 'Menu', ''),
(65, 14, 'id свойства', 'property_id', 0, 4, 1, 0, 0, 'Properties', ''),
(66, 14, 'Значение', 'value', 100, 5, 1, 1, 0, '', ''),
(67, 14, 'Сортировка', 'sorting', 0, 1, 1, 0, 0, '', '0'),
(68, 12, 'Множественное свойство', 'multiple', 0, 3, 1, 0, 42, '', ''),
(69, 12, 'Значение по умолчанию', 'defaultValue', 5000, 5, 1, 0, 43, '', ''),
(70, 15, 'Заголовок', 'title', 255, 2, 1, 1, 10, '', ''),
(71, 15, 'Название модели (класса обработчика)', 'model', 255, 2, 1, 1, 20, '', ''),
(72, 15, 'Родительский пункт', 'parentId', 0, 4, 1, 0, 30, 'AdminMenuParent', ''),
(73, 15, 'Активность', 'active', 0, 3, 1, 0, 40, '', '1'),
(74, 15, 'Сортировка', 'sorting', 0, 1, 1, 0, 50, '', '0'),
(75, 16, 'Название', 'title', 255, 2, 1, 1, 10, '', ''),
(76, 16, 'Родительская директория', 'dir', 0, 4, 1, 0, 20, 'PageTemplateDir', ''),
(77, 16, 'Родительский макет', 'parent_id', 0, 4, 1, 0, 30, 'PageTemplate', ''),
(78, 17, 'Заголовок', 'title', 255, 2, 1, 1, 10, '', ''),
(79, 17, 'Родительская директория', 'dir', 0, 4, 1, 0, 20, 'PageTemplateDir', ''),
(80, 17, 'Описание', 'description', 5000, 5, 1, 0, 30, '', ''),
(81, 18, 'Пользователь', 'user', 0, 4, 1, 0, 0, 'ClientListPayments', ''),
(82, 18, 'Тип', 'type', 0, 4, 1, 0, 0, 'PaymentType', ''),
(83, 18, 'Дата', 'datetime', 0, 7, 1, 1, 0, '', ''),
(84, 18, 'Сумма', 'value', 0, 1, 1, 1, 0, '', ''),
(85, 18, 'Примечание ', 'description', 255, 2, 1, 0, 0, '', ''),
(86, 19, 'Название группы', 'title', 255, 2, 1, 1, 0, '', ''),
(87, 19, 'Учитель', 'teacherId', 0, 4, 1, 0, 0, 'Teachers', ''),
(88, 20, 'Группа', 'groupId', 0, 4, 1, 0, 0, 'ScheduleGroups', ''),
(89, 20, 'Ученик', 'userId', 0, 4, 1, 0, 0, 'ClientListScheduleGroups', ''),
(90, 13, 'Название', 'title', 150, 2, 1, 1, 10, '', ''),
(91, 13, 'Описание', 'description', 5000, 5, 1, 0, 20, '', ''),
(92, 13, 'Родительская директория', 'dir', 0, 4, 1, 0, 30, 'PropertyDirs', ''),
(93, 13, 'Сортировка', 'sorting', 0, 1, 1, 0, 40, '', '0'),
(94, 21, 'Фамилия', 'surname', 255, 2, 1, 0, 10, '', ''),
(95, 21, 'Имя', 'name', 255, 2, 1, 0, 20, '', ''),
(96, 21, 'Телефон', 'number', 255, 2, 1, 0, 30, '', ''),
(97, 21, 'Ссылка ВК', 'vk', 255, 2, 1, 0, 40, '', ''),
(99, 21, 'Дата контроля', 'controlDate', 0, 7, 1, 0, 50, '', ''),
(100, 21, 'Активность', 'active', 0, 3, 1, 0, 60, '', ''),
(101, 21, 'Источник', 'source', 255, 2, 1, 0, 60, '', ''),
(102, 22, 'Лид', 'lidId', 0, 4, 1, 0, 10, 'Lids', ''),
(103, 22, 'Комментарий', 'text', 5000, 5, 1, 1, 20, '', ''),
(104, 19, 'Длительность урока (мин)', 'duration', 50, 8, 1, 1, 30, '', ''),
(105, 23, 'Название', 'title', 255, 2, 1, 1, 10, '', ''),
(106, 23, 'Цена', 'price', 0, 1, 1, 1, 20, '', ''),
(107, 23, 'Кол-во уроков', 'lessonsCount', 0, 1, 1, 1, 30, '', ''),
(108, 23, 'Видимость', 'access', 0, 4, 1, 0, 50, 'TarifAccess', ''),
(109, 23, 'Тип уроков', 'lessonsType', 0, 4, 1, 0, 50, 'LessonsTypes', '');

-- --------------------------------------------------------

--
-- Структура таблицы `Admin_Form_Modelname`
--

CREATE TABLE `Admin_Form_Modelname` (
  `id` int(11) NOT NULL,
  `model_name` varchar(150) NOT NULL,
  `model_title` varchar(255) NOT NULL,
  `model_sorting` int(11) NOT NULL,
  `indexing` int(11) NOT NULL DEFAULT '1'
) ENGINE=InnoDB DEFAULT CHARSET=utf8;

--
-- Дамп данных таблицы `Admin_Form_Modelname`
--

INSERT INTO `Admin_Form_Modelname` (`id`, `model_name`, `model_title`, `model_sorting`, `indexing`) VALUES
(1, 'Structure', 'Структуры', 10, 1),
(2, 'Structure_Item', 'Элементы структур', 20, 1),
(3, 'Constant', 'Константы', 30, 1),
(4, 'Constant_Dir', 'Дирректории констант', 40, 1),
(5, 'User', 'Пользователи', 50, 1),
(6, 'User_Group', 'Группы пользователей', 60, 1),
(7, 'Admin_Form_Modelname', '', 0, 0),
(10, 'Admin_Form', '', 0, 0),
(12, 'Property', 'Дополнительные свойства', 70, 1),
(13, 'Property_Dir', 'Директории доп. свойств', 80, 1),
(14, 'Property_List_Values', 'Списки доп. свойств', 90, 1),
(15, 'Admin_Menu', 'Админ. меню', 100, 1),
(16, 'Page_Template', 'Макет', 22, 1),
(17, 'Page_Template_Dir', 'Директория макетов', 23, 1),
(18, 'Payment', 'Платежи', 110, 1),
(19, 'Schedule_Group', 'Группа (расписание)', 120, 1),
(20, 'Schedule_Group_Assignment', 'Принадлежность клиента группе (рассписание)', 130, 1),
(21, 'Lid', 'Лиды', 140, 1),
(22, 'Lid_Comment', 'Комментарии к лидам', 160, 1),
(23, 'Payment_Tarif', 'Тарифы', 115, 1);

-- --------------------------------------------------------

--
-- Структура таблицы `Admin_Form_Type`
--

CREATE TABLE `Admin_Form_Type` (
  `id` int(11) NOT NULL,
  `title` varchar(50) NOT NULL,
  `input_type` varchar(50) NOT NULL
) ENGINE=InnoDB DEFAULT CHARSET=utf8;

--
-- Дамп данных таблицы `Admin_Form_Type`
--

INSERT INTO `Admin_Form_Type` (`id`, `title`, `input_type`) VALUES
(1, 'Число', 'number'),
(2, 'Строка', 'text'),
(3, 'Флажок', 'checkbox'),
(4, 'Список', ''),
(5, 'Текст', ''),
(6, 'Пароль', 'password'),
(7, 'Дата', 'date'),
(8, 'Время', 'time');

-- --------------------------------------------------------

--
-- Структура таблицы `Admin_Menu`
--

CREATE TABLE `Admin_Menu` (
  `id` int(11) NOT NULL,
  `title` varchar(255) NOT NULL,
  `model` varchar(255) NOT NULL,
  `parent_id` int(11) NOT NULL DEFAULT '0',
  `active` int(11) NOT NULL DEFAULT '1',
  `sorting` int(11) NOT NULL DEFAULT '0'
) ENGINE=InnoDB DEFAULT CHARSET=utf8;

--
-- Дамп данных таблицы `Admin_Menu`
--

INSERT INTO `Admin_Menu` (`id`, `title`, `model`, `parent_id`, `active`, `sorting`) VALUES
(2, 'Структуры', 'Structure', 7, 1, 10),
(3, 'Пользователи', 'User', 7, 1, 40),
(4, 'Константы', 'Constant', 7, 1, 30),
(5, 'Формы редактирования', 'Form', 7, 1, 50),
(6, 'Макеты', 'Template', 7, 1, 20),
(7, 'Система', 'Main', 0, 1, 10),
(8, 'Musicmethod', 'Musicmethod', 0, 1, 10),
(9, 'Платежи', 'Payment', 8, 1, 10),
(11, 'Лиды', 'Lid', 8, 1, 30),
(12, 'Сертификаты', 'Sertificates', 8, 0, 40),
(13, 'Дополнительные свойства', 'Property', 7, 1, 45),
(14, 'Списки', 'List', 7, 1, 42),
(15, 'Задачи', 'Task', 8, 0, 20),
(16, 'Журнал изменений', 'Log', 8, 0, 50),
(17, 'Пункты админ. меню', 'Menu', 7, 1, 60),
(18, 'Статистика', 'Statistic', 8, 0, 5),
(19, 'Группы', 'Groups', 8, 1, 35),
(20, 'Тарифы', 'Tarif', 8, 1, 15);

-- --------------------------------------------------------

--
-- Структура таблицы `Constant`
--

CREATE TABLE `Constant` (
  `id` int(11) NOT NULL,
  `title` varchar(150) NOT NULL,
  `name` varchar(150) NOT NULL,
  `description` text NOT NULL,
  `value` varchar(150) NOT NULL,
  `value_type` int(11) NOT NULL,
  `dir` int(11) NOT NULL DEFAULT '0',
  `active` int(11) NOT NULL DEFAULT '0',
  `sorting` int(11) NOT NULL DEFAULT '0'
) ENGINE=InnoDB DEFAULT CHARSET=utf8;

--
-- Дамп данных таблицы `Constant`
--

INSERT INTO `Constant` (`id`, `title`, `name`, `description`, `value`, `value_type`, `dir`, `active`, `sorting`) VALUES
(4, 'Пагинация в админ. разделе', 'SHOW_LIMIT', 'Лимит показов количества структур и объектов структур', '10', 1, 1, 1, 0),
(5, 'kjn', 'knmlkm', '', '2', 1, 4, 1, 0),
(6, 'Время запоминания пользователя', 'REMEMBER_USER_TIME', 'Значение константы указывает количество дней, на которое будет \"запомнен\" пользователь при авторизации. При отсутствии данной константы или её значения будет использовано время по умолчанию (10 дней).', '10', 1, 1, 1, 0);

-- --------------------------------------------------------

--
-- Структура таблицы `Constant_Dir`
--

CREATE TABLE `Constant_Dir` (
  `id` int(11) NOT NULL,
  `title` varchar(150) NOT NULL,
  `description` text,
  `parent_id` int(11) NOT NULL DEFAULT '0',
  `sorting` int(11) NOT NULL DEFAULT '0'
) ENGINE=InnoDB DEFAULT CHARSET=utf8;

--
-- Дамп данных таблицы `Constant_Dir`
--

INSERT INTO `Constant_Dir` (`id`, `title`, `description`, `parent_id`, `sorting`) VALUES
(1, 'Системные константы', 'Константы содержащие основные настройки системы', 0, 0),
(2, 'Тестовый раздел констант', 'Описание тестового раздела констант', 0, 0),
(3, 'Вложенность второго уровня', '123', 2, 0),
(4, 'Вложенность третьего уровня', '123', 3, 0);

-- --------------------------------------------------------

--
-- Структура таблицы `Constant_Type`
--

CREATE TABLE `Constant_Type` (
  `id` int(11) NOT NULL,
  `title` varchar(20) NOT NULL
) ENGINE=InnoDB DEFAULT CHARSET=utf8;

--
-- Дамп данных таблицы `Constant_Type`
--

INSERT INTO `Constant_Type` (`id`, `title`) VALUES
(1, 'int'),
(2, 'float'),
(3, 'bool');

-- --------------------------------------------------------

--
-- Структура таблицы `Lid`
--

CREATE TABLE `Lid` (
  `id` int(11) NOT NULL,
  `name` varchar(255) NOT NULL DEFAULT '',
  `surname` varchar(255) NOT NULL DEFAULT '',
  `number` varchar(255) NOT NULL DEFAULT '',
  `vk` varchar(255) NOT NULL DEFAULT '',
  `source` varchar(255) NOT NULL DEFAULT '',
  `control_date` date NOT NULL,
  `active` int(11) NOT NULL
) ENGINE=InnoDB DEFAULT CHARSET=utf8;

--
-- Дамп данных таблицы `Lid`
--

INSERT INTO `Lid` (`id`, `name`, `surname`, `number`, `vk`, `source`, `control_date`, `active`) VALUES
(1, '', '', '8952433007', '', '', '0000-00-00', 1),
(2, 'Диана', 'Адиятуллина', '9205828904', 'https://vk.com/id153654371', '', '0000-00-00', 1),
(3, '', '', '89805288059', '', '', '0000-00-00', 1),
(4, 'Екатерина ', 'денисова', '89606299236', 'https://vk.com/katyushka_denchik', '', '0000-00-00', 1),
(5, 'Фарида', 'Победимова', '89205543915', '', '', '0000-00-00', 1),
(6, 'Марина', '', '89155773341', '', '', '0000-00-00', 1),
(7, '', '', '89155286269', '', '', '0000-00-00', 1),
(8, 'яна', '', '89155741671', '', '', '0000-00-00', 1),
(9, 'primavera', '', '89511339371', 'https://vk.com/id4138438', '', '0000-00-00', 1),
(10, '', '', '89155625903', '', '', '0000-00-00', 1),
(11, '', '', '89524330073', '', '', '0000-00-00', 1),
(12, '', '', '89202045657', '', '', '0000-00-00', 1),
(13, '', '', '89202054165', '', '', '0000-00-00', 1),
(14, 'Никита', 'Усачев', '+79997002498', 'https://vk.com/kit_van', '', '0000-00-00', 1),
(15, 'Татьяна', 'Долщенко ', '89524379867', '', '', '0000-00-00', 1),
(16, 'Ярослава', 'Христенко?', '89092068385', '-', '', '0000-00-00', 1),
(17, 'Валерий', '', '89056795800', '', '', '0000-00-00', 1),
(18, 'Дина Борисовна', '', '89803762501', '', '', '0000-00-00', 1),
(19, 'Вячеслав', 'Флоринский', '89103603958', '', '', '0000-00-00', 1),
(20, 'Елена', '', '89611786258', '', '', '0000-00-00', 1),
(21, 'Анна', '', '89803728486', '', '', '0000-00-00', 1),
(22, '', '', '89205999998', '', '', '0000-00-00', 1),
(23, 'Денис', '', '89103653092', '', '', '0000-00-00', 1),
(24, 'Сергей', 'Дробот', '+79511393505', '', '', '0000-00-00', 1),
(25, 'Сона', '', '89205693248', '', '', '0000-00-00', 1),
(26, '', '', '89155614421', '', '', '0000-00-00', 1),
(27, '', '', '89192247996', '', '', '0000-00-00', 1),
(28, '', '', '89507196302', '', '', '0000-00-00', 1),
(29, '', '', '', 'https://vk.com/id31794633', '', '0000-00-00', 1),
(30, '', '', '89606356824', '', '', '0000-00-00', 1),
(31, 'Дмитрий', '', '89511351045', '', '', '0000-00-00', 1),
(32, 'Надежда Анатольевна', '', '89205683403, папа89205683404', '', '', '0000-00-00', 1),
(33, 'Александр', 'Черемисин', '', 'https://vk.com/cheremisinsasha', '', '0000-00-00', 1),
(34, 'Арина', '', '89290227731', '', '', '0000-00-00', 1),
(35, 'Говорил  непонятно', '', '89065680443', '', '', '0000-00-00', 1),
(36, 'Дарья', '', '89803845927', '', '', '0000-00-00', 1),
(37, 'Дарья', '', '89103201004', '', '', '0000-00-00', 1),
(38, 'Валерия ', 'Свищева', '8-888-888-88-88', 'vk.com/id133265736', 'друзья рассказали', '2018-04-30', 1);

-- --------------------------------------------------------

--
-- Структура таблицы `Lid_Comment`
--

CREATE TABLE `Lid_Comment` (
  `id` int(11) NOT NULL,
  `author_id` int(11) NOT NULL,
  `lid_id` int(11) NOT NULL,
  `text` text NOT NULL,
  `datetime` datetime NOT NULL
) ENGINE=InnoDB DEFAULT CHARSET=utf8;

--
-- Дамп данных таблицы `Lid_Comment`
--

INSERT INTO `Lid_Comment` (`id`, `author_id`, `lid_id`, `text`, `datetime`) VALUES
(1, 1, 1, 'нужно позвонить 05.04 и договориться о консультации в первой половине дня. фоно. ', '2018-04-25 00:58:06'),
(2, 1, 2, 'записана на урок', '2018-04-25 00:58:06'),
(3, 1, 3, 'заявка на гитару, мичурина будни с 12 до 14,выходные любое время, конс у макеева 13.04,был на конс - ждем ответ.\nне понравился договор.', '2018-04-25 00:58:06'),
(4, 1, 4, 'записана на урок', '2018-04-25 00:58:06'),
(5, 1, 5, 'заявка с сайта от 7.04,на вокал и фортепиано, не отвечает. отправили смс', '2018-04-25 00:58:06'),
(6, 1, 6, 'девочка семь лет, приедет 22.04, хотят фортепиано вокал, ходит в музыкальную школу.  мичурина.', '2018-04-25 00:58:06'),
(7, 1, 7, 'записана на урок', '2018-04-25 00:58:06'),
(8, 1, 8, 'нужно позвонить, заявка с сайта. не берет трубку. отправил смс', '2018-04-25 00:58:06'),
(9, 1, 9, 'Записана на урок', '2018-04-25 00:58:06'),
(10, 1, 10, 'Записана на урок', '2018-04-25 00:58:06'),
(11, 1, 11, '8.04 не смогла на конс прийти,перезаписали на 9.04,\n9.04 не пришла, сказала заболела. наберет сама\n', '2018-04-25 00:58:06'),
(12, 1, 12, '8.04 интересовался занятиями по фортепиано ', '2018-04-25 00:58:06'),
(13, 1, 13, 'Позвонить 17.04 после 17:00. предлагать к макееву. плавающий график. хочет сразу прийти на занятие. только мичурина. Записана на конс 20.04 Наталья', '2018-04-25 00:58:06'),
(14, 1, 14, 'записан в группу', '2018-04-25 00:58:06'),
(15, 1, 15, 'Записалась на занятия. Фамилия Долженко', '2018-04-25 00:58:06'),
(16, 1, 16, 'записалась', '2018-04-25 00:58:06'),
(17, 1, 17, 'записан\n', '2018-04-25 00:58:06'),
(18, 1, 18, 'групповые по гитаре,записана в группу и  на урок', '2018-04-25 00:58:06'),
(19, 1, 19, 'записался на скрипку', '2018-04-25 00:58:06'),
(20, 1, 20, 'Ребенок 6 лет, хотят на барабаны. мы отказались', '2018-04-25 00:58:06'),
(21, 1, 21, 'записалась', '2018-04-25 00:58:06'),
(22, 1, 22, 'Вокал \"Джаз\" 7 Лет. Мама Ольга. \nКонс 22.04 у Беляковой 12:00 Щорса', '2018-04-25 00:58:06'),
(23, 1, 23, 'Ударные. Записался на конс 17.04. провели один урок, сказал, через три недели возобновит\nпозвонить 04.05.18', '2018-04-25 00:58:06'),
(24, 1, 24, 'Мужик 30 лет. Написал на почту, надо перезвонить. Хочет на фоно и скрипку, определить пока только на фоно. Может только на выходных. конс 20.04 в 18:30 по фоно.\nЗаписался', '2018-04-25 00:58:06'),
(25, 1, 25, 'Женщина. Фоно. Щорса. Конс 27.04 в 18:00. заявка с информатора', '2018-04-25 00:58:06'),
(26, 1, 26, 'Дочь 10 лет. Щорса. болеют. Позвонить 1 мая, поставить конс', '2018-04-25 00:58:06'),
(27, 1, 27, 'девочка 14 лет,звонила мама,хотят на вокал или гитара на щорса,записала в вск в 14:30 на конс к беляковой и рымареву', '2018-04-25 00:58:06'),
(28, 1, 28, 'мальчик 6 лет,  конс по фоно 23.04 в 18:30', '2018-04-25 00:58:06'),
(29, 1, 29, 'вокал,на щорса, написал вк, записала на конс к беляковой 23.04 в 15.30', '2018-04-25 00:58:06'),
(30, 1, 30, 'ребенок 13 лет, гитара на щорса,заниматься могут пн,ср,пт,вс. после 15:00записла на конс к жуйкову 23.04 в 18,00', '2018-04-25 00:58:06'),
(31, 1, 31, 'Пришел сам в студию, нужно определить к макееву. сказал перезвонит сам', '2018-04-25 00:58:06'),
(32, 1, 32, 'отказались. ', '2018-04-25 00:58:06'),
(33, 1, 33, 'гитара.барабаны. групповое хочет', '2018-04-25 00:58:06'),
(34, 1, 34, 'Вокал щорса. Завтра позвонить после 15:00 договорится о встречи ', '2018-04-25 00:58:06'),
(35, 1, 35, 'поставил конс на 24.04.18 на 18:00 к карине. мичурина', '2018-04-25 00:58:06'),
(36, 1, 36, 'Записалась на конс. 29.04 Романович. 13:00. В будние после 16:00. вск любое время. ', '2018-04-25 00:58:06'),
(37, 1, 37, 'оператор отвечает. неправильно набран номер. информатор в смс', '2018-04-25 00:58:06'),
(38, 1, 38, 'ведется переписка в Vk сообщения сообщества', '2018-04-25 00:58:06'),
(44, 1, 38, 'Тестовый коммент 1', '2018-04-28 13:10:22'),
(45, 1, 38, 'Тестовый коммент 2', '2018-04-28 13:10:28');

-- --------------------------------------------------------

--
-- Структура таблицы `Page_Menu`
--

CREATE TABLE `Page_Menu` (
  `id` int(11) NOT NULL,
  `title` varchar(255) NOT NULL
) ENGINE=InnoDB DEFAULT CHARSET=utf8;

--
-- Дамп данных таблицы `Page_Menu`
--

INSERT INTO `Page_Menu` (`id`, `title`) VALUES
(1, 'Главное меню Musicmethod');

-- --------------------------------------------------------

--
-- Структура таблицы `Page_Template`
--

CREATE TABLE `Page_Template` (
  `id` int(11) NOT NULL,
  `title` varchar(255) NOT NULL,
  `parent_id` int(11) NOT NULL DEFAULT '0',
  `dir` int(11) NOT NULL DEFAULT '0'
) ENGINE=InnoDB DEFAULT CHARSET=utf8;

--
-- Дамп данных таблицы `Page_Template`
--

INSERT INTO `Page_Template` (`id`, `title`, `parent_id`, `dir`) VALUES
(1, 'Авторизация ', 0, 1),
(3, 'Административный раздел', 0, 0),
(4, 'Главный макет musadm', 0, 1),
(5, 'Пустой макет', 0, 0);

-- --------------------------------------------------------

--
-- Структура таблицы `Page_Template_Dir`
--

CREATE TABLE `Page_Template_Dir` (
  `id` int(11) NOT NULL,
  `title` varchar(255) NOT NULL,
  `description` text NOT NULL,
  `dir` int(11) NOT NULL DEFAULT '0'
) ENGINE=InnoDB DEFAULT CHARSET=utf8;

--
-- Дамп данных таблицы `Page_Template_Dir`
--

INSERT INTO `Page_Template_Dir` (`id`, `title`, `description`, `dir`) VALUES
(1, 'Musicmethod', '', 0);

-- --------------------------------------------------------

--
-- Структура таблицы `Payment`
--

CREATE TABLE `Payment` (
  `id` int(11) NOT NULL,
  `user` int(11) NOT NULL,
  `type` int(11) NOT NULL,
  `datetime` date NOT NULL,
  `value` int(11) NOT NULL,
  `description` text
) ENGINE=InnoDB DEFAULT CHARSET=utf8;

--
-- Дамп данных таблицы `Payment`
--

INSERT INTO `Payment` (`id`, `user`, `type`, `datetime`, `value`, `description`) VALUES
(1, 15, 1, '2017-12-27', 3000, ''),
(2, 15, 0, '2017-12-27', 3000, 'Оплата индивидуального пакета'),
(11, 15, 1, '2018-02-15', 3000, 'сегодня первый урок по новому абонементу'),
(12, 15, 0, '2018-02-15', 3000, 'Оплата индивидуального пакета'),
(22, 16, 1, '2018-01-08', 1600, ''),
(23, 16, 0, '2018-01-08', 1600, 'Оплата индивидуального пакета'),
(24, 16, 0, '2018-01-08', 1600, 'Оплата индивидуального пакета'),
(30, 16, 1, '2018-02-05', 1600, ''),
(34, 16, 1, '2018-02-26', 3000, 'на 25 было 0 занятий'),
(35, 16, 0, '2018-02-26', 3000, 'Оплата индивидуального пакета'),
(37, 16, 1, '2018-03-04', 200, 'компенсация за позднюю отмену занятия Студией 01.03'),
(45, 16, 1, '2018-04-02', 3000, 'на 1.02 было 0'),
(47, 16, 0, '2018-04-03', 3000, 'Оплата индивидуального пакета'),
(61, 17, 1, '2018-01-30', 3000, ''),
(62, 17, 0, '2018-01-30', 3000, 'Оплата индивидуального пакета'),
(72, 17, 1, '2018-03-04', 3000, 'первый урок 05 марта'),
(74, 17, 0, '2018-03-05', 3000, 'Оплата индивидуального пакета'),
(84, 17, 1, '2018-04-11', 3200, 'на 10.04 в остатке -1'),
(86, 17, 0, '2018-04-11', 3200, 'Оплата индивидуального пакета'),
(89, 18, 1, '2018-01-10', 300, ''),
(90, 18, 0, '2018-01-10', 300, 'Оплата индивидуального пакета'),
(91, 18, 1, '2018-01-15', 300, ''),
(94, 18, 1, '2018-01-17', 300, ''),
(95, 18, 0, '2018-01-18', 300, 'Оплата индивидуального пакета'),
(96, 18, 0, '2018-01-18', 300, 'Оплата индивидуального пакета'),
(98, 18, 1, '2018-01-22', 300, ''),
(100, 18, 1, '2018-01-24', 300, ''),
(101, 18, 0, '2018-01-24', 300, 'Оплата индивидуального пакета'),
(102, 18, 0, '2018-01-24', 300, 'Оплата индивидуального пакета'),
(104, 18, 1, '2018-01-29', 1000, ''),
(105, 18, 0, '2018-01-29', 300, 'Оплата индивидуального пакета'),
(107, 18, 0, '2018-02-01', 300, 'Оплата индивидуального пакета'),
(109, 18, 0, '2018-02-05', 300, 'Оплата индивидуального пакета'),
(110, 18, 1, '2018-02-05', 600, ''),
(111, 18, 0, '2018-02-05', 700, 'Оплата индивидуального пакета'),
(114, 18, 1, '2018-02-12', 600, ''),
(115, 18, 0, '2018-02-12', 300, 'Оплата индивидуального пакета'),
(117, 18, 1, '2018-02-14', 1000, 'было 300 и по нулям'),
(118, 18, 0, '2018-02-14', 300, 'Оплата индивидуального пакета'),
(120, 18, 0, '2018-02-19', 300, 'Оплата индивидуального пакета'),
(122, 18, 0, '2018-02-22', 300, 'Оплата индивидуального пакета'),
(124, 18, 1, '2018-02-26', 1000, 'на 26 число -1 занятие'),
(125, 18, 0, '2018-02-27', 300, 'Оплата индивидуального пакета'),
(127, 18, 0, '2018-02-28', 500, 'Оплата индивидуального пакета'),
(128, 18, 0, '2018-02-28', 400, 'Оплата индивидуального пакета'),
(131, 18, 1, '2018-03-05', 400, 'на балансе было 200, поэтому это за сегодняшний урок довнесла и + за следующий 300'),
(132, 18, 0, '2018-03-05', 300, 'Оплата индивидуального пакета'),
(134, 18, 0, '2018-03-08', 300, 'Оплата индивидуального пакета'),
(136, 18, 1, '2018-03-12', 600, 'за два урока, один прошел сегодня'),
(137, 18, 0, '2018-03-12', 300, 'Оплата индивидуального пакета'),
(138, 18, 0, '2018-03-12', 300, 'Оплата индивидуального пакета'),
(142, 18, 1, '2018-03-21', 1000, 'за 12 и 21 марта. в остатке 400р'),
(143, 18, 0, '2018-03-21', 300, 'Оплата индивидуального пакета'),
(144, 18, 0, '2018-03-21', 300, 'Оплата индивидуального пакета'),
(146, 18, 0, '2018-03-27', 300, 'Оплата индивидуального пакета'),
(148, 18, 1, '2018-03-29', 200, 'за занятие 28 марта'),
(149, 18, 0, '2018-03-29', 300, 'Оплата индивидуального пакета'),
(151, 18, 1, '2018-04-04', 900, '600абон.плат+300 за 04.04'),
(152, 18, 0, '2018-04-05', 900, 'Оплата индивидуального пакета'),
(154, 18, 1, '2018-04-09', 300, ''),
(155, 18, 0, '2018-04-09', 300, 'Оплата индивидуального пакета'),
(157, 18, 1, '2018-04-11', 300, ''),
(158, 18, 0, '2018-04-11', 300, 'Оплата индивидуального пакета'),
(160, 18, 1, '2018-04-16', 600, ''),
(161, 18, 0, '2018-04-17', 300, 'Оплата индивидуального пакета'),
(162, 18, 0, '2018-04-18', 300, 'Оплата индивидуального пакета'),
(164, 19, 1, '2018-01-07', 300, ''),
(165, 19, 0, '2018-01-07', 300, 'Оплата индивидуального пакета'),
(167, 19, 1, '2018-01-14', 450, ''),
(172, 19, 1, '2018-01-24', 450, ''),
(174, 19, 1, '2018-01-28', 300, ''),
(175, 19, 1, '2018-01-31', 300, ''),
(178, 19, 0, '2018-02-06', 1500, 'Оплата индивидуального пакета'),
(191, 19, 1, '2018-03-18', 300, 'за сегодня'),
(193, 19, 0, '2018-03-19', 300, 'Оплата индивидуального пакета'),
(194, 19, 1, '2018-03-25', 300, ''),
(195, 19, 0, '2018-03-25', 300, 'Оплата индивидуального пакета'),
(197, 19, 1, '2018-04-08', 300, ''),
(199, 19, 0, '2018-04-08', 300, 'Оплата индивидуального пакета'),
(202, 19, 1, '2018-04-22', 450, '300+150 за пол урока'),
(203, 19, 0, '2018-04-22', 300, 'Оплата индивидуального пакета'),
(204, 19, 1, '2018-04-22', 50, 'корректировка баланса'),
(205, 19, 0, '2018-04-22', 200, 'Оплата индивидуального пакета'),
(218, 22, 1, '2017-12-29', 3000, ''),
(219, 22, 0, '2017-12-31', 3000, 'Оплата индивидуального пакета'),
(228, 22, 1, '2018-03-04', 3000, 'отсчет с 05.03'),
(229, 22, 0, '2018-03-04', 3000, 'Оплата индивидуального пакета'),
(238, 22, 1, '2018-03-29', 3000, 'на 28.03 было 0'),
(239, 22, 0, '2018-03-29', 3000, 'Оплата индивидуального пакета'),
(244, 23, 1, '2017-12-28', 1400, ''),
(245, 23, 0, '2017-12-28', 1400, 'Оплата индивидуального пакета'),
(251, 23, 1, '2018-02-09', 1400, ''),
(252, 23, 0, '2018-02-09', 1400, 'Оплата индивидуального пакета'),
(257, 23, 1, '2018-03-30', 1400, 'сегодня первый урок по новому абонементу'),
(258, 23, 0, '2018-03-30', 1400, 'Оплата индивидуального пакета'),
(272, 24, 1, '2018-02-05', 2999, ''),
(273, 24, 0, '2018-02-05', 3000, 'Оплата индивидуального пакета'),
(283, 24, 1, '2018-03-07', 3000, 'на 08.03 проведено 5,5 часов по текущему абонементу'),
(284, 24, 0, '2018-03-07', 3000, 'Оплата индивидуального пакета'),
(289, 24, 1, '2018-03-26', 3000, 'на 25.03 в остатке -1.5'),
(291, 24, 0, '2018-03-26', 3000, 'Оплата индивидуального пакета'),
(301, 25, 1, '2018-01-26', 2000, ''),
(302, 25, 0, '2018-01-27', 2000, 'Оплата индивидуального пакета'),
(308, 25, 1, '2018-03-08', 2000, 'на момент оплаты было по нулям'),
(309, 25, 0, '2018-03-08', 2000, 'Оплата индивидуального пакета'),
(317, 26, 1, '2018-01-17', 2499, ''),
(319, 26, 0, '2018-01-18', 2500, 'Оплата индивидуального пакета'),
(329, 26, 1, '2018-02-21', 2500, 'было -3.5'),
(330, 26, 0, '2018-02-21', 2500, 'Оплата индивидуального пакета'),
(335, 26, 1, '2018-03-12', 2500, 'на 11.03 на балансе -0,5'),
(337, 26, 0, '2018-03-12', 2500, 'Оплата индивидуального пакета'),
(353, 27, 1, '2018-01-19', 2500, 'за 7 уроков'),
(355, 27, 0, '2018-01-20', 2500, 'Оплата индивидуального пакета'),
(361, 27, 1, '2018-02-08', 2500, ''),
(362, 27, 0, '2018-02-08', 2500, 'Оплата индивидуального пакета'),
(367, 27, 1, '2018-02-23', 200, 'компенсация за позднюю отмену занятия Студией'),
(373, 27, 0, '2018-03-15', 200, 'Оплата индивидуального пакета'),
(374, 27, 1, '2018-03-16', 2500, 'на 15.03 в остатке -1'),
(375, 27, 0, '2018-03-16', 2500, 'Оплата индивидуального пакета'),
(383, 27, 1, '2018-04-13', 2500, 'на 12.04 -1 занятие'),
(384, 27, 0, '2018-04-13', 2500, 'Оплата индивидуального пакета'),
(395, 28, 1, '2018-01-29', 3000, ''),
(396, 28, 0, '2018-01-29', 3000, 'Оплата индивидуального пакета'),
(405, 28, 1, '2018-03-04', 200, 'переплата'),
(406, 28, 1, '2018-03-05', 3000, ''),
(407, 28, 0, '2018-03-05', 2800, 'Оплата индивидуального пакета'),
(408, 28, 0, '2018-03-05', 350, 'Оплата индивидуального пакета'),
(418, 28, 1, '2018-04-04', 2800, 'на 03.04 -1.5 занятия'),
(419, 28, 0, '2018-04-04', 2800, 'Оплата индивидуального пакета'),
(433, 29, 1, '2018-01-31', 3000, ''),
(435, 29, 0, '2018-02-02', 2800, 'Оплата индивидуального пакета'),
(443, 29, 1, '2018-03-02', 2600, 'сегодня седьмое занятие по текущему абонементу'),
(444, 29, 0, '2018-03-02', 2800, 'Оплата индивидуального пакета'),
(451, 29, 1, '2018-03-30', 200, ''),
(452, 29, 0, '2018-03-30', 200, 'Оплата индивидуального пакета'),
(453, 29, 1, '2018-04-04', 200, ''),
(454, 29, 1, '2018-04-04', 3150, 'за 9 занятий, сегодня 4-е проведено'),
(455, 29, 0, '2018-04-04', 200, 'Оплата индивидуального пакета'),
(456, 29, 0, '2018-04-04', 2800, 'Оплата индивидуального пакета'),
(457, 29, 0, '2018-04-04', 350, 'Оплата индивидуального пакета'),
(464, 30, 1, '2018-01-14', 900, ''),
(465, 30, 0, '2018-01-20', 900, 'Оплата индивидуального пакета'),
(470, 30, 1, '2018-02-17', 1200, ''),
(471, 30, 0, '2018-02-17', 900, 'Оплата индивидуального пакета'),
(472, 30, 0, '2018-02-17', 300, 'Оплата индивидуального пакета'),
(477, 30, 1, '2018-03-17', 1200, 'расчет до конца марта'),
(478, 30, 0, '2018-03-17', 900, 'Оплата индивидуального пакета'),
(479, 30, 0, '2018-03-17', 300, 'Оплата индивидуального пакета'),
(485, 31, 1, '2018-01-14', 2000, ''),
(487, 31, 0, '2018-01-14', 2000, 'Оплата индивидуального пакета'),
(497, 32, 1, '2018-01-21', 2000, ''),
(498, 32, 0, '2018-01-21', 2000, 'Оплата индивидуального пакета'),
(504, 32, 1, '2018-03-06', 1999, 'на 06.03 все по нулям'),
(505, 32, 0, '2018-03-07', 2000, 'Оплата индивидуального пакета'),
(513, 33, 1, '2018-01-12', 2000, ''),
(514, 33, 0, '2018-01-12', 2000, 'Оплата индивидуального пакета'),
(523, 33, 1, '2018-03-09', 2000, 'на 08.03 на балансе -1'),
(524, 33, 0, '2018-03-09', 2000, 'Оплата индивидуального пакета'),
(526, 33, 1, '2018-03-09', 2000, ''),
(533, 33, 1, '2018-04-13', 1800, 'на 13.04 -1,5 занятия'),
(534, 33, 0, '2018-04-13', 1800, 'Оплата индивидуального пакета'),
(541, 34, 1, '2018-02-15', 2000, 'на балансе перед оплатой было -0,5'),
(542, 34, 0, '2018-02-15', 2000, 'Оплата индивидуального пакета'),
(547, 34, 1, '2018-03-22', 2000, 'на 21.03 в остатке 1 занятие'),
(548, 34, 0, '2018-03-23', 2000, 'Оплата индивидуального пакета'),
(555, 35, 1, '2018-01-20', 3000, ''),
(556, 35, 0, '2018-01-20', 3000, 'Оплата индивидуального пакета'),
(563, 35, 1, '2018-02-10', 3000, 'одно занятие в аванс было'),
(564, 35, 0, '2018-02-10', 3000, 'Оплата индивидуального пакета'),
(572, 35, 1, '2018-03-10', 3000, 'на 09.03 было по нулям'),
(574, 35, 0, '2018-03-10', 3000, 'Оплата индивидуального пакета'),
(582, 35, 1, '2018-04-07', 3000, '7.04 первое занятие по  новому  абонементу(200 должна донести)'),
(584, 35, 0, '2018-04-10', 2800, 'Оплата индивидуального пакета'),
(585, 35, 1, '2018-04-12', 200, 'доплата за обонемент'),
(586, 35, 0, '2018-04-12', 400, 'Оплата индивидуального пакета'),
(592, 36, 1, '2018-01-16', 800, ''),
(593, 36, 0, '2018-01-16', 800, 'Оплата группового пакета'),
(597, 36, 1, '2018-01-25', 700, ''),
(599, 36, 0, '2018-01-27', 350, 'Оплата индивидуального пакета'),
(600, 36, 0, '2018-01-27', 350, 'Оплата индивидуального пакета'),
(602, 36, 1, '2018-02-01', 1400, ''),
(604, 36, 0, '2018-02-02', 1400, 'Оплата индивидуального пакета'),
(606, 36, 1, '2018-02-06', 800, ''),
(607, 36, 0, '2018-02-06', 800, 'Оплата группового пакета'),
(615, 36, 1, '2018-03-04', 800, 'на групповые'),
(616, 36, 0, '2018-03-04', 800, 'Оплата группового пакета'),
(617, 36, 1, '2018-03-06', 1500, 'на 06,03 -1 индивидуальное, на 05,03 +4 груповых'),
(619, 36, 0, '2018-03-06', 1400, 'Оплата индивидуального пакета'),
(626, 36, 1, '2018-04-03', 1000, 'на 02,04 было по нулям'),
(627, 36, 0, '2018-04-03', 400, 'Оплата группового пакета'),
(629, 36, 1, '2018-04-10', 750, 'на 9.04 в остатке 0 индив. 1 групповое'),
(630, 36, 0, '2018-04-10', 400, 'Оплата группового пакета'),
(631, 36, 0, '2018-04-10', 350, 'Оплата индивидуального пакета'),
(632, 36, 0, '2018-04-10', 350, 'Оплата индивидуального пакета'),
(633, 36, 0, '2018-04-10', 350, 'Оплата индивидуального пакета'),
(641, 38, 1, '2018-01-08', 3000, ''),
(642, 38, 0, '2018-01-08', 3000, 'Оплата индивидуального пакета'),
(653, 38, 1, '2018-02-21', 3000, '5 февраля должна была быть эта платежка'),
(654, 38, 0, '2018-02-21', 3000, 'Оплата индивидуального пакета'),
(664, 38, 1, '2018-03-31', 3000, 'на 31.03 -1,5 занятия'),
(665, 38, 0, '2018-03-31', 3000, 'Оплата индивидуального пакета'),
(678, 39, 1, '2018-01-21', 2500, 'за 7 уроков'),
(679, 39, 0, '2018-01-21', 2500, 'Оплата индивидуального пакета'),
(690, 39, 1, '2018-02-18', 3100, 'за 9 уроков+абонплата'),
(691, 39, 0, '2018-02-18', 700, 'Оплата индивидуального пакета'),
(692, 39, 0, '2018-02-18', 2400, 'Оплата индивидуального пакета'),
(697, 39, 1, '2018-03-05', 1000, 'на 04,03 2 занятия в остатке'),
(698, 39, 0, '2018-03-05', 700, 'Оплата индивидуального пакета'),
(699, 39, 0, '2018-03-05', 300, 'Оплата индивидуального пакета'),
(707, 39, 1, '2018-03-28', 1050, 'оплата долга в 3,5 зан. на 29,03 по нулям'),
(708, 39, 0, '2018-03-28', 900, 'Оплата индивидуального пакета'),
(709, 39, 1, '2018-03-29', 50, ''),
(710, 39, 0, '2018-03-29', 200, 'Оплата индивидуального пакета'),
(720, 41, 1, '2018-02-05', 2000, ''),
(722, 41, 0, '2018-02-06', 2000, 'Оплата индивидуального пакета'),
(728, 41, 1, '2018-03-05', 1999, '-1 на 05,03'),
(729, 41, 0, '2018-03-05', 2000, 'Оплата индивидуального пакета'),
(738, 41, 1, '2018-04-11', 200, 'оплата долга в 0,5 урока'),
(740, 41, 0, '2018-04-12', 200, 'Оплата индивидуального пакета'),
(741, 43, 1, '2018-01-08', 350, ''),
(743, 43, 1, '2018-01-09', 1850, ''),
(744, 43, 0, '2018-01-09', 1400, 'Оплата индивидуального пакета'),
(745, 43, 0, '2018-01-09', 800, 'Оплата группового пакета'),
(754, 43, 1, '2018-02-05', 550, ''),
(756, 43, 0, '2018-02-11', 350, 'Оплата индивидуального пакета'),
(757, 43, 1, '2018-02-12', 2200, ''),
(759, 43, 0, '2018-02-12', 1600, 'Оплата индивидуального пакета'),
(760, 43, 0, '2018-02-12', 800, 'Оплата группового пакета'),
(768, 43, 1, '2018-03-06', 200, 'в счет переплаты\"за место 1400 купили за 1600\"'),
(770, 43, 1, '2018-03-12', 2000, 'на 11.03 было -1 индив -1 групповое'),
(771, 43, 0, '2018-03-12', 1400, 'Оплата индивидуального пакета'),
(772, 43, 0, '2018-03-12', 800, 'Оплата группового пакета'),
(783, 43, 1, '2018-04-10', 1000, 'на 9.04 - 1 груповое занятие'),
(785, 43, 0, '2018-04-10', 1000, 'Оплата группового пакета'),
(793, 45, 1, '2018-01-16', 3000, ''),
(794, 45, 0, '2018-01-16', 3000, 'Оплата индивидуального пакета'),
(805, 45, 1, '2018-02-27', 2999, 'на 27 фев было - 1.5 занятия'),
(806, 45, 0, '2018-02-27', 3000, 'Оплата индивидуального пакета'),
(817, 45, 1, '2018-04-06', 3000, '06.04 сегодня первое занятие по новому абонементу, 200р донесет '),
(819, 45, 0, '2018-04-10', 2800, 'Оплата индивидуального пакета'),
(823, 45, 0, '2018-04-18', 200, 'Оплата индивидуального пакета'),
(833, 47, 1, '2018-02-12', 3000, ''),
(834, 47, 0, '2018-02-12', 3000, 'Оплата индивидуального пакета'),
(843, 47, 1, '2018-03-08', 3000, '08.03 на балансе -2'),
(844, 47, 0, '2018-03-08', 3000, 'Оплата индивидуального пакета'),
(854, 47, 1, '2018-03-27', 200, 'корректировка баланса'),
(855, 47, 0, '2018-03-27', 200, 'Оплата индивидуального пакета'),
(858, 47, 1, '2018-04-02', 3000, 'на 02.04 в остатке - 3 занятия'),
(859, 47, 0, '2018-04-02', 3000, 'Оплата индивидуального пакета'),
(866, 48, 1, '2018-01-10', 1600, ''),
(867, 48, 0, '2018-01-10', 1600, 'Оплата индивидуального пакета'),
(880, 48, 1, '2018-02-01', 4000, ''),
(887, 48, 0, '2018-02-13', 2000, 'Оплата индивидуального пакета'),
(888, 48, 0, '2018-02-13', 2000, 'Оплата индивидуального пакета'),
(896, 48, 1, '2018-03-02', 4000, '12 уроков, с 05 марта отсчет '),
(897, 48, 0, '2018-03-02', 3100, 'Оплата индивидуального пакета'),
(898, 48, 0, '2018-03-02', 900, 'Оплата индивидуального пакета'),
(916, 48, 1, '2018-03-30', 201, 'корректировка ошибочного списания 2,5 часов'),
(917, 48, 0, '2018-03-30', 200, 'Оплата индивидуального пакета'),
(919, 48, 1, '2018-04-02', 4600, 'на 13 занятий, с 04.04 '),
(921, 48, 0, '2018-04-04', 1400, 'Оплата индивидуального пакета'),
(922, 48, 0, '2018-04-04', 1400, 'Оплата индивидуального пакета'),
(923, 48, 0, '2018-04-04', 1400, 'Оплата индивидуального пакета'),
(924, 48, 0, '2018-04-04', 350, 'Оплата индивидуального пакета'),
(935, 49, 1, '2018-01-11', 3000, ''),
(936, 49, 0, '2018-01-11', 3000, 'Оплата индивидуального пакета'),
(946, 49, 1, '2018-02-01', 3000, ''),
(947, 49, 0, '2018-02-01', 3000, 'Оплата индивидуального пакета'),
(958, 49, 1, '2018-02-25', 3000, 'на 24.02 в остатке -1'),
(959, 49, 0, '2018-02-25', 3000, 'Оплата индивидуального пакета'),
(969, 49, 1, '2018-03-25', 3000, 'на 24.03 в остатке -2'),
(970, 49, 0, '2018-03-25', 3000, 'Оплата индивидуального пакета'),
(978, 49, 1, '2018-04-09', 3200, 'на 9.04 было -2 индив занятия'),
(979, 49, 0, '2018-04-10', 3200, 'Оплата индивидуального пакета'),
(984, 50, 1, '2017-12-28', 2000, ''),
(985, 50, 0, '2017-12-28', 2000, 'Оплата индивидуального пакета'),
(993, 50, 1, '2018-02-14', 2000, ''),
(994, 50, 0, '2018-02-14', 2000, 'Оплата индивидуального пакета'),
(1013, 52, 1, '2018-02-15', 5000, ''),
(1016, 52, 0, '2018-02-24', 4999, 'Оплата индивидуального пакета'),
(1019, 52, 1, '2018-02-26', 200, 'компенсация за ошибочно списанные 0,5 урока'),
(1024, 52, 0, '2018-03-15', 200, 'Оплата индивидуального пакета'),
(1028, 52, 1, '2018-04-05', 4050, 'внесла за март за себя и за сестру за 11 занятий,'),
(1029, 52, 0, '2018-04-06', 700, 'Оплата индивидуального пакета'),
(1030, 52, 0, '2018-04-06', 900, 'Оплата индивидуального пакета'),
(1031, 52, 0, '2018-04-06', 300, 'Оплата индивидуального пакета'),
(1032, 52, 0, '2018-04-06', 300, 'Оплата индивидуального пакета'),
(1033, 52, 0, '2018-04-06', 350, 'Оплата индивидуального пакета'),
(1039, 52, 1, '2018-04-22', 2800, 'на 23.04 -3 занятия'),
(1040, 52, 0, '2018-04-22', 2800, 'Оплата индивидуального пакета'),
(1047, 53, 1, '2018-01-25', 2000, ''),
(1048, 53, 0, '2018-01-25', 2000, 'Оплата индивидуального пакета'),
(1052, 53, 1, '2018-02-01', 2000, ''),
(1054, 53, 0, '2018-02-02', 2000, 'Оплата индивидуального пакета'),
(1061, 53, 1, '2018-02-27', 2000, 'было -0,5'),
(1062, 53, 0, '2018-02-28', 2000, 'Оплата индивидуального пакета'),
(1074, 54, 1, '2018-01-28', 3000, ''),
(1075, 54, 0, '2018-01-28', 3000, 'Оплата индивидуального пакета'),
(1086, 54, 1, '2018-03-21', 3000, 'на 20.03 в остатке было -0,5'),
(1087, 54, 0, '2018-03-21', 3000, 'Оплата индивидуального пакета'),
(1096, 55, 1, '2018-01-14', 1600, ''),
(1097, 55, 0, '2018-01-14', 1600, 'Оплата индивидуального пакета'),
(1103, 55, 1, '2018-02-28', 1600, 'на 28.02 в остатке -1'),
(1104, 55, 0, '2018-02-28', 1600, 'Оплата индивидуального пакета'),
(1110, 55, 1, '2018-04-10', 1600, 'на 10.04 на остатке -2 индив.'),
(1111, 55, 0, '2018-04-10', 1600, 'Оплата индивидуального пакета'),
(1117, 56, 1, '2018-01-17', 1800, ''),
(1118, 56, 0, '2018-01-20', 1800, 'Оплата индивидуального пакета'),
(1123, 56, 1, '2018-02-02', 1000, ''),
(1126, 56, 1, '2018-02-09', 200, ''),
(1130, 56, 0, '2018-02-15', 900, 'Оплата индивидуального пакета'),
(1131, 56, 0, '2018-02-15', 300, 'Оплата индивидуального пакета'),
(1138, 56, 1, '2018-03-04', 2400, 'за март'),
(1139, 56, 0, '2018-03-04', 2400, 'Оплата индивидуального пакета'),
(1149, 56, 1, '2018-04-18', 2300, 'перенесены с баланса лыловой анны'),
(1150, 56, 0, '2018-04-18', 200, 'Оплата индивидуального пакета'),
(1151, 56, 0, '2018-04-18', 1400, 'Оплата индивидуального пакета'),
(1152, 56, 0, '2018-04-18', 350, 'Оплата индивидуального пакета'),
(1153, 56, 0, '2018-04-18', 350, 'Оплата индивидуального пакета'),
(1163, 57, 1, '2018-02-18', 2000, ''),
(1164, 57, 0, '2018-02-18', 2000, 'Оплата индивидуального пакета'),
(1169, 57, 1, '2018-04-08', 1800, 'на 7.04 +1 занятие'),
(1170, 57, 0, '2018-04-08', 1800, 'Оплата индивидуального пакета'),
(1180, 58, 1, '2018-01-14', 3100, ''),
(1184, 58, 0, '2018-01-20', 700, 'Оплата индивидуального пакета'),
(1185, 58, 0, '2018-01-20', 2400, 'Оплата индивидуального пакета'),
(1195, 58, 1, '2018-02-04', 3000, ''),
(1199, 58, 1, '2018-02-09', 1800, ''),
(1202, 58, 1, '2018-02-14', 1000, ''),
(1203, 58, 0, '2018-02-15', 2900, 'Оплата индивидуального пакета'),
(1204, 58, 0, '2018-02-15', 2900, 'Оплата индивидуального пакета'),
(1207, 58, 1, '2018-02-21', 200, '21,02 Ая заболела отмена урока'),
(1213, 58, 1, '2018-03-04', 7000, 'за себя и алису до конца месяца, 21 урок с 05.03'),
(1214, 58, 0, '2018-03-04', 700, 'Оплата индивидуального пакета'),
(1215, 58, 0, '2018-03-04', 1800, 'Оплата индивидуального пакета'),
(1216, 58, 0, '2018-03-04', 1800, 'Оплата индивидуального пакета'),
(1217, 58, 0, '2018-03-04', 300, 'Оплата индивидуального пакета'),
(1234, 58, 1, '2018-04-08', 6300, 'на 7.04 анна 0,алиса +1'),
(1238, 58, 0, '2018-04-18', 2800, 'Оплата индивидуального пакета'),
(1239, 58, 0, '2018-04-18', 1400, 'Оплата индивидуального пакета'),
(1245, 59, 1, '2018-01-21', 3000, ''),
(1247, 59, 0, '2018-01-21', 3000, 'Оплата индивидуального пакета'),
(1258, 60, 1, '2018-01-14', 1800, ''),
(1260, 60, 0, '2018-01-20', 1800, 'Оплата индивидуального пакета'),
(1269, 60, 1, '2018-02-17', 2400, ''),
(1270, 60, 0, '2018-02-17', 2400, 'Оплата индивидуального пакета'),
(1278, 60, 1, '2018-03-17', 2100, 'расчет до конца марта'),
(1279, 60, 0, '2018-03-17', 1800, 'Оплата индивидуального пакета'),
(1280, 60, 0, '2018-03-17', 300, 'Оплата индивидуального пакета'),
(1295, 61, 1, '2018-01-14', 2000, ''),
(1297, 61, 0, '2018-01-14', 2000, 'Оплата индивидуального пакета'),
(1304, 61, 1, '2018-03-07', 2000, 'на остатке 0'),
(1305, 61, 0, '2018-03-07', 2000, 'Оплата индивидуального пакета'),
(1309, 61, 1, '2018-04-13', 1800, 'на 13.04 +2 занятия '),
(1310, 61, 0, '2018-04-13', 1800, 'Оплата индивидуального пакета'),
(1322, 63, 1, '2018-01-21', 3000, ''),
(1323, 63, 0, '2018-01-21', 3000, 'Оплата индивидуального пакета'),
(1335, 63, 1, '2018-04-15', 3200, 'отсчет с сегодняшнего дня'),
(1336, 63, 0, '2018-04-15', 3200, 'Оплата индивидуального пакета'),
(1339, 64, 1, '2018-01-18', 1000, ''),
(1340, 64, 1, '2018-01-23', 1000, ''),
(1341, 64, 0, '2018-01-23', 2000, 'Оплата индивидуального пакета'),
(1347, 64, 1, '2018-03-28', 200, ''),
(1348, 64, 0, '2018-03-28', 200, 'Оплата индивидуального пакета'),
(1349, 64, 1, '2018-03-29', 2000, 'сегодня первый урок по новому абонементу'),
(1351, 64, 0, '2018-03-29', 2000, 'Оплата индивидуального пакета'),
(1360, 65, 1, '2018-01-31', 2000, ''),
(1361, 65, 0, '2018-01-31', 2000, 'Оплата индивидуального пакета'),
(1366, 65, 1, '2018-03-22', 2000, 'на 21.03 в остатке 1 занятие'),
(1368, 65, 0, '2018-03-23', 2000, 'Оплата индивидуального пакета'),
(1371, 66, 1, '2018-01-17', 500, ''),
(1372, 66, 0, '2018-01-17', 500, 'Оплата индивидуального пакета'),
(1380, 67, 1, '2018-02-01', 2600, ''),
(1381, 67, 0, '2018-02-02', 2600, 'Оплата индивидуального пакета'),
(1388, 67, 1, '2018-03-24', 200, 'корректировка ошибочного списания полурока'),
(1389, 67, 0, '2018-03-24', 200, 'Оплата индивидуального пакета'),
(1391, 67, 1, '2018-03-31', 2600, 'на 31.03 -1 урок'),
(1392, 67, 0, '2018-03-31', 2600, 'Оплата индивидуального пакета'),
(1398, 68, 1, '2018-01-09', 3000, ''),
(1399, 68, 0, '2018-01-09', 3000, 'Оплата индивидуального пакета'),
(1410, 68, 1, '2018-02-27', 1000, 'следующую 1000 принесет 6 марта, на 27 было -0.5'),
(1411, 68, 0, '2018-03-15', 200, 'Оплата индивидуального пакета'),
(1413, 68, 1, '2018-03-20', 1000, 'на 19.03 в остатке -1 ур'),
(1414, 68, 0, '2018-03-20', 1600, 'Оплата индивидуального пакета'),
(1421, 68, 0, '2018-04-18', 200, 'Оплата индивидуального пакета'),
(1423, 69, 1, '2018-01-09', 3000, ''),
(1424, 69, 0, '2018-01-09', 3000, 'Оплата индивидуального пакета'),
(1433, 69, 1, '2018-02-13', 3000, 'было -1'),
(1435, 69, 0, '2018-02-14', 3000, 'Оплата индивидуального пакета'),
(1443, 69, 1, '2018-03-18', 3000, 'оплатил 18.03'),
(1444, 69, 0, '2018-03-18', 3000, 'Оплата индивидуального пакета'),
(1462, 71, 1, '2018-02-09', 2000, '2 урока уже в аванс прошли'),
(1463, 71, 0, '2018-02-09', 2000, 'Оплата индивидуального пакета'),
(1473, 73, 1, '2018-01-11', 3000, ''),
(1474, 73, 0, '2018-01-11', 3000, 'Оплата индивидуального пакета'),
(1487, 73, 1, '2018-02-15', 3000, 'сегодня было третье занятие по новому абонементу'),
(1488, 73, 0, '2018-02-15', 3000, 'Оплата индивидуального пакета'),
(1499, 74, 1, '2018-02-01', 1500, ''),
(1502, 74, 1, '2018-02-22', 1499, 'на 21 число было -4, и 1501'),
(1504, 74, 0, '2018-02-22', 3000, 'Оплата индивидуального пакета'),
(1516, 75, 1, '2018-02-08', 3000, ''),
(1518, 75, 0, '2018-02-09', 3000, 'Оплата индивидуального пакета'),
(1529, 75, 1, '2018-03-28', 3000, 'на 27.03 было -2.5'),
(1530, 75, 0, '2018-03-28', 3000, 'Оплата индивидуального пакета'),
(1536, 76, 1, '2018-01-30', 2000, ''),
(1537, 76, 0, '2018-01-30', 2000, 'Оплата индивидуального пакета'),
(1545, 77, 1, '2018-01-22', 3100, ''),
(1546, 77, 0, '2018-01-22', 3100, 'Оплата индивидуального пакета'),
(1553, 77, 1, '2018-02-22', 3000, 'на 21 число было -1,5'),
(1554, 77, 0, '2018-02-22', 3000, 'Оплата индивидуального пакета'),
(1567, 77, 1, '2018-04-05', 3200, 'на 4.04 -4,5 занятий'),
(1568, 77, 0, '2018-04-05', 3200, 'Оплата индивидуального пакета'),
(1579, 78, 1, '2018-02-07', 2000, ''),
(1581, 78, 0, '2018-02-07', 2000, 'Оплата индивидуального пакета'),
(1582, 78, 1, '2018-02-21', 200, '21,02 Ая заболела отмена урока'),
(1587, 78, 0, '2018-03-29', 200, 'Оплата индивидуального пакета'),
(1588, 78, 1, '2018-04-18', 1800, 'на 17.04 в остатке 1 занятие'),
(1590, 78, 0, '2018-04-18', 1800, 'Оплата индивидуального пакета'),
(1597, 79, 1, '2018-02-15', 2000, 'сегодня второе занятие уже'),
(1599, 79, 0, '2018-02-15', 2000, 'Оплата индивидуального пакета'),
(1605, 80, 1, '2018-01-10', 3000, ''),
(1606, 80, 0, '2018-01-11', 3000, 'Оплата индивидуального пакета'),
(1616, 80, 1, '2018-02-14', 3000, ''),
(1617, 80, 0, '2018-02-14', 3000, 'Оплата индивидуального пакета'),
(1619, 80, 1, '2018-02-21', 200, '21,02 Ая заболела отмена урока'),
(1623, 80, 0, '2018-03-15', 200, 'Оплата индивидуального пакета'),
(1629, 80, 1, '2018-03-30', 3200, ''),
(1630, 80, 0, '2018-03-30', 3200, 'Оплата индивидуального пакета'),
(1634, 81, 1, '2018-01-10', 3000, ''),
(1635, 81, 0, '2018-01-10', 3000, 'Оплата индивидуального пакета'),
(1644, 81, 1, '2018-02-21', 200, '21,02 Ая заболела отмена урока'),
(1645, 81, 1, '2018-02-26', 2800, 'на 25.02 было 0.5, в абонементе написал 3000р'),
(1647, 81, 0, '2018-02-27', 3000, 'Оплата индивидуального пакета'),
(1656, 81, 1, '2018-04-23', 200, ''),
(1657, 81, 0, '2018-04-23', 200, 'Оплата индивидуального пакета'),
(1660, 82, 1, '2018-01-14', 3000, ''),
(1662, 82, 0, '2018-01-18', 3000, 'Оплата индивидуального пакета'),
(1670, 82, 1, '2018-02-11', 3000, '2 урока были в долг уже'),
(1671, 82, 0, '2018-02-11', 3000, 'Оплата индивидуального пакета'),
(1674, 82, 1, '2018-02-21', 200, '21,02 Ая заболела отмена урока'),
(1678, 82, 0, '2018-03-15', 200, 'Оплата индивидуального пакета'),
(1684, 82, 1, '2018-04-08', 3200, 'на 8.04 -2 занятия '),
(1685, 82, 0, '2018-04-08', 3200, 'Оплата индивидуального пакета'),
(1689, 83, 1, '2018-01-10', 400, 'Предупредила за 5 мин до занятия '),
(1690, 83, 0, '2018-01-13', 400, 'Оплата индивидуального пакета'),
(1691, 83, 1, '2018-01-17', 800, ''),
(1693, 83, 0, '2018-01-18', 400, 'Оплата индивидуального пакета'),
(1694, 83, 0, '2018-01-18', 400, 'Оплата индивидуального пакета'),
(1697, 83, 1, '2018-01-31', 400, ''),
(1698, 83, 0, '2018-01-31', 400, 'Оплата индивидуального пакета'),
(1701, 83, 1, '2018-02-07', 1200, ''),
(1702, 83, 0, '2018-02-08', 1200, 'Оплата индивидуального пакета'),
(1705, 83, 1, '2018-03-14', 500, '400 за сегодняшнее занятие, 100р в остатке'),
(1707, 83, 1, '2018-03-21', 200, 'корректировка ошибочного списания 0,5 урока'),
(1708, 83, 0, '2018-03-21', 200, 'Оплата индивидуального пакета'),
(1709, 83, 0, '2018-03-21', 400, 'Оплата индивидуального пакета'),
(1710, 83, 1, '2018-04-04', 700, 'на 3.04 баланс 0'),
(1712, 83, 0, '2018-04-04', 400, 'Оплата индивидуального пакета'),
(1713, 83, 0, '2018-04-04', 400, 'Оплата индивидуального пакета'),
(1718, 85, 1, '2018-01-09', 3000, ''),
(1719, 85, 0, '2018-01-09', 3000, 'Оплата индивидуального пакета'),
(1728, 85, 1, '2018-02-20', 3000, ''),
(1729, 85, 0, '2018-02-20', 3000, 'Оплата индивидуального пакета'),
(1731, 85, 1, '2018-03-06', 200, 'возмещения за позднюю отмену урока студией'),
(1732, 85, 1, '2018-03-06', 200, 'возмещения за позднюю отмену урока студией'),
(1738, 85, 1, '2018-03-27', 200, 'компенсация за позднюю отмену занятия Студией'),
(1740, 85, 1, '2018-03-30', 2600, 'на 31.03 в остатке еще +2 урока остается'),
(1741, 85, 0, '2018-03-30', 3000, 'Оплата индивидуального пакета'),
(1749, 86, 1, '2018-02-16', 200, 'за позднюю отмену занятий Студией'),
(1752, 86, 1, '2018-03-04', 200, 'компенсация за позднюю отмену занятия Студией 01.03'),
(1753, 86, 0, '2018-03-08', 400, 'Оплата индивидуального пакета'),
(1757, 86, 1, '2018-03-20', 3000, 'на 19.03 на остатке 0,5 ур'),
(1758, 86, 0, '2018-03-20', 3000, 'Оплата индивидуального пакета'),
(1766, 87, 1, '2018-01-15', 2000, ''),
(1767, 87, 0, '2018-01-15', 2000, 'Оплата индивидуального пакета'),
(1773, 87, 1, '2018-02-05', 2000, ''),
(1774, 87, 0, '2018-02-05', 2000, 'Оплата индивидуального пакета'),
(1783, 87, 1, '2018-04-18', 1800, 'на 17.04 в остатке -0,5 индив'),
(1785, 87, 0, '2018-04-19', 1800, 'Оплата индивидуального пакета'),
(1786, 88, 1, '2018-01-15', 2000, ''),
(1787, 88, 0, '2018-01-15', 2000, 'Оплата индивидуального пакета'),
(1793, 88, 1, '2018-03-04', 200, 'компенсация за позднюю отмену занятия Студией 01.03'),
(1796, 88, 1, '2018-03-28', 200, ''),
(1797, 88, 0, '2018-03-28', 400, 'Оплата индивидуального пакета'),
(1800, 90, 1, '2018-01-18', 500, ''),
(1801, 90, 0, '2018-01-18', 500, 'Оплата индивидуального пакета'),
(1802, 90, 1, '2018-01-25', 500, ''),
(1804, 90, 0, '2018-01-25', 500, 'Оплата индивидуального пакета'),
(1806, 90, 1, '2018-02-01', 500, ''),
(1807, 90, 0, '2018-02-02', 500, 'Оплата индивидуального пакета'),
(1812, 90, 1, '2018-02-15', 500, 'поурочно'),
(1814, 90, 0, '2018-02-15', 500, 'Оплата индивидуального пакета'),
(1815, 90, 1, '2018-02-21', 200, '21,02 Ая заболела отмена урока'),
(1818, 90, 1, '2018-03-15', 500, ''),
(1819, 90, 0, '2018-03-15', 500, 'Оплата индивидуального пакета'),
(1820, 90, 1, '2018-03-21', 500, 'оплата сегодняшнего занятия'),
(1822, 90, 0, '2018-03-21', 500, 'Оплата индивидуального пакета'),
(1824, 90, 1, '2018-03-29', 200, 'корректировка баланса'),
(1825, 90, 0, '2018-03-29', 200, 'Оплата индивидуального пакета'),
(1826, 90, 1, '2018-04-18', 500, 'поурочно'),
(1828, 90, 0, '2018-04-18', 500, 'Оплата индивидуального пакета'),
(1836, 91, 1, '2018-01-27', 2000, ''),
(1838, 91, 0, '2018-01-27', 2000, 'Оплата индивидуального пакета'),
(1843, 91, 1, '2018-03-10', 500, 'поурочно'),
(1844, 91, 1, '2018-03-10', 500, 'поурочно'),
(1847, 91, 0, '2018-03-10', 500, 'Оплата индивидуального пакета'),
(1849, 91, 1, '2018-03-24', 2000, 'на 23.05 на балансе -1,5'),
(1850, 91, 0, '2018-03-24', 2000, 'Оплата индивидуального пакета'),
(1858, 92, 1, '2018-01-12', 3000, ''),
(1860, 92, 0, '2018-01-12', 3000, 'Оплата индивидуального пакета'),
(1870, 92, 1, '2018-03-03', 3000, 'на 02.03 в остатке -0,5 было'),
(1871, 92, 0, '2018-03-03', 3000, 'Оплата индивидуального пакета'),
(1880, 92, 1, '2018-03-31', 3000, 'на 1.04 -0,5'),
(1881, 92, 0, '2018-03-31', 3000, 'Оплата индивидуального пакета'),
(1895, 93, 1, '2018-02-06', 3000, ''),
(1896, 93, 0, '2018-02-06', 3000, 'Оплата индивидуального пакета'),
(1905, 93, 1, '2018-03-02', 3000, 'сегодня было второе занятие по абонементу'),
(1907, 93, 0, '2018-03-02', 3000, 'Оплата индивидуального пакета'),
(1913, 94, 1, '2017-12-29', 500, ''),
(1915, 94, 0, '2017-12-29', 500, 'Оплата индивидуального пакета'),
(1916, 94, 1, '2018-01-09', 2000, ''),
(1917, 94, 0, '2018-01-09', 2000, 'Оплата индивидуального пакета'),
(1924, 94, 1, '2018-02-24', 500, ''),
(1926, 94, 0, '2018-03-01', 500, 'Оплата индивидуального пакета'),
(1927, 94, 1, '2018-03-02', 2000, ''),
(1928, 94, 0, '2018-03-02', 2000, 'Оплата индивидуального пакета'),
(1935, 94, 1, '2018-04-03', 1800, 'на 02,04 было -0.5'),
(1936, 94, 0, '2018-04-03', 1800, 'Оплата индивидуального пакета'),
(1945, 95, 1, '2018-02-09', 1000, 'оплата долга'),
(1946, 95, 0, '2018-02-11', 600, 'Оплата группового пакета'),
(1947, 95, 0, '2018-02-11', 400, 'Оплата индивидуального пакета'),
(1949, 95, 1, '2018-02-21', 1000, 'было -1 индивидуальное'),
(1953, 95, 1, '2018-03-06', 1000, 'на балансе 1000, -3 индивидуальных - 1 групповое.  на 05.03'),
(1955, 95, 0, '2018-03-06', 400, 'Оплата группового пакета'),
(1957, 95, 0, '2018-03-12', 1600, 'Оплата индивидуального пакета'),
(1962, 95, 1, '2018-04-10', 3000, 'на 9.04 в остатке -1 индив'),
(1963, 95, 0, '2018-04-10', 1000, 'Оплата группового пакета'),
(1964, 95, 0, '2018-04-10', 400, 'Оплата индивидуального пакета'),
(1965, 95, 0, '2018-04-10', 400, 'Оплата индивидуального пакета'),
(1979, 96, 1, '2018-04-06', 1500, 'долг за март '),
(1980, 96, 0, '2018-04-06', 900, 'Оплата индивидуального пакета'),
(1981, 96, 0, '2018-04-06', 300, 'Оплата индивидуального пакета'),
(1982, 96, 0, '2018-04-06', 300, 'Оплата индивидуального пакета'),
(1998, 97, 1, '2018-02-12', 3000, ''),
(1999, 97, 0, '2018-02-12', 2000, 'Оплата индивидуального пакета'),
(2000, 97, 0, '2018-02-12', 1000, 'Оплата группового пакета'),
(2017, 97, 1, '2018-04-09', 3200, 'на 09.04 -1 занятие индив, -1 занятие групповое'),
(2018, 97, 0, '2018-04-10', 1600, 'Оплата индивидуального пакета'),
(2019, 97, 0, '2018-04-10', 800, 'Оплата группового пакета'),
(2036, 100, 1, '2018-01-27', 2000, ''),
(2037, 100, 0, '2018-01-27', 2000, 'Оплата индивидуального пакета'),
(2042, 100, 1, '2018-02-24', 3000, 'на 23.02 в остатке 0'),
(2043, 100, 0, '2018-02-24', 3000, 'Оплата индивидуального пакета'),
(2049, 100, 1, '2018-04-07', 1800, 'на 07.04 +2 занятия'),
(2050, 100, 0, '2018-04-07', 1800, 'Оплата индивидуального пакета'),
(2054, 101, 1, '2018-01-09', 300, ''),
(2056, 101, 1, '2018-01-15', 1300, ''),
(2057, 101, 0, '2018-01-15', 1600, 'Оплата индивидуального пакета'),
(2061, 101, 1, '2018-02-06', 1600, ''),
(2063, 101, 0, '2018-02-06', 1600, 'Оплата индивидуального пакета'),
(2067, 101, 1, '2018-03-09', 1600, 'на момент оплаты - по нулям'),
(2068, 101, 0, '2018-03-09', 1600, 'Оплата индивидуального пакета'),
(2074, 101, 1, '2018-04-15', 1400, 'оплата внесена 3.04'),
(2090, 105, 1, '2018-01-23', 2000, ''),
(2093, 105, 0, '2018-01-30', 2000, 'Оплата индивидуального пакета'),
(2098, 105, 1, '2018-02-27', 2000, '-1 было на 27 фев'),
(2099, 105, 0, '2018-03-02', 2000, 'Оплата индивидуального пакета'),
(2106, 105, 1, '2018-04-24', 1800, 'на 23.04 в остатке 0,5 занятия'),
(2108, 106, 1, '2018-01-03', 799, ''),
(2110, 106, 0, '2018-01-05', 800, 'Оплата группового пакета'),
(2116, 106, 1, '2018-02-20', 800, 'было  -1 внес 20,02'),
(2117, 106, 0, '2018-02-20', 800, 'Оплата группового пакета'),
(2121, 106, 1, '2018-03-10', 200, 'на 13.03 групповое'),
(2124, 106, 0, '2018-03-22', 200, 'Оплата группового пакета'),
(2125, 106, 1, '2018-03-24', 800, 'на групповые, одно уже прошло'),
(2126, 106, 0, '2018-03-24', 800, 'Оплата группового пакета'),
(2130, 107, 1, '2018-01-17', 300, ''),
(2132, 107, 0, '2018-01-18', 300, 'Оплата индивидуального пакета'),
(2135, 107, 1, '2018-01-21', 300, ''),
(2136, 107, 1, '2018-01-21', 300, ''),
(2137, 107, 0, '2018-01-21', 300, 'Оплата индивидуального пакета'),
(2138, 107, 0, '2018-01-21', 300, 'Оплата индивидуального пакета'),
(2140, 107, 1, '2018-01-25', 300, ''),
(2141, 107, 0, '2018-01-26', 300, 'Оплата индивидуального пакета'),
(2143, 107, 1, '2018-02-01', 300, ''),
(2144, 107, 0, '2018-02-01', 300, 'Оплата индивидуального пакета'),
(2145, 107, 1, '2018-02-07', 300, ''),
(2147, 107, 0, '2018-02-08', 300, 'Оплата индивидуального пакета'),
(2148, 107, 1, '2018-02-21', 300, 'было по нулям до начала занятия'),
(2150, 107, 0, '2018-02-22', 300, 'Оплата индивидуального пакета'),
(2151, 107, 1, '2018-03-28', 300, 'оплата занятия за 28,03'),
(2153, 107, 0, '2018-03-28', 300, 'Оплата индивидуального пакета'),
(2155, 107, 1, '2018-04-06', 200, ''),
(2156, 107, 0, '2018-04-06', 200, 'Оплата индивидуального пакета'),
(2160, 107, 1, '2018-04-18', 500, 'поурочно '),
(2162, 107, 0, '2018-04-19', 500, 'Оплата индивидуального пакета'),
(2170, 109, 1, '2018-01-13', 3000, '8 уроков'),
(2172, 109, 0, '2018-01-13', 3000, 'Оплата индивидуального пакета'),
(2180, 109, 1, '2018-02-10', 3000, ''),
(2181, 109, 0, '2018-02-10', 3000, 'Оплата индивидуального пакета'),
(2190, 109, 1, '2018-03-17', 3000, ''),
(2191, 109, 0, '2018-03-17', 3000, 'Оплата индивидуального пакета'),
(2211, 110, 1, '2018-02-03', 3000, ''),
(2214, 110, 0, '2018-02-05', 3000, 'Оплата индивидуального пакета'),
(2219, 110, 1, '2018-02-24', 3000, 'на 25.02 в остатке +2 урока'),
(2220, 110, 0, '2018-02-24', 3000, 'Оплата индивидуального пакета'),
(2235, 110, 1, '2018-04-09', 6400, 'на 09,04 -1 занятие'),
(2236, 110, 0, '2018-04-10', 3200, 'Оплата индивидуального пакета'),
(2237, 110, 0, '2018-04-10', 3200, 'Оплата индивидуального пакета'),
(2247, 114, 1, '2018-01-14', 2000, ''),
(2248, 114, 0, '2018-01-14', 2000, 'Оплата индивидуального пакета'),
(2254, 114, 1, '2018-03-09', 2000, 'одно занятие по абонементу уже состоялось'),
(2255, 114, 0, '2018-03-09', 2000, 'Оплата индивидуального пакета'),
(2262, 114, 1, '2018-04-21', 1800, ''),
(2263, 114, 0, '2018-04-21', 1800, 'Оплата индивидуального пакета'),
(2267, 115, 1, '2018-01-31', 1200, ''),
(2268, 115, 0, '2018-01-31', 900, 'Оплата индивидуального пакета'),
(2269, 115, 0, '2018-01-31', 300, 'Оплата индивидуального пакета'),
(2273, 115, 1, '2018-02-25', 1800, 'на 24.02 в остатке -1'),
(2274, 115, 0, '2018-02-25', 1800, 'Оплата индивидуального пакета'),
(2283, 116, 1, '2018-01-31', 900, ''),
(2284, 116, 0, '2018-01-31', 900, 'Оплата индивидуального пакета'),
(2286, 116, 1, '2018-02-25', 600, 'на 25.02 в остатке 0'),
(2287, 116, 0, '2018-02-25', 300, 'Оплата индивидуального пакета'),
(2288, 116, 0, '2018-02-25', 300, 'Оплата индивидуального пакета'),
(2291, 116, 1, '2018-03-07', 600, 'перед оплатой было по нулям'),
(2292, 116, 0, '2018-03-07', 300, 'Оплата индивидуального пакета'),
(2293, 116, 0, '2018-03-07', 300, 'Оплата индивидуального пакета'),
(2306, 118, 1, '2018-02-11', 3000, '0,5 урока в долг было'),
(2307, 118, 0, '2018-02-11', 3000, 'Оплата индивидуального пакета'),
(2323, 119, 1, '2018-01-20', 3000, ''),
(2324, 119, 0, '2018-01-21', 3000, 'Оплата индивидуального пакета'),
(2334, 119, 1, '2018-02-07', 3000, ''),
(2335, 119, 0, '2018-02-07', 3000, 'Оплата индивидуального пакета'),
(2344, 119, 1, '2018-02-25', 3000, 'отсчет абонемента с 26.02'),
(2345, 119, 0, '2018-02-25', 3000, 'Оплата индивидуального пакета'),
(2356, 119, 1, '2018-03-26', 3000, 'сегодня было второе занятие по абонементу'),
(2357, 119, 0, '2018-03-26', 3000, 'Оплата индивидуального пакета'),
(2365, 119, 1, '2018-04-15', 3200, 'на 14.04 -1 занятие'),
(2366, 119, 0, '2018-04-15', 3200, 'Оплата индивидуального пакета'),
(2375, 120, 1, '2018-01-08', 2400, ''),
(2376, 120, 0, '2018-01-08', 1600, 'Оплата индивидуального пакета'),
(2377, 120, 0, '2018-01-08', 800, 'Оплата группового пакета'),
(2387, 120, 1, '2018-02-08', 2500, ''),
(2389, 120, 0, '2018-02-11', 800, 'Оплата группового пакета'),
(2390, 120, 0, '2018-02-11', 1600, 'Оплата индивидуального пакета'),
(2399, 120, 1, '2018-03-15', 2500, 'на 16.03 должно остаться 3 групповых на балансе и 4 индивидуальных'),
(2400, 120, 0, '2018-03-15', 200, 'Оплата индивидуального пакета'),
(2401, 120, 0, '2018-03-15', 1600, 'Оплата индивидуального пакета'),
(2402, 120, 0, '2018-03-15', 800, 'Оплата группового пакета'),
(2408, 121, 1, '2018-04-18', 500, 'поурочно'),
(2410, 121, 0, '2018-04-23', 500, 'Оплата индивидуального пакета'),
(2413, 122, 1, '2018-01-18', 3000, ''),
(2415, 122, 0, '2018-01-20', 3000, 'Оплата индивидуального пакета'),
(2418, 122, 1, '2018-01-25', 3000, ''),
(2428, 122, 1, '2018-03-13', 3000, ''),
(2429, 122, 0, '2018-03-14', 3000, 'Оплата индивидуального пакета'),
(2442, 123, 1, '2018-01-16', 3000, ''),
(2444, 123, 0, '2018-01-18', 3000, 'Оплата индивидуального пакета'),
(2453, 123, 1, '2018-02-16', 3500, 'на балансе перед оплатой был один урок'),
(2455, 123, 0, '2018-02-19', 3000, 'Оплата индивидуального пакета'),
(2474, 123, 1, '2018-03-31', 3200, ''),
(2481, 123, 0, '2018-04-11', 3200, 'Оплата индивидуального пакета'),
(2486, 125, 1, '2018-01-11', 3000, ''),
(2492, 125, 1, '2018-01-21', 3000, ''),
(2493, 125, 0, '2018-01-21', 3000, 'Оплата индивидуального пакета'),
(2502, 125, 1, '2018-02-18', 3000, 'ещё +1 в остатке с прошлого абонемента'),
(2503, 125, 0, '2018-02-19', 3000, 'Оплата индивидуального пакета'),
(2512, 125, 1, '2018-03-25', 3000, ''),
(2513, 125, 0, '2018-03-26', 3000, 'Оплата индивидуального пакета'),
(2521, 125, 1, '2018-04-19', 3200, ''),
(2523, 125, 0, '2018-04-22', 3200, 'Оплата индивидуального пакета'),
(2529, 126, 1, '2018-01-18', 2800, ''),
(2530, 126, 0, '2018-01-18', 2500, 'Оплата индивидуального пакета'),
(2531, 126, 0, '2018-01-18', 300, 'Оплата индивидуального пакета'),
(2539, 126, 1, '2018-02-12', 2800, ''),
(2540, 126, 0, '2018-02-12', 2800, 'Оплата индивидуального пакета'),
(2551, 126, 1, '2018-04-02', 2800, 'на 1,04 -2 занятия'),
(2552, 126, 0, '2018-04-03', 2800, 'Оплата индивидуального пакета'),
(2570, 127, 1, '2018-04-14', 3200, ''),
(2571, 127, 0, '2018-04-14', 3200, 'Оплата индивидуального пакета'),
(2576, 128, 1, '2018-02-03', 3000, ''),
(2577, 128, 0, '2018-02-04', 3000, 'Оплата индивидуального пакета'),
(2587, 128, 1, '2018-03-21', 500, 'поурочно'),
(2588, 128, 0, '2018-03-21', 500, 'Оплата индивидуального пакета'),
(2595, 129, 1, '2018-01-27', 2000, ''),
(2596, 129, 0, '2018-01-27', 2000, 'Оплата индивидуального пакета'),
(2606, 129, 1, '2018-03-17', 2000, ''),
(2607, 129, 0, '2018-03-17', 2000, 'Оплата индивидуального пакета'),
(2611, 129, 1, '2018-04-07', 500, ''),
(2621, 130, 1, '2018-01-27', 3000, ''),
(2622, 130, 0, '2018-01-27', 3000, 'Оплата индивидуального пакета'),
(2632, 130, 1, '2018-03-10', 3000, ''),
(2633, 130, 0, '2018-03-10', 3000, 'Оплата индивидуального пакета'),
(2643, 130, 1, '2018-04-09', 3000, ''),
(2644, 130, 0, '2018-04-10', 2800, 'Оплата индивидуального пакета'),
(2665, 132, 1, '2018-02-06', 2000, ''),
(2666, 132, 0, '2018-02-06', 2000, 'Оплата индивидуального пакета'),
(2669, 133, 1, '2018-01-14', 450, ''),
(2677, 133, 1, '2018-01-24', 450, ''),
(2678, 133, 1, '2018-01-28', 150, ''),
(2680, 133, 0, '2018-01-30', 1050, 'Оплата индивидуального пакета'),
(2681, 133, 1, '2018-01-31', 300, ''),
(2683, 133, 0, '2018-02-01', 300, 'Оплата индивидуального пакета'),
(2687, 133, 1, '2018-02-12', 1000, ''),
(2689, 133, 0, '2018-02-17', 700, 'Оплата индивидуального пакета'),
(2690, 133, 0, '2018-02-17', 300, 'Оплата индивидуального пакета'),
(2696, 133, 1, '2018-03-18', 400, 'за сегодня и 100 на следующий'),
(2698, 133, 0, '2018-03-19', 300, 'Оплата индивидуального пакета'),
(2699, 133, 1, '2018-03-25', 200, ''),
(2700, 133, 0, '2018-03-25', 300, 'Оплата индивидуального пакета'),
(2702, 133, 1, '2018-03-30', 200, ''),
(2703, 133, 0, '2018-03-30', 200, 'Оплата индивидуального пакета'),
(2705, 133, 1, '2018-04-08', 300, ''),
(2707, 133, 0, '2018-04-08', 300, 'Оплата индивидуального пакета'),
(2709, 133, 1, '2018-04-22', 450, '300+150 за пол урока'),
(2710, 133, 0, '2018-04-22', 300, 'Оплата индивидуального пакета'),
(2711, 133, 1, '2018-04-22', 50, 'корректировка баланса'),
(2712, 133, 0, '2018-04-22', 200, 'Оплата индивидуального пакета'),
(2722, 135, 1, '2018-01-25', 2000, ''),
(2723, 135, 0, '2018-01-25', 2000, 'Оплата индивидуального пакета'),
(2725, 135, 1, '2018-01-29', 3000, ''),
(2726, 135, 0, '2018-01-30', 3000, 'Оплата индивидуального пакета'),
(2735, 135, 1, '2018-02-26', 3000, ''),
(2736, 135, 0, '2018-02-27', 3000, 'Оплата индивидуального пакета'),
(2750, 136, 1, '2018-01-13', 400, ''),
(2751, 136, 0, '2018-01-13', 400, 'Оплата индивидуального пакета'),
(2752, 136, 0, '2018-01-13', 400, 'Оплата индивидуального пакета'),
(2753, 136, 1, '2018-01-13', 400, ''),
(2756, 137, 1, '2018-01-12', 1500, ''),
(2759, 137, 0, '2018-01-12', 1500, 'Оплата индивидуального пакета'),
(2763, 137, 1, '2018-01-29', 2000, ''),
(2765, 137, 0, '2018-02-02', 1800, 'Оплата индивидуального пакета'),
(2774, 139, 1, '2018-01-11', 3000, ''),
(2775, 139, 0, '2018-01-11', 3000, 'Оплата индивидуального пакета'),
(2781, 139, 1, '2018-01-30', 3000, ''),
(2782, 139, 0, '2018-01-30', 3000, 'Оплата индивидуального пакета'),
(2796, 139, 1, '2018-03-25', 3000, 'на счет деньги внесены были 07.03, на 24.03 на балансе было -3'),
(2797, 139, 0, '2018-03-25', 3000, 'Оплата индивидуального пакета'),
(2800, 139, 1, '2018-04-11', 3200, 'на 10.04 в остатке 3,5 занятия '),
(2801, 139, 0, '2018-04-11', 3200, 'Оплата индивидуального пакета'),
(2808, 140, 1, '2018-01-31', 700, 'оплата долга 2 урока'),
(2809, 140, 0, '2018-01-31', 350, 'Оплата индивидуального пакета'),
(2810, 140, 0, '2018-01-31', 350, 'Оплата индивидуального пакета'),
(2819, 141, 1, '2018-01-25', 3000, ''),
(2820, 141, 0, '2018-01-27', 3000, 'Оплата индивидуального пакета'),
(2829, 141, 1, '2018-02-22', 3000, ''),
(2830, 141, 0, '2018-02-22', 3000, 'Оплата индивидуального пакета'),
(2839, 141, 1, '2018-03-22', 3000, ''),
(2840, 141, 0, '2018-03-23', 3000, 'Оплата индивидуального пакета'),
(2850, 141, 1, '2018-04-24', 3200, ''),
(2861, 143, 1, '2018-01-14', 500, ''),
(2862, 143, 0, '2018-01-14', 500, 'Оплата индивидуального пакета'),
(2864, 143, 1, '2018-01-27', 500, ''),
(2865, 143, 0, '2018-01-27', 500, 'Оплата индивидуального пакета'),
(2867, 143, 1, '2018-02-03', 500, ''),
(2868, 143, 0, '2018-02-05', 500, 'Оплата индивидуального пакета'),
(2870, 143, 1, '2018-02-10', 500, ''),
(2871, 143, 0, '2018-02-11', 500, 'Оплата индивидуального пакета'),
(2873, 143, 1, '2018-03-17', 500, ''),
(2874, 143, 0, '2018-03-17', 500, 'Оплата индивидуального пакета'),
(2876, 143, 1, '2018-04-08', 500, 'поурочно'),
(2877, 143, 0, '2018-04-08', 500, 'Оплата индивидуального пакета'),
(2878, 144, 1, '2018-01-14', 3000, ''),
(2879, 144, 0, '2018-01-14', 3000, 'Оплата индивидуального пакета'),
(2889, 144, 1, '2018-02-11', 3000, 'сегодня первый урок по новому абонементу'),
(2890, 144, 0, '2018-02-11', 3000, 'Оплата индивидуального пакета'),
(2899, 144, 1, '2018-03-11', 3000, 'на 10.03 на остатке +0,5'),
(2900, 144, 0, '2018-03-11', 3000, 'Оплата индивидуального пакета'),
(2909, 144, 1, '2018-04-11', 3000, 'на 10.04 в остатке -0,5 занятия'),
(2911, 144, 0, '2018-04-12', 3000, 'Оплата индивидуального пакета'),
(2916, 145, 1, '2018-01-17', 1200, ''),
(2918, 145, 0, '2018-01-18', 1200, 'Оплата индивидуального пакета'),
(2921, 145, 1, '2018-02-07', 400, ''),
(2924, 145, 1, '2018-02-15', 1200, ''),
(2925, 145, 0, '2018-02-15', 1600, 'Оплата индивидуального пакета'),
(2929, 145, 1, '2018-03-14', 1200, 'на 14.03 -0.5 занятий'),
(2930, 145, 0, '2018-03-14', 1200, 'Оплата индивидуального пакета'),
(2931, 145, 1, '2018-03-14', 200, 'за пол урока. на 14.03 было +2.5'),
(2933, 145, 0, '2018-03-15', 200, 'Оплата индивидуального пакета'),
(2950, 148, 1, '2018-01-23', 3000, ''),
(2951, 148, 0, '2018-01-23', 3000, 'Оплата индивидуального пакета'),
(2960, 148, 1, '2018-03-03', 3000, 'сегодня первый урок по новому абонементу'),
(2961, 148, 0, '2018-03-03', 3000, 'Оплата индивидуального пакета'),
(2968, 148, 1, '2018-03-27', 200, 'компенсация за позднюю отмену занятия Студией'),
(2969, 148, 0, '2018-03-31', 200, 'Оплата группового пакета'),
(2971, 148, 1, '2018-04-03', 5000, 'на 03.04 было 1 индив. 1 групповое. 3200 за новый абонемент. 200 за групповое. в остатке 1600р'),
(2974, 148, 0, '2018-04-04', 3200, 'Оплата индивидуального пакета'),
(2975, 148, 0, '2018-04-04', 200, 'Оплата группового пакета'),
(2986, 149, 1, '2018-01-24', 3000, ''),
(2987, 149, 0, '2018-01-24', 3000, 'Оплата индивидуального пакета'),
(2997, 149, 1, '2018-02-26', 3000, 'было одно занятие'),
(2998, 149, 0, '2018-02-26', 3000, 'Оплата индивидуального пакета'),
(3011, 149, 1, '2018-04-11', 1700, 'на 10.04 в остатке -2 занятия'),
(3013, 149, 0, '2018-04-12', 1600, 'Оплата индивидуального пакета'),
(3014, 149, 1, '2018-04-13', 1500, ''),
(3015, 149, 0, '2018-04-13', 1600, 'Оплата индивидуального пакета'),
(3022, 150, 1, '2018-02-27', 2000, ''),
(3023, 150, 0, '2018-02-28', 2000, 'Оплата индивидуального пакета'),
(3030, 151, 1, '2018-01-31', 600, ''),
(3031, 151, 0, '2018-01-31', 300, 'Оплата индивидуального пакета'),
(3032, 151, 0, '2018-01-31', 300, 'Оплата индивидуального пакета'),
(3034, 152, 1, '2018-01-11', 3000, ''),
(3035, 152, 0, '2018-01-11', 3000, 'Оплата индивидуального пакета'),
(3046, 152, 1, '2018-02-22', 3000, ''),
(3047, 152, 0, '2018-02-22', 3000, 'Оплата индивидуального пакета'),
(3058, 152, 1, '2018-04-02', 3000, ''),
(3059, 152, 0, '2018-04-03', 3000, 'Оплата индивидуального пакета'),
(3068, 153, 1, '2018-01-27', 800, ''),
(3069, 153, 0, '2018-01-28', 400, 'Оплата индивидуального пакета'),
(3070, 153, 0, '2018-01-28', 400, 'Оплата индивидуального пакета'),
(3077, 157, 1, '2018-01-20', 3000, ''),
(3078, 157, 0, '2018-01-20', 3000, 'Оплата индивидуального пакета'),
(3086, 157, 1, '2018-03-17', 3000, 'сегодня первый урок по новому абонементу'),
(3087, 157, 0, '2018-03-17', 3000, 'Оплата индивидуального пакета'),
(3096, 158, 1, '2018-01-21', 2000, ''),
(3097, 158, 0, '2018-01-21', 2000, 'Оплата индивидуального пакета'),
(3102, 158, 1, '2018-03-04', 2000, 'сегодня было второе занятие по абонементу'),
(3105, 158, 0, '2018-03-04', 2000, 'Оплата индивидуального пакета'),
(3109, 159, 1, '2018-01-16', 3000, ''),
(3110, 159, 0, '2018-01-16', 3000, 'Оплата индивидуального пакета'),
(3116, 159, 1, '2018-02-27', 200, 'компенсация за пропуск 9 января'),
(3117, 159, 1, '2018-02-27', 200, 'компенсация за пропуск 9 января'),
(3122, 159, 0, '2018-03-15', 200, 'Оплата индивидуального пакета'),
(3124, 160, 1, '2018-01-09', 3000, 'Планирует ходить 2 раза в неделю'),
(3125, 160, 0, '2018-01-10', 3000, 'Оплата индивидуального пакета'),
(3135, 160, 1, '2018-02-10', 3000, ''),
(3136, 160, 0, '2018-02-11', 3000, 'Оплата индивидуального пакета'),
(3145, 160, 1, '2018-03-14', 3000, 'на 13.03 -1 занятие'),
(3146, 160, 0, '2018-03-14', 3000, 'Оплата индивидуального пакета'),
(3155, 160, 1, '2018-04-10', 3000, 'на 10.04 на остатке -1 индив.'),
(3156, 160, 0, '2018-04-10', 2800, 'Оплата индивидуального пакета'),
(3158, 160, 1, '2018-04-12', 200, 'доплата за обонемент'),
(3159, 160, 0, '2018-04-12', 400, 'Оплата индивидуального пакета'),
(3166, 161, 1, '2018-01-18', 2000, ''),
(3167, 161, 0, '2018-01-19', 2000, 'Оплата индивидуального пакета'),
(3173, 161, 1, '2018-03-08', 2000, 'на момент оплаты было по нулям'),
(3174, 161, 0, '2018-03-08', 2000, 'Оплата индивидуального пакета'),
(3180, 163, 1, '2018-01-11', 1200, ''),
(3181, 163, 0, '2018-01-12', 1200, 'Оплата индивидуального пакета'),
(3185, 163, 1, '2018-02-07', 800, ''),
(3186, 163, 0, '2018-02-08', 400, 'Оплата индивидуального пакета'),
(3187, 163, 0, '2018-02-08', 400, 'Оплата индивидуального пакета'),
(3190, 163, 1, '2018-03-16', 1200, 'первое занятие сегодня'),
(3192, 163, 0, '2018-03-16', 1200, 'Оплата индивидуального пакета'),
(3205, 164, 1, '2018-01-11', 2000, ''),
(3206, 164, 0, '2018-01-12', 2000, 'Оплата индивидуального пакета'),
(3213, 164, 1, '2018-01-22', 500, ''),
(3214, 164, 0, '2018-01-24', 500, 'Оплата индивидуального пакета'),
(3217, 165, 1, '2018-01-13', 2000, ''),
(3218, 165, 0, '2018-01-13', 2000, 'Оплата индивидуального пакета'),
(3227, 167, 1, '2018-01-11', 3000, ''),
(3228, 167, 0, '2018-01-11', 3000, 'Оплата индивидуального пакета'),
(3235, 167, 1, '2018-02-01', 3000, ''),
(3237, 167, 0, '2018-02-02', 3000, 'Оплата индивидуального пакета'),
(3241, 167, 1, '2018-02-21', 200, '21,02 Ая заболела отмена урока'),
(3248, 167, 1, '2018-04-04', 3000, 'отсчет абонемента со следующего урока начнется'),
(3249, 167, 0, '2018-04-04', 3200, 'Оплата индивидуального пакета'),
(3282, 170, 1, '2018-01-19', 2000, 'Сегодня был первый полноценный урок'),
(3288, 170, 1, '2018-01-21', 2000, '');
INSERT INTO `Payment` (`id`, `user`, `type`, `datetime`, `value`, `description`) VALUES
(3298, 170, 1, '2018-02-10', 3000, ''),
(3302, 170, 1, '2018-03-14', 200, ''),
(3303, 170, 0, '2018-03-14', 200, 'Оплата индивидуального пакета'),
(3304, 170, 1, '2018-03-14', 200, ''),
(3305, 170, 0, '2018-03-14', 200, 'Оплата индивидуального пакета'),
(3320, 171, 1, '2018-01-20', 3000, ''),
(3321, 171, 0, '2018-01-20', 3000, 'Оплата индивидуального пакета'),
(3330, 172, 1, '2018-01-14', 2000, ''),
(3331, 172, 0, '2018-01-14', 2000, 'Оплата индивидуального пакета'),
(3339, 172, 1, '2018-03-04', 3000, 'сегодня было третье занятие по новому абонементу'),
(3340, 172, 0, '2018-03-04', 3000, 'Оплата индивидуального пакета'),
(3347, 173, 1, '2018-01-13', 1000, ''),
(3348, 173, 0, '2018-01-13', 1000, 'Оплата группового пакета'),
(3353, 173, 1, '2018-02-12', 1000, ''),
(3355, 173, 0, '2018-02-15', 1000, 'Оплата группового пакета'),
(3357, 173, 1, '2018-02-28', 500, 'подарок от игоря'),
(3358, 173, 0, '2018-02-28', 500, 'Оплата индивидуального пакета'),
(3362, 174, 1, '2018-01-13', 1000, ''),
(3363, 174, 0, '2018-01-13', 1000, 'Оплата группового пакета'),
(3369, 174, 1, '2018-02-15', 1000, ''),
(3370, 174, 0, '2018-02-15', 1000, 'Оплата группового пакета'),
(3374, 175, 1, '2018-01-20', 3000, ''),
(3375, 175, 0, '2018-01-20', 3000, 'Оплата индивидуального пакета'),
(3384, 175, 1, '2018-02-17', 3000, 'сегодня первый урок по новому абонементу'),
(3385, 175, 0, '2018-02-17', 3000, 'Оплата индивидуального пакета'),
(3394, 175, 1, '2018-03-31', 3000, 'сегодня первый урок по новому абонементу  '),
(3396, 175, 1, '2018-03-31', 3000, 'первое занятие сегодня'),
(3397, 175, 0, '2018-03-31', 3000, 'Оплата индивидуального пакета'),
(3403, 176, 1, '2018-01-16', 3000, ''),
(3404, 176, 0, '2018-01-16', 3000, 'Оплата индивидуального пакета'),
(3412, 177, 1, '2018-01-16', 2000, ''),
(3414, 177, 0, '2018-01-18', 2000, 'Оплата индивидуального пакета'),
(3420, 177, 1, '2018-02-05', 2000, ''),
(3421, 177, 0, '2018-02-06', 2000, 'Оплата индивидуального пакета'),
(3432, 177, 1, '2018-03-12', 2000, ''),
(3433, 177, 0, '2018-03-12', 2000, 'Оплата индивидуального пакета'),
(3452, 180, 1, '2018-01-21', 2000, ''),
(3453, 180, 0, '2018-01-21', 2000, 'Оплата индивидуального пакета'),
(3460, 180, 1, '2018-03-04', 3000, ''),
(3462, 180, 0, '2018-03-04', 3001, 'Оплата индивидуального пакета'),
(3471, 181, 1, '2018-01-21', 3000, ''),
(3473, 181, 0, '2018-01-21', 2000, 'Оплата индивидуального пакета'),
(3479, 181, 1, '2018-03-04', 3000, ''),
(3480, 181, 0, '2018-03-04', 3000, 'Оплата индивидуального пакета'),
(3493, 183, 1, '2018-02-07', 3000, ''),
(3494, 183, 0, '2018-02-07', 3000, 'Оплата индивидуального пакета'),
(3504, 183, 1, '2018-04-11', 3200, ''),
(3505, 183, 0, '2018-04-11', 3200, 'Оплата индивидуального пакета'),
(3508, 184, 1, '2018-01-22', 2000, ''),
(3509, 184, 0, '2018-01-22', 2000, 'Оплата индивидуального пакета'),
(3514, 184, 1, '2018-02-19', 2000, ''),
(3515, 184, 0, '2018-02-19', 2000, 'Оплата индивидуального пакета'),
(3522, 184, 1, '2018-03-16', 3000, 'на 16.03 в остатке -0,5'),
(3523, 184, 0, '2018-03-16', 3000, 'Оплата индивидуального пакета'),
(3529, 185, 1, '2018-01-25', 400, ''),
(3530, 185, 0, '2018-01-25', 400, 'Оплата индивидуального пакета'),
(3533, 185, 1, '2018-02-01', 2400, ''),
(3534, 185, 0, '2018-02-02', 2400, 'Оплата индивидуального пакета'),
(3543, 185, 1, '2018-03-29', 1500, 'абонемент на 5 , первый урок был сегодня'),
(3544, 185, 0, '2018-03-29', 1500, 'Оплата индивидуального пакета'),
(3548, 186, 1, '2018-01-19', 2000, ''),
(3549, 186, 0, '2018-01-20', 2000, 'Оплата индивидуального пакета'),
(3555, 187, 1, '2018-01-26', 2000, ''),
(3556, 187, 0, '2018-01-26', 2000, 'Оплата индивидуального пакета'),
(3563, 187, 1, '2018-02-20', 3000, ''),
(3564, 187, 0, '2018-02-20', 3000, 'Оплата индивидуального пакета'),
(3573, 188, 1, '2018-01-20', 3000, ''),
(3574, 188, 0, '2018-01-20', 3000, 'Оплата индивидуального пакета'),
(3584, 188, 1, '2018-02-20', 3000, ''),
(3585, 188, 0, '2018-02-20', 3000, 'Оплата индивидуального пакета'),
(3596, 188, 1, '2018-04-05', 2000, 'за 4,5 часа, после сегодняшнего урока в остатке 2 будет'),
(3597, 188, 0, '2018-04-05', 200, 'Оплата индивидуального пакета'),
(3598, 188, 0, '2018-04-05', 1800, 'Оплата индивидуального пакета'),
(3607, 190, 1, '2018-01-20', 2000, ''),
(3609, 190, 0, '2018-01-20', 2000, 'Оплата индивидуального пакета'),
(3614, 190, 1, '2018-02-16', 3000, ''),
(3615, 190, 0, '2018-02-17', 3000, 'Оплата индивидуального пакета'),
(3623, 191, 1, '2018-01-21', 3000, ''),
(3624, 191, 0, '2018-01-21', 3000, 'Оплата индивидуального пакета'),
(3632, 191, 1, '2018-03-18', 3000, 'новый абонемент с 25.03 начинается'),
(3633, 191, 0, '2018-03-18', 3000, 'Оплата индивидуального пакета'),
(3640, 192, 1, '2018-01-23', 3000, ''),
(3641, 192, 0, '2018-01-23', 3000, 'Оплата индивидуального пакета'),
(3650, 192, 1, '2018-02-25', 3000, 'отсчет абонемента с 26.02'),
(3651, 192, 0, '2018-02-25', 3000, 'Оплата индивидуального пакета'),
(3659, 193, 1, '2018-01-24', 3000, ''),
(3662, 193, 0, '2018-01-24', 3000, 'Оплата индивидуального пакета'),
(3672, 193, 1, '2018-03-10', 200, 'компенсация от студии'),
(3674, 193, 1, '2018-03-11', 3000, ''),
(3675, 193, 0, '2018-03-11', 3000, 'Оплата индивидуального пакета'),
(3677, 193, 0, '2018-03-15', 200, 'Оплата индивидуального пакета'),
(3683, 193, 1, '2018-04-11', 3200, 'на 10.04 на балансе 0'),
(3684, 193, 0, '2018-04-12', 3200, 'Оплата индивидуального пакета'),
(3686, 194, 1, '2018-01-23', 2000, ''),
(3687, 194, 0, '2018-01-23', 2000, 'Оплата индивидуального пакета'),
(3693, 194, 1, '2018-03-12', 2000, ''),
(3694, 194, 0, '2018-03-12', 2000, 'Оплата индивидуального пакета'),
(3700, 194, 1, '2018-04-15', 1800, 'на 14.04 0 занятий'),
(3701, 194, 0, '2018-04-15', 1800, 'Оплата индивидуального пакета'),
(3704, 196, 1, '2018-01-28', 2000, ''),
(3705, 196, 0, '2018-01-29', 2000, 'Оплата индивидуального пакета'),
(3710, 196, 1, '2018-02-25', 900, 'на 24.02 в остатке +1'),
(3712, 196, 1, '2018-03-04', 1100, ''),
(3713, 196, 0, '2018-03-04', 2000, 'Оплата индивидуального пакета'),
(3720, 197, 1, '2018-01-26', 500, ''),
(3721, 197, 0, '2018-01-26', 500, 'Оплата индивидуального пакета'),
(3723, 197, 1, '2018-01-30', 500, ''),
(3724, 197, 0, '2018-01-30', 500, 'Оплата индивидуального пакета'),
(3726, 198, 1, '2018-01-23', 500, ''),
(3727, 198, 0, '2018-01-23', 500, 'Оплата индивидуального пакета'),
(3730, 198, 1, '2018-01-30', 2000, ''),
(3731, 198, 0, '2018-01-30', 2000, 'Оплата индивидуального пакета'),
(3737, 198, 1, '2018-03-13', 2000, 'сегодня было второе занятие по абонементу'),
(3739, 198, 0, '2018-03-14', 2000, 'Оплата индивидуального пакета'),
(3745, 199, 1, '2018-01-24', 2000, ''),
(3746, 199, 0, '2018-01-24', 2000, 'Оплата индивидуального пакета'),
(3751, 201, 1, '2018-01-29', 3000, ''),
(3752, 201, 0, '2018-01-29', 3000, 'Оплата индивидуального пакета'),
(3760, 201, 1, '2018-02-26', 3000, 'на 25, было 1 занятие.'),
(3761, 201, 0, '2018-02-26', 3000, 'Оплата индивидуального пакета'),
(3770, 202, 1, '2018-01-25', 2000, ''),
(3771, 202, 0, '2018-01-27', 2000, 'Оплата индивидуального пакета'),
(3778, 203, 1, '2018-01-25', 3500, ''),
(3779, 203, 0, '2018-01-25', 500, 'Оплата индивидуального пакета'),
(3780, 203, 0, '2018-01-25', 3000, 'Оплата индивидуального пакета'),
(3793, 204, 1, '2018-01-25', 3000, ''),
(3794, 204, 0, '2018-01-27', 3000, 'Оплата индивидуального пакета'),
(3804, 204, 1, '2018-02-24', 3000, 'на 23.02 в остатке 0'),
(3805, 204, 0, '2018-02-24', 3000, 'Оплата индивидуального пакета'),
(3816, 204, 1, '2018-04-15', 3200, 'на 15.04 -2 занятия'),
(3817, 204, 0, '2018-04-15', 3200, 'Оплата индивидуального пакета'),
(3820, 205, 1, '2018-01-29', 2000, ''),
(3821, 205, 0, '2018-01-29', 2000, 'Оплата индивидуального пакета'),
(3829, 206, 1, '2018-01-27', 3000, ''),
(3830, 206, 0, '2018-01-27', 3000, 'Оплата индивидуального пакета'),
(3838, 206, 1, '2018-02-13', 3000, 'на остатке 1.5 внес 13.02'),
(3839, 206, 0, '2018-02-13', 3000, 'Оплата индивидуального пакета'),
(3845, 206, 1, '2018-03-01', 3000, 'на 01.03 +4.5 в остатке'),
(3846, 206, 0, '2018-03-03', 3000, 'Оплата индивидуального пакета'),
(3860, 207, 1, '2018-02-02', 3400, ''),
(3862, 207, 0, '2018-02-03', 3000, 'Оплата индивидуального пакета'),
(3863, 207, 0, '2018-02-05', 400, 'Оплата группового пакета'),
(3870, 207, 1, '2018-02-16', 1000, 'за групповые '),
(3871, 207, 0, '2018-02-16', 800, 'Оплата группового пакета'),
(3881, 207, 0, '2018-03-22', 200, 'Оплата индивидуального пакета'),
(3884, 207, 1, '2018-03-30', 4500, 'на 29.03 долг -3,5 был'),
(3885, 207, 0, '2018-03-30', 3000, 'Оплата индивидуального пакета'),
(3886, 207, 0, '2018-03-30', 800, 'Оплата группового пакета'),
(3893, 207, 0, '2018-04-10', 200, 'Оплата индивидуального пакета'),
(3894, 207, 0, '2018-04-10', 400, 'Оплата индивидуального пакета'),
(3901, 208, 1, '2018-02-01', 3000, ''),
(3902, 208, 1, '2018-02-01', 400, ''),
(3903, 208, 0, '2018-02-02', 3000, 'Оплата индивидуального пакета'),
(3906, 208, 0, '2018-02-05', 400, 'Оплата группового пакета'),
(3910, 208, 1, '2018-02-16', 800, 'за групповые'),
(3912, 208, 0, '2018-02-17', 800, 'Оплата группового пакета'),
(3917, 208, 1, '2018-03-12', 200, 'на групповое'),
(3920, 208, 0, '2018-03-22', 200, 'Оплата группового пакета'),
(3925, 208, 1, '2018-04-01', 4000, 'на 1.04  +0.5 индив и -1 групп'),
(3926, 208, 0, '2018-04-01', 800, 'Оплата группового пакета'),
(3927, 208, 0, '2018-04-01', 3200, 'Оплата индивидуального пакета'),
(3934, 208, 1, '2018-04-16', 200, 'корректировка баланса'),
(3935, 208, 0, '2018-04-16', 200, 'Оплата индивидуального пакета'),
(3938, 209, 1, '2018-02-01', 500, ''),
(3939, 209, 0, '2018-02-01', 500, 'Оплата индивидуального пакета'),
(3942, 210, 1, '2018-02-04', 3000, ''),
(3943, 210, 0, '2018-02-04', 3000, 'Оплата индивидуального пакета'),
(3952, 212, 1, '2018-02-13', 2000, ''),
(3953, 212, 0, '2018-02-13', 2000, 'Оплата индивидуального пакета'),
(3960, 213, 1, '2018-02-06', 2000, ''),
(3962, 213, 0, '2018-02-06', 2000, 'Оплата индивидуального пакета'),
(3969, 213, 1, '2018-03-24', 2000, 'сегодня первый урок по новому абонементу'),
(3970, 213, 0, '2018-03-24', 2000, 'Оплата индивидуального пакета'),
(3974, 214, 1, '2018-02-07', 2000, ''),
(3975, 214, 0, '2018-02-08', 2000, 'Оплата индивидуального пакета'),
(3979, 214, 1, '2018-03-04', 200, 'компенсация за позднюю отмену занятия Студией 01.03'),
(3982, 214, 1, '2018-03-22', 1800, 'сегодня первый урок по абонементу'),
(3983, 214, 0, '2018-03-22', 2000, 'Оплата индивидуального пакета'),
(3989, 215, 1, '2018-02-15', 500, 'поурочно'),
(3991, 215, 0, '2018-02-15', 500, 'Оплата индивидуального пакета'),
(3993, 216, 1, '2018-02-12', 3000, ''),
(3994, 216, 0, '2018-02-12', 3000, 'Оплата индивидуального пакета'),
(4003, 216, 1, '2018-03-12', 3000, 'сегодня было первое занятие по новому абонементу'),
(4004, 216, 0, '2018-03-12', 3000, 'Оплата индивидуального пакета'),
(4015, 217, 1, '2018-02-12', 1500, ''),
(4016, 217, 0, '2018-02-12', 1000, 'Оплата группового пакета'),
(4020, 217, 0, '2018-03-02', 400, 'Оплата группового пакета'),
(4025, 217, 1, '2018-04-07', 1250, 'на 6.04 -1 занятие (250 должны донести)'),
(4027, 217, 0, '2018-04-08', 400, 'Оплата группового пакета'),
(4028, 217, 0, '2018-04-10', 800, 'Оплата группового пакета'),
(4033, 218, 1, '2018-02-12', 1500, ''),
(4034, 218, 0, '2018-02-12', 1000, 'Оплата группового пакета'),
(4038, 218, 0, '2018-03-02', 400, 'Оплата группового пакета'),
(4043, 218, 1, '2018-04-07', 1250, 'на 6.04 -1 занятие (250 должны донести)'),
(4045, 218, 0, '2018-04-08', 400, 'Оплата группового пакета'),
(4046, 218, 0, '2018-04-10', 800, 'Оплата группового пакета'),
(4050, 220, 1, '2018-02-10', 500, ''),
(4051, 220, 0, '2018-02-10', 500, 'Оплата индивидуального пакета'),
(4056, 220, 1, '2018-02-13', 500, ''),
(4058, 220, 0, '2018-02-15', 500, 'Оплата индивидуального пакета'),
(4060, 220, 1, '2018-02-17', 500, 'поурочно'),
(4061, 220, 0, '2018-02-17', 500, 'Оплата индивидуального пакета'),
(4066, 220, 1, '2018-02-27', 2000, 'на 26 было 0 занятий'),
(4068, 220, 0, '2018-02-28', 2000, 'Оплата индивидуального пакета'),
(4073, 220, 1, '2018-03-20', 2000, 'на 21.03 на остатке -0.5'),
(4075, 220, 0, '2018-03-20', 2000, 'Оплата индивидуального пакета'),
(4076, 220, 1, '2018-03-27', 200, 'компенсация за позднюю отмену занятия Студией'),
(4077, 220, 0, '2018-03-29', 200, 'Оплата индивидуального пакета'),
(4081, 221, 1, '2018-02-10', 3000, ''),
(4082, 221, 0, '2018-02-11', 3000, 'Оплата индивидуального пакета'),
(4094, 221, 1, '2018-04-10', 3200, 'на 9.04 было 1 занятие в остатке'),
(4096, 221, 0, '2018-04-10', 3200, 'Оплата индивидуального пакета'),
(4098, 222, 1, '2018-02-10', 2500, ''),
(4099, 222, 0, '2018-02-11', 2500, 'Оплата индивидуального пакета'),
(4109, 223, 1, '2018-02-11', 1000, ''),
(4110, 223, 0, '2018-02-11', 1000, 'Оплата группового пакета'),
(4115, 223, 1, '2018-03-09', 1000, 'за групповые'),
(4116, 223, 0, '2018-03-09', 1000, 'Оплата группового пакета'),
(4123, 223, 1, '2018-04-21', 1000, 'на 20.04 -1 занятие'),
(4124, 223, 0, '2018-04-21', 1000, 'Оплата группового пакета'),
(4127, 224, 1, '2018-02-11', 1000, ''),
(4128, 224, 0, '2018-02-11', 1000, 'Оплата группового пакета'),
(4133, 224, 1, '2018-03-09', 1000, 'за групповые'),
(4134, 224, 0, '2018-03-09', 1000, 'Оплата группового пакета'),
(4141, 224, 1, '2018-04-21', 1000, 'на 20.04 -1 занятие'),
(4142, 224, 0, '2018-04-21', 1000, 'Оплата группового пакета'),
(4145, 225, 1, '2018-02-18', 3000, ''),
(4146, 225, 0, '2018-02-19', 3000, 'Оплата индивидуального пакета'),
(4157, 226, 1, '2018-03-06', 3000, 'на 06.03  минус два занятия (просили в долг) '),
(4158, 226, 0, '2018-03-06', 3000, 'Оплата индивидуального пакета'),
(4169, 226, 1, '2018-04-24', 1800, 'закрыли долг'),
(4184, 228, 1, '2018-02-28', 3000, 'на 28 фев было -1'),
(4185, 228, 0, '2018-02-28', 3000, 'Оплата индивидуального пакета'),
(4195, 229, 1, '2018-02-27', 800, 'было -1, но ошибочно по всей видимости'),
(4196, 229, 0, '2018-02-28', 800, 'Оплата группового пакета'),
(4204, 230, 1, '2018-02-27', 3000, ''),
(4206, 230, 0, '2018-02-27', 3000, 'Оплата индивидуального пакета'),
(4215, 230, 1, '2018-04-10', 3400, 'на 9,04 в остатке -0,5 занятия. '),
(4216, 230, 0, '2018-04-10', 200, 'Оплата индивидуального пакета'),
(4217, 230, 0, '2018-04-10', 3200, 'Оплата индивидуального пакета'),
(4221, 232, 1, '2018-02-27', 3000, ''),
(4222, 232, 0, '2018-02-27', 3000, 'Оплата индивидуального пакета'),
(4231, 232, 1, '2018-04-04', 200, 'корректировка баланса'),
(4232, 232, 0, '2018-04-04', 200, 'Оплата индивидуального пакета'),
(4233, 232, 1, '2018-04-07', 3200, 'на 06.04 +1занятие'),
(4235, 232, 0, '2018-04-07', 3200, 'Оплата индивидуального пакета'),
(4239, 233, 1, '2018-03-05', 3000, 'первая оплата'),
(4240, 233, 0, '2018-03-05', 3000, 'Оплата индивидуального пакета'),
(4250, 233, 1, '2018-04-10', 3200, 'на 10.04 в остатке -1 занятие'),
(4251, 233, 0, '2018-04-10', 3200, 'Оплата индивидуального пакета'),
(4256, 234, 1, '2018-02-27', 3000, 'первый абонемент.'),
(4257, 234, 0, '2018-02-27', 3000, 'Оплата индивидуального пакета'),
(4264, 234, 1, '2018-04-21', 200, ''),
(4265, 234, 0, '2018-04-21', 200, 'Оплата индивидуального пакета'),
(4267, 235, 1, '2018-02-27', 800, 'самая первая оплата'),
(4268, 235, 0, '2018-02-28', 800, 'Оплата группового пакета'),
(4274, 236, 1, '2018-02-28', 2000, 'первая оплата'),
(4275, 236, 0, '2018-02-28', 2000, 'Оплата индивидуального пакета'),
(4281, 237, 1, '2018-03-01', 3000, ''),
(4283, 237, 0, '2018-03-01', 3000, 'Оплата индивидуального пакета'),
(4291, 237, 1, '2018-04-24', 3200, 'на 23.04 в остатке 0,5 занятия'),
(4294, 238, 1, '2018-03-05', 2000, 'первая оплата'),
(4295, 238, 0, '2018-03-05', 2000, 'Оплата индивидуального пакета'),
(4300, 239, 1, '2018-03-03', 3000, ''),
(4301, 239, 0, '2018-03-03', 3000, 'Оплата индивидуального пакета'),
(4304, 239, 1, '2018-03-27', 200, 'компенсация за позднюю отмену занятия Студией'),
(4312, 241, 1, '2018-03-04', 3000, ''),
(4313, 241, 0, '2018-03-04', 3000, 'Оплата индивидуального пакета'),
(4322, 241, 1, '2018-04-14', 3200, 'на 14.04 0 занятий'),
(4323, 241, 0, '2018-04-14', 3200, 'Оплата индивидуального пакета'),
(4332, 243, 1, '2018-03-27', 500, 'на 26.03 было 0 индив. '),
(4334, 243, 1, '2018-03-27', 2000, 'абонемент с апреля'),
(4335, 243, 0, '2018-03-28', 500, 'Оплата индивидуального пакета'),
(4336, 243, 0, '2018-03-28', 2000, 'Оплата индивидуального пакета'),
(4346, 245, 1, '2018-03-14', 3000, 'сегодня было второе занятие по абонементу'),
(4348, 245, 0, '2018-03-15', 3000, 'Оплата индивидуального пакета'),
(4356, 246, 1, '2018-03-13', 500, 'поурочно'),
(4357, 246, 0, '2018-03-13', 500, 'Оплата индивидуального пакета'),
(4359, 246, 1, '2018-03-17', 500, 'поурочно'),
(4360, 246, 0, '2018-03-17', 500, 'Оплата индивидуального пакета'),
(4362, 246, 1, '2018-03-20', 500, 'оплата индив 20.03'),
(4363, 246, 0, '2018-03-20', 500, 'Оплата индивидуального пакета'),
(4366, 247, 1, '2018-03-16', 3000, ''),
(4367, 247, 0, '2018-03-16', 3000, 'Оплата индивидуального пакета'),
(4375, 247, 1, '2018-04-08', 3200, ''),
(4376, 247, 0, '2018-04-08', 3200, 'Оплата индивидуального пакета'),
(4380, 248, 1, '2018-03-11', 2000, ''),
(4381, 248, 0, '2018-03-11', 2000, 'Оплата индивидуального пакета'),
(4384, 248, 1, '2018-04-08', 2000, 'на 7.04 +3 занятия'),
(4386, 248, 0, '2018-04-10', 1800, 'Оплата индивидуального пакета'),
(4387, 248, 1, '2018-04-15', 1200, 'на 14.04 +6 занятий'),
(4388, 248, 0, '2018-04-15', 900, 'Оплата индивидуального пакета'),
(4389, 248, 0, '2018-04-15', 500, 'Оплата индивидуального пакета'),
(4392, 249, 1, '2018-03-14', 3000, 'сегодня первый урок по новому абонементу'),
(4394, 249, 0, '2018-03-15', 3000, 'Оплата индивидуального пакета'),
(4397, 250, 1, '2018-03-20', 2000, 'сегодня было первое занятие по новому абонементу'),
(4399, 250, 0, '2018-03-20', 2000, 'Оплата индивидуального пакета'),
(4404, 250, 1, '2018-04-24', 500, 'поурочно'),
(4405, 250, 0, '2018-04-24', 500, 'Оплата индивидуального пакета'),
(4407, 252, 1, '2018-03-15', 3000, ''),
(4408, 252, 0, '2018-03-15', 3000, 'Оплата индивидуального пакета'),
(4415, 253, 1, '2018-03-17', 800, 'групповое'),
(4417, 253, 0, '2018-03-17', 800, 'Оплата группового пакета'),
(4422, 254, 1, '2018-03-18', 2000, ''),
(4423, 254, 0, '2018-03-18', 2000, 'Оплата индивидуального пакета'),
(4428, 254, 1, '2018-04-15', 3200, ''),
(4429, 254, 0, '2018-04-15', 3200, 'Оплата индивидуального пакета'),
(4432, 255, 1, '2018-03-17', 800, 'групповые'),
(4433, 255, 0, '2018-03-17', 800, 'Оплата группового пакета'),
(4438, 256, 1, '2018-03-25', 2000, '1000 еще донесет '),
(4440, 256, 1, '2018-03-28', 1000, 'довнесла за абонемент за 8 занятий'),
(4441, 256, 0, '2018-03-28', 3000, 'Оплата индивидуального пакета'),
(4451, 257, 1, '2018-03-27', 3000, 'сегодня было первое занятие по новому абонементу'),
(4452, 257, 0, '2018-03-28', 3000, 'Оплата индивидуального пакета'),
(4459, 257, 1, '2018-04-19', 3300, 'на 18.04 в остатке 1 занятие, '),
(4461, 257, 0, '2018-04-19', 3200, 'Оплата индивидуального пакета'),
(4464, 259, 1, '2018-03-22', 500, ''),
(4465, 259, 0, '2018-03-23', 500, 'Оплата индивидуального пакета'),
(4466, 260, 1, '2018-03-21', 3000, 'первая оплата'),
(4467, 260, 0, '2018-03-21', 3000, 'Оплата индивидуального пакета'),
(4474, 261, 1, '2018-03-29', 500, 'индив за 29.03'),
(4475, 261, 0, '2018-03-29', 500, 'Оплата индивидуального пакета'),
(4477, 262, 1, '2018-03-22', 2000, ''),
(4478, 262, 0, '2018-03-23', 2000, 'Оплата индивидуального пакета'),
(4479, 263, 1, '2018-03-23', 3000, ''),
(4481, 263, 0, '2018-03-23', 3000, 'Оплата индивидуального пакета'),
(4488, 264, 1, '2018-03-24', 500, ''),
(4489, 264, 1, '2018-03-31', 2000, 'сегодня первое занятие по абонементу '),
(4490, 264, 0, '2018-03-31', 500, 'Оплата индивидуального пакета'),
(4491, 264, 0, '2018-03-31', 2000, 'Оплата индивидуального пакета'),
(4495, 265, 1, '2018-03-24', 3000, ''),
(4496, 265, 0, '2018-03-25', 3000, 'Оплата индивидуального пакета'),
(4502, 266, 1, '2018-04-03', 3200, ''),
(4503, 266, 0, '2018-04-04', 3200, 'Оплата индивидуального пакета'),
(4510, 267, 1, '2018-03-28', 3000, 'новый абонемент'),
(4511, 267, 0, '2018-03-28', 3000, 'Оплата индивидуального пакета'),
(4517, 268, 1, '2018-03-29', 500, 'поурочно'),
(4518, 268, 0, '2018-03-29', 500, 'Оплата индивидуального пакета'),
(4521, 268, 1, '2018-04-05', 3200, ''),
(4522, 268, 0, '2018-04-06', 3200, 'Оплата индивидуального пакета'),
(4529, 269, 1, '2018-04-01', 500, ''),
(4530, 269, 0, '2018-04-02', 500, 'Оплата индивидуального пакета'),
(4531, 269, 1, '2018-04-02', 500, 'все по нулям'),
(4534, 269, 1, '2018-04-09', 500, 'поурочно'),
(4535, 269, 0, '2018-04-10', 500, 'Оплата индивидуального пакета'),
(4536, 270, 1, '2018-03-29', 3000, 'сегодня было первое занятие по новому абонементу'),
(4538, 270, 0, '2018-03-29', 3000, 'Оплата индивидуального пакета'),
(4543, 271, 1, '2018-04-02', 2000, 'сегодня первый урок по новому абонементу'),
(4544, 271, 0, '2018-04-02', 1800, 'Оплата индивидуального пакета'),
(4548, 272, 1, '2018-04-06', 500, 'поурочно'),
(4550, 272, 0, '2018-04-06', 500, 'Оплата индивидуального пакета'),
(4551, 273, 1, '2018-04-10', 500, ''),
(4552, 273, 0, '2018-04-10', 500, 'Оплата индивидуального пакета'),
(4555, 276, 1, '2018-04-11', 1800, ''),
(4556, 276, 0, '2018-04-11', 1800, 'Оплата индивидуального пакета'),
(4558, 277, 1, '2018-04-05', 1800, 'первая оплата'),
(4559, 277, 0, '2018-04-05', 1800, 'Оплата индивидуального пакета'),
(4564, 279, 1, '2018-04-10', 1800, 'новый абонемент с 9.04'),
(4565, 279, 0, '2018-04-10', 1800, 'Оплата индивидуального пакета'),
(4567, 0, 1, '2018-04-14', 1000, '2 урока разовых'),
(4568, 0, 0, '2018-04-14', 500, 'Оплата индивидуального пакета'),
(4569, 0, 0, '2018-04-14', 500, 'Оплата индивидуального пакета'),
(4572, 0, 1, '2018-04-21', 1000, '2 урока разовых'),
(4574, 0, 0, '2018-04-21', 500, 'Оплата индивидуального пакета'),
(4575, 0, 0, '2018-04-21', 500, 'Оплата индивидуального пакета'),
(4577, 280, 1, '2018-04-09', 3200, ''),
(4578, 280, 0, '2018-04-10', 3200, 'Оплата индивидуального пакета'),
(4580, 281, 1, '2018-04-11', 3200, 'первая оплата'),
(4581, 281, 1, '2018-04-11', 3200, 'первая оплата'),
(4583, 281, 0, '2018-04-11', 3200, 'Оплата индивидуального пакета'),
(4589, 282, 1, '2018-04-15', 3200, '14.04 первое занятие по абонементу'),
(4590, 282, 0, '2018-04-15', 3200, 'Оплата индивидуального пакета'),
(4591, 283, 1, '2018-04-17', 3200, 'сегодня первое занятие по новому абонементу '),
(4593, 283, 0, '2018-04-18', 3200, 'Оплата индивидуального пакета'),
(4595, 286, 1, '2018-04-16', 800, 'сегодня было первое групповое занятие'),
(4597, 286, 0, '2018-04-17', 800, 'Оплата группового пакета'),
(4600, 287, 1, '2018-04-16', 1600, 'сегодня было первое групповое занятие'),
(4602, 287, 0, '2018-04-17', 800, 'Оплата группового пакета'),
(4606, 288, 1, '2018-04-17', 3200, 'на 17.04 -1 занятие'),
(4607, 288, 0, '2018-04-17', 3200, 'Оплата индивидуального пакета'),
(4609, 289, 1, '2018-04-17', 500, ''),
(4611, 289, 0, '2018-04-18', 500, 'Оплата индивидуального пакета'),
(4613, 289, 1, '2018-04-23', 200, ''),
(4614, 289, 0, '2018-04-23', 200, 'Оплата индивидуального пакета'),
(4616, 291, 1, '2018-04-17', 3200, 'первая оплата'),
(4617, 291, 0, '2018-04-18', 3200, 'Оплата индивидуального пакета'),
(4620, 292, 1, '2018-04-17', 500, ''),
(4622, 292, 0, '2018-04-18', 500, 'Оплата индивидуального пакета'),
(4623, 293, 1, '2018-04-20', 3200, 'первая оплата'),
(4624, 293, 0, '2018-04-20', 3200, 'Оплата индивидуального пакета'),
(4627, 294, 1, '2018-04-24', 3200, 'сегодня было первое занятие в абонементе '),
(4631, 299, 1, '2018-04-28', 2000, 'первая оплата'),
(4632, 299, 1, '2018-04-28', 500, 'Тестовый платеж'),
(4635, 299, 0, '2018-04-28', 400, 'пвроьт'),
(4636, 299, 0, '2018-04-28', 800, 'Списание 2'),
(4637, 299, 0, '2018-04-28', 150, 'ипгнщнгщ'),
(4638, 299, 0, '2018-04-28', 150, 'пгнщпрщ'),
(4639, 299, 0, '2018-04-28', 300, 'фукапцукер'),
(4640, 299, 0, '2018-04-28', 600, 'Зачисление'),
(4641, 299, 1, '2018-04-28', 1200, 'зачисление'),
(4642, 299, 0, '2018-04-28', 1000, 'Списание'),
(4643, 299, 1, '2018-04-28', 500, 'ыаортн'),
(4644, 299, 0, '2018-04-28', 500, 'уец4е'),
(4645, 299, 1, '2018-04-28', 600, 'норешзгт'),
(4646, 299, 0, '2018-04-28', 400, 'Списание'),
(4647, 299, 1, '2018-04-28', 300, 'Зачисление'),
(4648, 299, 1, '2018-04-28', 500, 'Зачисление'),
(4649, 300, 1, '2018-04-29', 1000, 'Примечание'),
(4650, 300, 1, '2018-04-29', 1000, 'Примечание 2'),
(4651, 300, 0, '2018-04-29', 500, 'Списание'),
(4652, 300, 0, '2018-04-29', 500, 'упекцеп'),
(4653, 300, 0, '2018-04-29', 500, 'Оплата индивидуального пакета'),
(4654, 300, 1, '2018-04-29', 5000, 'Примечание'),
(4655, 300, 0, '2018-04-29', 1000, 'Оплата группового пакета'),
(4656, 300, 0, '2018-04-29', 1800, 'Оплата индивидуального пакета'),
(4657, 300, 0, '2018-04-29', 500, 'Оплата индивидуального пакета'),
(4658, 300, 0, '2018-04-29', 800, 'Оплата группового пакета'),
(4659, 300, 0, '2018-04-29', 800, 'Оплата группового пакета'),
(4660, 300, 1, '2018-04-29', 5000, 'dghjtdyu'),
(4661, 300, 0, '2018-04-29', 500, 'Оплата индивидуального пакета'),
(4662, 300, 0, '2018-04-29', 500, 'Оплата индивидуального пакета'),
(4663, 300, 0, '2018-04-29', 1000, 'Оплата группового пакета'),
(4664, 300, 0, '2018-04-29', 3000, 'Просто списание'),
(4665, 300, 1, '2018-04-29', 100, 'rwyhrty'),
(4666, 300, 0, '2018-04-29', 100, 'dsfgrewtg'),
(4667, 298, 1, '2018-04-29', 1000, 'Тестовое пополнение баланса'),
(4668, 298, 0, '2018-04-29', 500, 'Оплата индивидуального пакета'),
(4669, 298, 1, '2018-04-29', 300, 'Зачисление'),
(4670, 298, 0, '2018-04-29', 400, 'Оплата группового пакета'),
(4671, 298, 0, '2018-04-29', 200, 'Оплата группового пакета'),
(4672, 298, 0, '2018-04-29', 200, 'Оплата группового пакета'),
(4673, 298, 1, '2018-04-29', 1000, 'Зачисление со страницы клинтов');

-- --------------------------------------------------------

--
-- Структура таблицы `Payment_Tarif`
--

CREATE TABLE `Payment_Tarif` (
  `id` int(11) NOT NULL,
  `title` varchar(255) NOT NULL,
  `price` float NOT NULL,
  `lessons_count` int(11) NOT NULL,
  `lessons_type` int(11) NOT NULL,
  `access` int(11) NOT NULL
) ENGINE=InnoDB DEFAULT CHARSET=utf8;

--
-- Дамп данных таблицы `Payment_Tarif`
--

INSERT INTO `Payment_Tarif` (`id`, `title`, `price`, `lessons_count`, `lessons_type`, `access`) VALUES
(1, 'Разовое занятие', 500, 1, 1, 1),
(2, 'Пакет из 5 уроков', 2000, 5, 1, 0),
(3, 'Пакет из 8 уроков, старый тариф', 3000, 8, 1, 0),
(4, 'Спецтариф 1 урок', 400, 1, 1, 0),
(5, 'старт 3 индив', 1, 3, 1, 0),
(6, 'старт 4 индив', 1, 4, 1, 0),
(7, 'старт 5 индив', 1, 5, 1, 0),
(8, 'старт 6 индив', 1, 6, 1, 0),
(9, 'старт 7 индив', 1, 7, 1, 0),
(10, 'старт 8 индив', 1, 8, 1, 0),
(11, 'старт 1 индив', 1, 1, 1, 0),
(12, 'по 350 4 урока', 1400, 4, 1, 0),
(13, 'старт 2 индив', 1, 2, 1, 0),
(14, 'Пакет из 4 уроков', 800, 4, 2, 1),
(15, 'поур 300р индив', 300, 1, 1, 0),
(16, 'индив на 4 урока', 1600, 4, 1, 0),
(17, 'индив за 350р на 4 урока', 1400, 4, 1, 0),
(18, 'старт 10 индив', 1, 10, 1, 0),
(19, 'индив по 300р на 5 ур', 1500, 5, 1, 0),
(20, 'спец 5', 0, 5, 1, 0),
(21, 'индив по 400р на 3ур', 1200, 3, 1, 0),
(22, 'Пакет из 5 уроков', 1000, 5, 2, 1),
(23, 'индив на 7 ур за 2500р', 2500, 7, 1, 0),
(24, 'абонплата 400 + урок 300', 700, 1, 1, 0),
(25, '8 уроков по 300р', 2400, 8, 1, 0),
(26, '6 уроков по 300р', 1800, 6, 1, 0),
(27, '3 урока по 300р', 900, 3, 1, 0),
(28, 'поур по 350р индив', 350, 1, 1, 0),
(29, 'селештино', 2600, 8, 1, 0),
(30, '8 за 350р', 2800, 8, 1, 0),
(31, '8 за 300р', 2400, 8, 1, 0),
(32, '2 групповых', 400, 2, 2, 0),
(33, 'Полурока', 200, 0, 1, 0),
(34, 'одно групповое', 200, 1, 2, 0),
(35, 'Основной на 4 уроков', 1800, 4, 1, 1),
(36, 'Основной на 8 уроков', 3200, 8, 1, 1),
(37, 'Захарова 600абон + 300 ур', 900, 1, 1, 0),
(38, 'Индив на 7 уроков по 400 руб', 2800, 7, 1, 1);

-- --------------------------------------------------------

--
-- Структура таблицы `Property`
--

CREATE TABLE `Property` (
  `id` int(11) NOT NULL,
  `tag_name` varchar(50) NOT NULL,
  `title` varchar(150) NOT NULL,
  `description` text NOT NULL,
  `type` varchar(50) NOT NULL,
  `multiple` int(11) NOT NULL DEFAULT '1',
  `default_value` text NOT NULL,
  `active` int(11) NOT NULL DEFAULT '1',
  `dir` int(11) NOT NULL,
  `sorting` int(11) NOT NULL
) ENGINE=InnoDB DEFAULT CHARSET=utf8;

--
-- Дамп данных таблицы `Property`
--

INSERT INTO `Property` (`id`, `tag_name`, `title`, `description`, `type`, `multiple`, `default_value`, `active`, `dir`, `sorting`) VALUES
(4, 'description', 'Описание', '', 'text', 1, '', 1, 6, 0),
(9, 'vk', 'Ссылка вконтакте', '', 'string', 0, '', 1, 2, 0),
(10, 'lesson_type', 'Тип урока', '', 'list', 0, '', 1, 2, 0),
(12, 'balance', 'Баланс', '', 'int', 0, '0', 1, 2, 0),
(13, 'indev_lessons', 'Кол-во индивидуальных занятий', '', 'int', 0, '0', 1, 2, 0),
(14, 'group_lessons', 'Кол-во групповых занятий', '', 'int', 0, '0', 1, 2, 0),
(15, '', 'Студия', '', 'list', 0, '0', 1, 2, 0),
(16, 'add_phone', 'Дополнительный телефон', '', 'string', 1, '', 1, 2, 0),
(17, 'lesson_time', 'Длительность урока (мин)', '', 'int', 0, '55', 1, 2, 0),
(18, '', 'Соглашение подписано', '', 'bool', 0, '', 1, 2, 0),
(19, 'notes', 'Примечание', '', 'text', 0, '', 1, 2, 0),
(20, 'instrument', 'Инструмент', '', 'list', 0, '0', 1, 0, 0),
(21, 'teachers', 'Учителя', 'Принадлежность ученика к разным учителям', 'list', 1, '', 1, 2, 0),
(22, 'last_entry', 'Последняя авторизация', '', 'string', 0, '', 1, 2, 0),
(23, 'count', 'Количество', '', 'int', 1, '', 1, 6, 0),
(24, 'param', 'Параметры', '', 'string', 1, '', 1, 6, 0),
(25, 'list', 'Список', '', 'list', 1, '', 1, 6, 0),
(26, 'payment_comment', 'Комментарий', 'Комментарий к платежу', 'string', 1, '', 1, 0, 0),
(27, 'lid_status', 'Статус лида', '', 'list', 0, '80', 1, 0, 0);

-- --------------------------------------------------------

--
-- Структура таблицы `Property_Bool`
--

CREATE TABLE `Property_Bool` (
  `id` int(11) NOT NULL,
  `property_id` int(11) NOT NULL,
  `value` int(11) NOT NULL,
  `model_name` varchar(100) NOT NULL,
  `object_id` int(11) NOT NULL
) ENGINE=InnoDB DEFAULT CHARSET=utf8;

--
-- Дамп данных таблицы `Property_Bool`
--

INSERT INTO `Property_Bool` (`id`, `property_id`, `value`, `model_name`, `object_id`) VALUES
(590, 18, 1, 'User', 15),
(591, 18, 1, 'User', 16),
(592, 18, 1, 'User', 230),
(593, 18, 1, 'User', 233),
(594, 18, 1, 'User', 238),
(595, 18, 1, 'User', 241),
(596, 18, 1, 'User', 242),
(597, 18, 1, 'User', 243),
(598, 18, 1, 'User', 245),
(599, 18, 1, 'User', 247),
(600, 18, 1, 'User', 248),
(601, 18, 1, 'User', 250),
(602, 18, 1, 'User', 252),
(603, 18, 1, 'User', 253),
(604, 18, 1, 'User', 255),
(605, 18, 1, 'User', 256),
(606, 18, 1, 'User', 257),
(607, 18, 1, 'User', 259),
(608, 18, 1, 'User', 260),
(609, 18, 1, 'User', 261),
(610, 18, 1, 'User', 264),
(611, 18, 1, 'User', 265),
(612, 18, 1, 'User', 266),
(613, 18, 1, 'User', 267),
(614, 18, 1, 'User', 268),
(615, 18, 1, 'User', 269),
(616, 18, 1, 'User', 270),
(617, 18, 1, 'User', 272),
(618, 18, 1, 'User', 273),
(619, 18, 1, 'User', 274),
(620, 18, 1, 'User', 275),
(621, 18, 1, 'User', 276),
(622, 18, 1, 'User', 277),
(623, 18, 1, 'User', 279),
(624, 18, 1, 'User', 282),
(625, 18, 1, 'User', 283),
(626, 18, 1, 'User', 286),
(627, 18, 1, 'User', 288),
(628, 18, 1, 'User', 289),
(629, 18, 1, 'User', 291),
(630, 18, 1, 'User', 293),
(631, 18, 1, 'User', 295),
(632, 18, 1, 'User', 298),
(633, 18, 0, 'User', 300);

-- --------------------------------------------------------

--
-- Структура таблицы `Property_Bool_Assigment`
--

CREATE TABLE `Property_Bool_Assigment` (
  `id` int(11) NOT NULL,
  `property_id` int(11) NOT NULL,
  `object_id` int(11) NOT NULL,
  `model_name` text NOT NULL
) ENGINE=InnoDB DEFAULT CHARSET=utf8;

--
-- Дамп данных таблицы `Property_Bool_Assigment`
--

INSERT INTO `Property_Bool_Assigment` (`id`, `property_id`, `object_id`, `model_name`) VALUES
(1, 18, 5, 'User_Group'),
(589, 18, 15, 'User'),
(590, 18, 16, 'User'),
(591, 18, 230, 'User'),
(592, 18, 233, 'User'),
(593, 18, 238, 'User'),
(594, 18, 241, 'User'),
(595, 18, 242, 'User'),
(596, 18, 243, 'User'),
(597, 18, 245, 'User'),
(598, 18, 247, 'User'),
(599, 18, 248, 'User'),
(600, 18, 250, 'User'),
(601, 18, 252, 'User'),
(602, 18, 253, 'User'),
(603, 18, 255, 'User'),
(604, 18, 256, 'User'),
(605, 18, 257, 'User'),
(606, 18, 259, 'User'),
(607, 18, 260, 'User'),
(608, 18, 261, 'User'),
(609, 18, 264, 'User'),
(610, 18, 265, 'User'),
(611, 18, 266, 'User'),
(612, 18, 267, 'User'),
(613, 18, 268, 'User'),
(614, 18, 269, 'User'),
(615, 18, 270, 'User'),
(616, 18, 272, 'User'),
(617, 18, 273, 'User'),
(618, 18, 274, 'User'),
(619, 18, 275, 'User'),
(620, 18, 276, 'User'),
(621, 18, 277, 'User'),
(622, 18, 279, 'User'),
(623, 18, 282, 'User'),
(624, 18, 283, 'User'),
(625, 18, 286, 'User'),
(626, 18, 288, 'User'),
(627, 18, 289, 'User'),
(628, 18, 291, 'User'),
(629, 18, 293, 'User'),
(630, 18, 295, 'User'),
(631, 18, 298, 'User'),
(632, 18, 300, 'User');

-- --------------------------------------------------------

--
-- Структура таблицы `Property_Dir`
--

CREATE TABLE `Property_Dir` (
  `id` int(11) NOT NULL,
  `title` varchar(150) NOT NULL,
  `description` text NOT NULL,
  `dir` int(11) NOT NULL,
  `sorting` int(11) NOT NULL
) ENGINE=InnoDB DEFAULT CHARSET=utf8;

--
-- Дамп данных таблицы `Property_Dir`
--

INSERT INTO `Property_Dir` (`id`, `title`, `description`, `dir`, `sorting`) VALUES
(2, 'Ученики', '', 0, 10),
(6, 'Тестовые свойства', 'Свойства для тестирования различного рода функционала', 0, 0);

-- --------------------------------------------------------

--
-- Структура таблицы `Property_Int`
--

CREATE TABLE `Property_Int` (
  `id` int(11) NOT NULL,
  `property_id` int(11) NOT NULL,
  `value` float NOT NULL,
  `model_name` varchar(100) NOT NULL,
  `object_id` int(11) NOT NULL
) ENGINE=InnoDB DEFAULT CHARSET=utf8;

--
-- Дамп данных таблицы `Property_Int`
--

INSERT INTO `Property_Int` (`id`, `property_id`, `value`, `model_name`, `object_id`) VALUES
(10947, 23, 0, 'Structure_Item', 7),
(11790, 12, 0, 'User', 0),
(11791, 13, 0, 'User', 0),
(11792, 14, 0, 'User', 0),
(12719, 12, 0, 'User', 0),
(12720, 13, 0, 'User', 0),
(12721, 14, 0, 'User', 0),
(13109, 12, 0, 'User', 2),
(13110, 13, 0, 'User', 2),
(13111, 14, 0, 'User', 2),
(13112, 12, 0, 'User', 3),
(13113, 13, 0, 'User', 3),
(13114, 14, 0, 'User', 3),
(13115, 12, 0, 'User', 4),
(13116, 13, 0, 'User', 4),
(13117, 14, 0, 'User', 4),
(13118, 12, 0, 'User', 5),
(13119, 13, 0, 'User', 5),
(13120, 14, 0, 'User', 5),
(13121, 12, 0, 'User', 6),
(13122, 13, 0, 'User', 6),
(13123, 14, 0, 'User', 6),
(13124, 12, 0, 'User', 7),
(13125, 13, 0, 'User', 7),
(13126, 14, 0, 'User', 7),
(13127, 12, 0, 'User', 8),
(13128, 13, 0, 'User', 8),
(13129, 14, 0, 'User', 8),
(13130, 12, 0, 'User', 9),
(13131, 13, 0, 'User', 9),
(13132, 14, 0, 'User', 9),
(13133, 12, 0, 'User', 10),
(13134, 13, 0, 'User', 10),
(13135, 14, 0, 'User', 10),
(13136, 12, 0, 'User', 11),
(13137, 13, 0, 'User', 11),
(13138, 14, 0, 'User', 11),
(13139, 12, 0, 'User', 12),
(13140, 13, 0, 'User', 12),
(13141, 14, 0, 'User', 12),
(13142, 12, 0, 'User', 13),
(13143, 13, 0, 'User', 13),
(13144, 14, 0, 'User', 13),
(13145, 12, 0, 'User', 14),
(13146, 13, 0, 'User', 14),
(13147, 14, 0, 'User', 14),
(13148, 12, 0, 'User', 15),
(13149, 13, -1, 'User', 15),
(13150, 14, 0, 'User', 15),
(13151, 12, 200, 'User', 16),
(13152, 13, 3, 'User', 16),
(13153, 14, 0, 'User', 16),
(13154, 12, 0, 'User', 17),
(13155, 13, 5, 'User', 17),
(13156, 14, 0, 'User', 17),
(13157, 12, 0, 'User', 18),
(13158, 13, 1, 'User', 18),
(13159, 14, 0, 'User', 18),
(13160, 12, 0, 'User', 19),
(13161, 13, 0, 'User', 19),
(13162, 14, 0, 'User', 19),
(13163, 12, 1, 'User', 20),
(13164, 13, 0, 'User', 20),
(13165, 14, 0, 'User', 20),
(13166, 12, 0, 'User', 21),
(13167, 13, -1, 'User', 21),
(13168, 14, 0, 'User', 21),
(13169, 12, 0, 'User', 22),
(13170, 13, 4, 'User', 22),
(13171, 14, 0, 'User', 22),
(13172, 12, 0, 'User', 23),
(13173, 13, 0, 'User', 23),
(13174, 14, 0, 'User', 23),
(13175, 12, 0, 'User', 24),
(13176, 13, 0, 'User', 24),
(13177, 14, 0, 'User', 24),
(13178, 12, 0, 'User', 25),
(13179, 13, 3, 'User', 25),
(13180, 14, 0, 'User', 25),
(13181, 12, 0, 'User', 26),
(13182, 13, -3, 'User', 26),
(13183, 14, 0, 'User', 26),
(13184, 12, 0, 'User', 27),
(13185, 13, 4, 'User', 27),
(13186, 14, 0, 'User', 27),
(13187, 12, 50, 'User', 28),
(13188, 13, 3, 'User', 28),
(13189, 14, 0, 'User', 28),
(13190, 12, 0, 'User', 29),
(13191, 13, 1, 'User', 29),
(13192, 14, 0, 'User', 29),
(13193, 12, 0, 'User', 30),
(13194, 13, -3, 'User', 30),
(13195, 14, 0, 'User', 30),
(13196, 12, 0, 'User', 31),
(13197, 13, 0, 'User', 31),
(13198, 14, 0, 'User', 31),
(13199, 12, 0, 'User', 32),
(13200, 13, 1, 'User', 32),
(13201, 14, 0, 'User', 32),
(13202, 12, 0, 'User', 33),
(13203, 13, 2, 'User', 33),
(13204, 14, 0, 'User', 33),
(13205, 12, 0, 'User', 34),
(13206, 13, 3, 'User', 34),
(13207, 14, 0, 'User', 34),
(13208, 12, 0, 'User', 35),
(13209, 13, 3, 'User', 35),
(13210, 14, 0, 'User', 35),
(13211, 12, 0, 'User', 36),
(13212, 13, 1, 'User', 36),
(13213, 14, 0, 'User', 36),
(13214, 12, 0, 'User', 37),
(13215, 13, 4, 'User', 37),
(13216, 14, 0, 'User', 37),
(13217, 12, 0, 'User', 38),
(13218, 13, 2, 'User', 38),
(13219, 14, 0, 'User', 38),
(13220, 12, 0, 'User', 39),
(13221, 13, -3, 'User', 39),
(13222, 14, 0, 'User', 39),
(13223, 12, 0, 'User', 40),
(13224, 13, 0, 'User', 40),
(13225, 14, 0, 'User', 40),
(13226, 12, 0, 'User', 41),
(13227, 13, 0, 'User', 41),
(13228, 14, 0, 'User', 41),
(13229, 12, 0, 'User', 42),
(13230, 13, 0, 'User', 42),
(13231, 14, 0, 'User', 42),
(13232, 12, 0, 'User', 43),
(13233, 13, 0, 'User', 43),
(13234, 14, 1, 'User', 43),
(13235, 12, 0, 'User', 44),
(13236, 13, 0, 'User', 44),
(13237, 14, 0, 'User', 44),
(13238, 12, 0, 'User', 45),
(13239, 13, 3, 'User', 45),
(13240, 14, 0, 'User', 45),
(13241, 12, 0, 'User', 46),
(13242, 13, 0, 'User', 46),
(13243, 14, 0, 'User', 46),
(13244, 12, 0, 'User', 47),
(13245, 13, 2, 'User', 47),
(13246, 14, 0, 'User', 47),
(13247, 12, 50, 'User', 48),
(13248, 13, 6, 'User', 48),
(13249, 14, 0, 'User', 48),
(13250, 12, 0, 'User', 49),
(13251, 13, 2, 'User', 49),
(13252, 14, 0, 'User', 49),
(13253, 12, 0, 'User', 50),
(13254, 13, 2, 'User', 50),
(13255, 14, 0, 'User', 50),
(13256, 12, 1, 'User', 51),
(13257, 13, 0, 'User', 51),
(13258, 14, 0, 'User', 51),
(13259, 12, 1, 'User', 52),
(13260, 13, 4, 'User', 52),
(13261, 14, 0, 'User', 52),
(13262, 12, 0, 'User', 53),
(13263, 13, 1, 'User', 53),
(13264, 14, 0, 'User', 53),
(13265, 12, 0, 'User', 54),
(13266, 13, 2, 'User', 54),
(13267, 14, 0, 'User', 54),
(13268, 12, 0, 'User', 55),
(13269, 13, 0, 'User', 55),
(13270, 14, 0, 'User', 55),
(13271, 12, 0, 'User', 56),
(13272, 13, 2, 'User', 56),
(13273, 14, 0, 'User', 56),
(13274, 12, 0, 'User', 57),
(13275, 13, 2, 'User', 57),
(13276, 14, 0, 'User', 57),
(13277, 12, 0, 'User', 58),
(13278, 13, 6, 'User', 58),
(13279, 14, 0, 'User', 58),
(13280, 12, 0, 'User', 59),
(13281, 13, 1, 'User', 59),
(13282, 14, 0, 'User', 59),
(13283, 12, 0, 'User', 60),
(13284, 13, -7, 'User', 60),
(13285, 14, 0, 'User', 60),
(13286, 12, 0, 'User', 61),
(13287, 13, 4, 'User', 61),
(13288, 14, 0, 'User', 61),
(13289, 12, 0, 'User', 62),
(13290, 13, 0, 'User', 62),
(13291, 14, 0, 'User', 62),
(13292, 12, 0, 'User', 63),
(13293, 13, 6, 'User', 63),
(13294, 14, 0, 'User', 63),
(13295, 12, 0, 'User', 64),
(13296, 13, 1, 'User', 64),
(13297, 14, 0, 'User', 64),
(13298, 12, 0, 'User', 65),
(13299, 13, 4, 'User', 65),
(13300, 14, 0, 'User', 65),
(13301, 12, 0, 'User', 66),
(13302, 13, 0, 'User', 66),
(13303, 14, 0, 'User', 66),
(13304, 12, 0, 'User', 67),
(13305, 13, 4, 'User', 67),
(13306, 14, 0, 'User', 67),
(13307, 12, 0, 'User', 68),
(13308, 13, 0, 'User', 68),
(13309, 14, 0, 'User', 68),
(13310, 12, 0, 'User', 69),
(13311, 13, 0, 'User', 69),
(13312, 14, 0, 'User', 69),
(13313, 12, 0, 'User', 70),
(13314, 13, 0, 'User', 70),
(13315, 14, 0, 'User', 70),
(13316, 12, 0, 'User', 71),
(13317, 13, -2, 'User', 71),
(13318, 14, 0, 'User', 71),
(13319, 12, 0, 'User', 72),
(13320, 13, 2, 'User', 72),
(13321, 14, 0, 'User', 72),
(13322, 12, 0, 'User', 73),
(13323, 13, 1, 'User', 73),
(13324, 14, 0, 'User', 73),
(13325, 12, 0, 'User', 74),
(13326, 13, 0, 'User', 74),
(13327, 14, 0, 'User', 74),
(13328, 12, 1, 'User', 75),
(13329, 13, 1, 'User', 75),
(13330, 14, 0, 'User', 75),
(13331, 12, 0, 'User', 76),
(13332, 13, 3, 'User', 76),
(13333, 14, 0, 'User', 76),
(13334, 12, 0, 'User', 77),
(13335, 13, -1, 'User', 77),
(13336, 14, 0, 'User', 77),
(13337, 12, 0, 'User', 78),
(13338, 13, 4, 'User', 78),
(13339, 14, 0, 'User', 78),
(13340, 12, 1, 'User', 79),
(13341, 13, 0, 'User', 79),
(13342, 14, 0, 'User', 79),
(13343, 12, 0, 'User', 80),
(13344, 13, 4, 'User', 80),
(13345, 14, 0, 'User', 80),
(13346, 12, 0, 'User', 81),
(13347, 13, 0, 'User', 81),
(13348, 14, 0, 'User', 81),
(13349, 12, 0, 'User', 82),
(13350, 13, 4, 'User', 82),
(13351, 14, 0, 'User', 82),
(13352, 12, 0, 'User', 83),
(13353, 13, 0, 'User', 83),
(13354, 14, 0, 'User', 83),
(13355, 12, 0, 'User', 84),
(13356, 13, -1, 'User', 84),
(13357, 14, 0, 'User', 84),
(13358, 12, 0, 'User', 85),
(13359, 13, 7, 'User', 85),
(13360, 14, 0, 'User', 85),
(13361, 12, 0, 'User', 86),
(13362, 13, 3, 'User', 86),
(13363, 14, 0, 'User', 86),
(13364, 12, 0, 'User', 87),
(13365, 13, 2, 'User', 87),
(13366, 14, 0, 'User', 87),
(13367, 12, 0, 'User', 88),
(13368, 13, 0, 'User', 88),
(13369, 14, 0, 'User', 88),
(13370, 12, 0, 'User', 89),
(13371, 13, 0, 'User', 89),
(13372, 14, 0, 'User', 89),
(13373, 12, 0, 'User', 90),
(13374, 13, 0, 'User', 90),
(13375, 14, 0, 'User', 90),
(13376, 12, 0, 'User', 91),
(13377, 13, -1, 'User', 91),
(13378, 14, 0, 'User', 91),
(13379, 12, 0, 'User', 92),
(13380, 13, 2, 'User', 92),
(13381, 14, 0, 'User', 92),
(13382, 12, 0, 'User', 93),
(13383, 13, 2, 'User', 93),
(13384, 14, 0, 'User', 93),
(13385, 12, 0, 'User', 94),
(13386, 13, 0, 'User', 94),
(13387, 14, 0, 'User', 94),
(13388, 12, 1200, 'User', 95),
(13389, 13, 1, 'User', 95),
(13390, 14, 0, 'User', 95),
(13391, 12, 0, 'User', 96),
(13392, 13, -1, 'User', 96),
(13393, 14, 0, 'User', 96),
(13394, 12, 800, 'User', 97),
(13395, 13, 2, 'User', 97),
(13396, 14, 1, 'User', 97),
(13397, 12, 0, 'User', 98),
(13398, 13, 0, 'User', 98),
(13399, 14, 0, 'User', 98),
(13400, 12, 0, 'User', 99),
(13401, 13, 0, 'User', 99),
(13402, 14, 0, 'User', 99),
(13403, 12, 0, 'User', 100),
(13404, 13, 3, 'User', 100),
(13405, 14, 0, 'User', 100),
(13406, 12, 1400, 'User', 101),
(13407, 13, -2, 'User', 101),
(13408, 14, 0, 'User', 101),
(13409, 12, 0, 'User', 102),
(13410, 13, 1, 'User', 102),
(13411, 14, 0, 'User', 102),
(13412, 12, 0, 'User', 103),
(13413, 13, -1, 'User', 103),
(13414, 14, 0, 'User', 103),
(13415, 12, 0, 'User', 104),
(13416, 13, 2, 'User', 104),
(13417, 14, 0, 'User', 104),
(13418, 12, 1800, 'User', 105),
(13419, 13, 0, 'User', 105),
(13420, 14, 0, 'User', 105),
(13421, 12, 0, 'User', 106),
(13422, 13, 0, 'User', 106),
(13423, 14, 0, 'User', 106),
(13424, 12, 0, 'User', 107),
(13425, 13, 0, 'User', 107),
(13426, 14, 0, 'User', 107),
(13427, 12, 0, 'User', 108),
(13428, 13, 0, 'User', 108),
(13429, 14, 0, 'User', 108),
(13430, 12, 0, 'User', 109),
(13431, 13, 0, 'User', 109),
(13432, 14, 0, 'User', 109),
(13433, 12, 0, 'User', 110),
(13434, 13, 12, 'User', 110),
(13435, 14, 0, 'User', 110),
(13436, 12, 0, 'User', 111),
(13437, 13, 0, 'User', 111),
(13438, 14, 0, 'User', 111),
(13439, 12, 0, 'User', 112),
(13440, 13, 0, 'User', 112),
(13441, 14, 0, 'User', 112),
(13442, 12, 0, 'User', 113),
(13443, 13, 0, 'User', 113),
(13444, 14, 0, 'User', 113),
(13445, 12, 0, 'User', 114),
(13446, 13, 3, 'User', 114),
(13447, 14, 0, 'User', 114),
(13448, 12, 0, 'User', 115),
(13449, 13, -2, 'User', 115),
(13450, 14, 0, 'User', 115),
(13451, 12, 0, 'User', 116),
(13452, 13, -1, 'User', 116),
(13453, 14, 0, 'User', 116),
(13454, 12, 0, 'User', 117),
(13455, 13, 0, 'User', 117),
(13456, 14, 0, 'User', 117),
(13457, 12, 0, 'User', 118),
(13458, 13, 1, 'User', 118),
(13459, 14, 0, 'User', 118),
(13460, 12, 0, 'User', 119),
(13461, 13, 2, 'User', 119),
(13462, 14, 0, 'User', 119),
(13463, 12, 0, 'User', 120),
(13464, 13, 0, 'User', 120),
(13465, 14, 2, 'User', 120),
(13466, 12, 0, 'User', 121),
(13467, 13, 0, 'User', 121),
(13468, 14, 0, 'User', 121),
(13469, 12, 0, 'User', 122),
(13470, 13, 0, 'User', 122),
(13471, 14, 0, 'User', 122),
(13472, 12, 500, 'User', 123),
(13473, 13, -3, 'User', 123),
(13474, 14, 0, 'User', 123),
(13475, 12, 0, 'User', 124),
(13476, 13, 0, 'User', 124),
(13477, 14, 0, 'User', 124),
(13478, 12, 0, 'User', 125),
(13479, 13, 9, 'User', 125),
(13480, 14, 0, 'User', 125),
(13481, 12, 0, 'User', 126),
(13482, 13, -2, 'User', 126),
(13483, 14, 0, 'User', 126),
(13484, 12, 0, 'User', 127),
(13485, 13, 7, 'User', 127),
(13486, 14, 0, 'User', 127),
(13487, 12, 0, 'User', 128),
(13488, 13, 0, 'User', 128),
(13489, 14, 0, 'User', 128),
(13490, 12, 0, 'User', 129),
(13491, 13, 0, 'User', 129),
(13492, 14, 0, 'User', 129),
(13493, 12, 200, 'User', 130),
(13494, 13, 1, 'User', 130),
(13495, 14, 0, 'User', 130),
(13496, 12, 0, 'User', 131),
(13497, 13, 1, 'User', 131),
(13498, 14, 0, 'User', 131),
(13499, 12, 0, 'User', 132),
(13500, 13, 2, 'User', 132),
(13501, 14, 0, 'User', 132),
(13502, 12, 1, 'User', 133),
(13503, 13, 0, 'User', 133),
(13504, 14, 0, 'User', 133),
(13505, 12, 0, 'User', 134),
(13506, 13, 0, 'User', 134),
(13507, 14, 0, 'User', 134),
(13508, 12, 0, 'User', 135),
(13509, 13, 0, 'User', 135),
(13510, 14, 0, 'User', 135),
(13511, 12, 2, 'User', 136),
(13512, 13, 2, 'User', 136),
(13513, 14, 0, 'User', 136),
(13514, 12, 200, 'User', 137),
(13515, 13, 0, 'User', 137),
(13516, 14, 0, 'User', 137),
(13517, 12, 0, 'User', 138),
(13518, 13, 0, 'User', 138),
(13519, 14, 0, 'User', 138),
(13520, 12, 0, 'User', 139),
(13521, 13, 7, 'User', 139),
(13522, 14, 0, 'User', 139),
(13523, 12, 0, 'User', 140),
(13524, 13, 0, 'User', 140),
(13525, 14, 0, 'User', 140),
(13526, 12, 3200, 'User', 141),
(13527, 13, 0, 'User', 141),
(13528, 14, 0, 'User', 141),
(13529, 12, 0, 'User', 142),
(13530, 13, 0, 'User', 142),
(13531, 14, 0, 'User', 142),
(13532, 12, 0, 'User', 143),
(13533, 13, 0, 'User', 143),
(13534, 14, 0, 'User', 143),
(13535, 12, 0, 'User', 144),
(13536, 13, 5, 'User', 144),
(13537, 14, 0, 'User', 144),
(13538, 12, 0, 'User', 145),
(13539, 13, 0, 'User', 145),
(13540, 14, 0, 'User', 145),
(13541, 12, 0, 'User', 146),
(13542, 13, 0, 'User', 146),
(13543, 14, 0, 'User', 146),
(13544, 12, 0, 'User', 147),
(13545, 13, 0, 'User', 147),
(13546, 14, 0, 'User', 147),
(13547, 12, 1600, 'User', 148),
(13548, 13, 4, 'User', 148),
(13549, 14, 1, 'User', 148),
(13550, 12, 0, 'User', 149),
(13551, 13, 4, 'User', 149),
(13552, 14, 0, 'User', 149),
(13553, 12, 0, 'User', 150),
(13554, 13, 1, 'User', 150),
(13555, 14, 0, 'User', 150),
(13556, 12, 0, 'User', 151),
(13557, 13, 0, 'User', 151),
(13558, 14, 0, 'User', 151),
(13559, 12, 0, 'User', 152),
(13560, 13, 2, 'User', 152),
(13561, 14, 0, 'User', 152),
(13562, 12, 0, 'User', 153),
(13563, 13, 0, 'User', 153),
(13564, 14, 0, 'User', 153),
(13565, 12, 0, 'User', 154),
(13566, 13, 0, 'User', 154),
(13567, 14, 0, 'User', 154),
(13568, 12, 0, 'User', 155),
(13569, 13, 0, 'User', 155),
(13570, 14, 0, 'User', 155),
(13571, 12, 0, 'User', 156),
(13572, 13, 0, 'User', 156),
(13573, 14, 0, 'User', 156),
(13574, 12, 0, 'User', 157),
(13575, 13, 2, 'User', 157),
(13576, 14, 0, 'User', 157),
(13577, 12, 0, 'User', 158),
(13578, 13, 3, 'User', 158),
(13579, 14, 0, 'User', 158),
(13580, 12, 0, 'User', 159),
(13581, 13, 0, 'User', 159),
(13582, 14, 0, 'User', 159),
(13583, 12, 0, 'User', 160),
(13584, 13, 3, 'User', 160),
(13585, 14, 0, 'User', 160),
(13586, 12, 0, 'User', 161),
(13587, 13, 0, 'User', 161),
(13588, 14, 0, 'User', 161),
(13589, 12, 0, 'User', 162),
(13590, 13, 0, 'User', 162),
(13591, 14, 0, 'User', 162),
(13592, 12, 0, 'User', 163),
(13593, 13, 3, 'User', 163),
(13594, 14, 0, 'User', 163),
(13595, 12, 0, 'User', 164),
(13596, 13, 0, 'User', 164),
(13597, 14, 0, 'User', 164),
(13598, 12, 0, 'User', 165),
(13599, 13, 0, 'User', 165),
(13600, 14, 0, 'User', 165),
(13601, 12, 0, 'User', 166),
(13602, 13, 9, 'User', 166),
(13603, 14, 0, 'User', 166),
(13604, 12, 0, 'User', 167),
(13605, 13, 7, 'User', 167),
(13606, 14, 0, 'User', 167),
(13607, 12, 0, 'User', 168),
(13608, 13, 0, 'User', 168),
(13609, 14, 0, 'User', 168),
(13610, 12, 0, 'User', 169),
(13611, 13, -3, 'User', 169),
(13612, 14, 0, 'User', 169),
(13613, 12, 5, 'User', 170),
(13614, 13, 0, 'User', 170),
(13615, 14, 0, 'User', 170),
(13616, 12, 0, 'User', 171),
(13617, 13, 0, 'User', 171),
(13618, 14, 0, 'User', 171),
(13619, 12, 0, 'User', 172),
(13620, 13, 0, 'User', 172),
(13621, 14, 0, 'User', 172),
(13622, 12, 0, 'User', 173),
(13623, 13, 0, 'User', 173),
(13624, 14, 2, 'User', 173),
(13625, 12, 0, 'User', 174),
(13626, 13, 0, 'User', 174),
(13627, 14, 2, 'User', 174),
(13628, 12, 0, 'User', 175),
(13629, 13, 4, 'User', 175),
(13630, 14, 0, 'User', 175),
(13631, 12, 0, 'User', 176),
(13632, 13, 1, 'User', 176),
(13633, 14, 0, 'User', 176),
(13634, 12, 0, 'User', 177),
(13635, 13, 0, 'User', 177),
(13636, 14, 0, 'User', 177),
(13637, 12, 0, 'User', 178),
(13638, 13, 0, 'User', 178),
(13639, 14, 0, 'User', 178),
(13640, 12, 0, 'User', 179),
(13641, 13, 2, 'User', 179),
(13642, 14, 0, 'User', 179),
(13643, 12, 0, 'User', 180),
(13644, 13, 0, 'User', 180),
(13645, 14, 0, 'User', 180),
(13646, 12, 0, 'User', 181),
(13647, 13, 0, 'User', 181),
(13648, 14, 0, 'User', 181),
(13649, 12, 0, 'User', 182),
(13650, 13, 0, 'User', 182),
(13651, 14, 0, 'User', 182),
(13652, 12, 0, 'User', 183),
(13653, 13, 5, 'User', 183),
(13654, 14, 0, 'User', 183),
(13655, 12, 0, 'User', 184),
(13656, 13, 2, 'User', 184),
(13657, 14, 0, 'User', 184),
(13658, 12, 0, 'User', 185),
(13659, 13, 1, 'User', 185),
(13660, 14, 0, 'User', 185),
(13661, 12, 0, 'User', 186),
(13662, 13, 1, 'User', 186),
(13663, 14, 0, 'User', 186),
(13664, 12, 0, 'User', 187),
(13665, 13, 0, 'User', 187),
(13666, 14, 0, 'User', 187),
(13667, 12, 0, 'User', 188),
(13668, 13, 0, 'User', 188),
(13669, 14, 0, 'User', 188),
(13670, 12, 0, 'User', 189),
(13671, 13, 0, 'User', 189),
(13672, 14, 0, 'User', 189),
(13673, 12, 0, 'User', 190),
(13674, 13, 2, 'User', 190),
(13675, 14, 0, 'User', 190),
(13676, 12, 0, 'User', 191),
(13677, 13, 3, 'User', 191),
(13678, 14, 0, 'User', 191),
(13679, 12, 0, 'User', 192),
(13680, 13, 1, 'User', 192),
(13681, 14, 0, 'User', 192),
(13682, 12, 0, 'User', 193),
(13683, 13, 7, 'User', 193),
(13684, 14, 0, 'User', 193),
(13685, 12, 0, 'User', 194),
(13686, 13, 2, 'User', 194),
(13687, 14, 0, 'User', 194),
(13688, 12, 0, 'User', 195),
(13689, 13, 0, 'User', 195),
(13690, 14, 0, 'User', 195),
(13691, 12, 0, 'User', 196),
(13692, 13, 2, 'User', 196),
(13693, 14, 0, 'User', 196),
(13694, 12, 0, 'User', 197),
(13695, 13, 0, 'User', 197),
(13696, 14, 0, 'User', 197),
(13697, 12, 0, 'User', 198),
(13698, 13, -1, 'User', 198),
(13699, 14, 0, 'User', 198),
(13700, 12, 0, 'User', 199),
(13701, 13, 1, 'User', 199),
(13702, 14, 0, 'User', 199),
(13703, 12, 0, 'User', 200),
(13704, 13, 0, 'User', 200),
(13705, 14, 0, 'User', 200),
(13706, 12, 0, 'User', 201),
(13707, 13, 0, 'User', 201),
(13708, 14, 0, 'User', 201),
(13709, 12, 0, 'User', 202),
(13710, 13, 0, 'User', 202),
(13711, 14, 0, 'User', 202),
(13712, 12, 0, 'User', 203),
(13713, 13, -1, 'User', 203),
(13714, 14, 0, 'User', 203),
(13715, 12, 0, 'User', 204),
(13716, 13, 4, 'User', 204),
(13717, 14, 0, 'User', 204),
(13718, 12, 0, 'User', 205),
(13719, 13, 0, 'User', 205),
(13720, 14, 0, 'User', 205),
(13721, 12, 0, 'User', 206),
(13722, 13, 1, 'User', 206),
(13723, 14, 0, 'User', 206),
(13724, 12, 100, 'User', 207),
(13725, 13, -2, 'User', 207),
(13726, 14, 0, 'User', 207),
(13727, 12, 0, 'User', 208),
(13728, 13, 5, 'User', 208),
(13729, 14, 0, 'User', 208),
(13730, 12, 0, 'User', 209),
(13731, 13, 0, 'User', 209),
(13732, 14, 0, 'User', 209),
(13733, 12, 0, 'User', 210),
(13734, 13, 0, 'User', 210),
(13735, 14, 0, 'User', 210),
(13736, 12, 0, 'User', 211),
(13737, 13, 0, 'User', 211),
(13738, 14, 0, 'User', 211),
(13739, 12, 0, 'User', 212),
(13740, 13, 0, 'User', 212),
(13741, 14, 0, 'User', 212),
(13742, 12, 0, 'User', 213),
(13743, 13, 1, 'User', 213),
(13744, 14, 0, 'User', 213),
(13745, 12, 0, 'User', 214),
(13746, 13, 0, 'User', 214),
(13747, 14, 0, 'User', 214),
(13748, 12, 0, 'User', 215),
(13749, 13, 0, 'User', 215),
(13750, 14, 0, 'User', 215),
(13751, 12, 0, 'User', 216),
(13752, 13, 0, 'User', 216),
(13753, 14, 0, 'User', 216),
(13754, 12, 150, 'User', 217),
(13755, 13, 0, 'User', 217),
(13756, 14, 1, 'User', 217),
(13757, 12, 150, 'User', 218),
(13758, 13, 0, 'User', 218),
(13759, 14, 1, 'User', 218),
(13760, 12, 0, 'User', 219),
(13761, 13, 0, 'User', 219),
(13762, 14, 0, 'User', 219),
(13763, 12, 0, 'User', 220),
(13764, 13, 2, 'User', 220),
(13765, 14, 0, 'User', 220),
(13766, 12, 0, 'User', 221),
(13767, 13, 7, 'User', 221),
(13768, 14, 0, 'User', 221),
(13769, 12, 0, 'User', 222),
(13770, 13, -1, 'User', 222),
(13771, 14, 0, 'User', 222),
(13772, 12, 0, 'User', 223),
(13773, 13, 0, 'User', 223),
(13774, 14, 3, 'User', 223),
(13775, 12, 0, 'User', 224),
(13776, 13, 0, 'User', 224),
(13777, 14, 3, 'User', 224),
(13778, 12, 0, 'User', 225),
(13779, 13, -1, 'User', 225),
(13780, 14, 0, 'User', 225),
(13781, 12, 1800, 'User', 226),
(13782, 13, -4, 'User', 226),
(13783, 14, 0, 'User', 226),
(13784, 12, 0, 'User', 227),
(13785, 13, 0, 'User', 227),
(13786, 14, 0, 'User', 227),
(13787, 12, 0, 'User', 228),
(13788, 13, 0, 'User', 228),
(13789, 14, 0, 'User', 228),
(13790, 12, 0, 'User', 229),
(13791, 13, 0, 'User', 229),
(13792, 14, 1, 'User', 229),
(13793, 12, 0, 'User', 230),
(13794, 13, 5, 'User', 230),
(13795, 14, 0, 'User', 230),
(13796, 12, 0, 'User', 231),
(13797, 13, 0, 'User', 231),
(13798, 14, 0, 'User', 231),
(13799, 12, 0, 'User', 232),
(13800, 13, 5, 'User', 232),
(13801, 14, 0, 'User', 232),
(13802, 12, 0, 'User', 233),
(13803, 13, 3, 'User', 233),
(13804, 14, 0, 'User', 233),
(13805, 12, 0, 'User', 234),
(13806, 13, 2, 'User', 234),
(13807, 14, 0, 'User', 234),
(13808, 12, 0, 'User', 235),
(13809, 13, 0, 'User', 235),
(13810, 14, 1, 'User', 235),
(13811, 12, 0, 'User', 236),
(13812, 13, 0, 'User', 236),
(13813, 14, 0, 'User', 236),
(13814, 12, 3200, 'User', 237),
(13815, 13, 0, 'User', 237),
(13816, 14, 0, 'User', 237),
(13817, 12, 0, 'User', 238),
(13818, 13, 0, 'User', 238),
(13819, 14, 0, 'User', 238),
(13820, 12, 0, 'User', 239),
(13821, 13, 0, 'User', 239),
(13822, 14, 0, 'User', 239),
(13823, 12, 0, 'User', 240),
(13824, 13, 0, 'User', 240),
(13825, 14, 0, 'User', 240),
(13826, 12, 0, 'User', 241),
(13827, 13, 4, 'User', 241),
(13828, 14, 0, 'User', 241),
(13829, 12, 0, 'User', 242),
(13830, 13, 1, 'User', 242),
(13831, 14, 0, 'User', 242),
(13832, 12, 0, 'User', 243),
(13833, 13, 1, 'User', 243),
(13834, 14, 0, 'User', 243),
(13835, 12, 0, 'User', 244),
(13836, 13, 3, 'User', 244),
(13837, 14, 0, 'User', 244),
(13838, 12, 0, 'User', 245),
(13839, 13, 1, 'User', 245),
(13840, 14, 0, 'User', 245),
(13841, 12, 0, 'User', 246),
(13842, 13, 0, 'User', 246),
(13843, 14, 0, 'User', 246),
(13844, 12, 0, 'User', 247),
(13845, 13, 5, 'User', 247),
(13846, 14, 0, 'User', 247),
(13847, 12, 0, 'User', 248),
(13848, 13, 8, 'User', 248),
(13849, 14, 0, 'User', 248),
(13850, 12, 0, 'User', 249),
(13851, 13, 5, 'User', 249),
(13852, 14, 0, 'User', 249),
(13853, 12, 0, 'User', 250),
(13854, 13, 0, 'User', 250),
(13855, 14, 0, 'User', 250),
(13856, 12, 0, 'User', 251),
(13857, 13, 0, 'User', 251),
(13858, 14, 0, 'User', 251),
(13859, 12, 0, 'User', 252),
(13860, 13, 2, 'User', 252),
(13861, 14, 0, 'User', 252),
(13862, 12, 0, 'User', 253),
(13863, 13, 0, 'User', 253),
(13864, 14, 0, 'User', 253),
(13865, 12, 0, 'User', 254),
(13866, 13, 7, 'User', 254),
(13867, 14, 0, 'User', 254),
(13868, 12, 0, 'User', 255),
(13869, 13, 0, 'User', 255),
(13870, 14, 0, 'User', 255),
(13871, 12, 0, 'User', 256),
(13872, 13, 0, 'User', 256),
(13873, 14, 0, 'User', 256),
(13874, 12, 100, 'User', 257),
(13875, 13, 7, 'User', 257),
(13876, 14, 0, 'User', 257),
(13877, 12, 0, 'User', 258),
(13878, 13, 0, 'User', 258),
(13879, 14, 0, 'User', 258),
(13880, 12, 0, 'User', 259),
(13881, 13, 0, 'User', 259),
(13882, 14, 0, 'User', 259),
(13883, 12, 0, 'User', 260),
(13884, 13, 2, 'User', 260),
(13885, 14, 0, 'User', 260),
(13886, 12, 0, 'User', 261),
(13887, 13, 0, 'User', 261),
(13888, 14, 0, 'User', 261),
(13889, 12, 0, 'User', 262),
(13890, 13, 5, 'User', 262),
(13891, 14, 0, 'User', 262),
(13892, 12, 0, 'User', 263),
(13893, 13, 2, 'User', 263),
(13894, 14, 0, 'User', 263),
(13895, 12, 0, 'User', 264),
(13896, 13, 3, 'User', 264),
(13897, 14, 0, 'User', 264),
(13898, 12, 0, 'User', 265),
(13899, 13, 4, 'User', 265),
(13900, 14, 0, 'User', 265),
(13901, 12, 0, 'User', 266),
(13902, 13, 1, 'User', 266),
(13903, 14, 0, 'User', 266),
(13904, 12, 0, 'User', 267),
(13905, 13, 4, 'User', 267),
(13906, 14, 0, 'User', 267),
(13907, 12, 0, 'User', 268),
(13908, 13, 1, 'User', 268),
(13909, 14, 0, 'User', 268),
(13910, 12, 0, 'User', 269),
(13911, 13, 0, 'User', 269),
(13912, 14, 0, 'User', 269),
(13913, 12, 0, 'User', 270),
(13914, 13, 4, 'User', 270),
(13915, 14, 0, 'User', 270),
(13916, 12, 200, 'User', 271),
(13917, 13, 0, 'User', 271),
(13918, 14, 0, 'User', 271),
(13919, 12, 0, 'User', 272),
(13920, 13, 0, 'User', 272),
(13921, 14, 0, 'User', 272),
(13922, 12, 0, 'User', 273),
(13923, 13, 0, 'User', 273),
(13924, 14, 0, 'User', 273),
(13925, 12, 0, 'User', 274),
(13926, 13, 0, 'User', 274),
(13927, 14, 0, 'User', 274),
(13928, 12, 0, 'User', 275),
(13929, 13, 0, 'User', 275),
(13930, 14, 0, 'User', 275),
(13931, 12, 0, 'User', 276),
(13932, 13, 2, 'User', 276),
(13933, 14, 0, 'User', 276),
(13934, 12, 0, 'User', 277),
(13935, 13, 1, 'User', 277),
(13936, 14, 0, 'User', 277),
(13937, 12, 0, 'User', 278),
(13938, 13, 0, 'User', 278),
(13939, 14, 0, 'User', 278),
(13940, 12, 0, 'User', 279),
(13941, 13, 2, 'User', 279),
(13942, 14, 0, 'User', 279),
(13943, 12, 0, 'User', 0),
(13944, 13, 0, 'User', 0),
(13945, 14, 0, 'User', 0),
(13946, 12, 0, 'User', 280),
(13947, 13, 7, 'User', 280),
(13948, 14, 0, 'User', 280),
(13949, 12, 0, 'User', 281),
(13950, 13, 4, 'User', 281),
(13951, 14, 0, 'User', 281),
(13952, 12, 0, 'User', 282),
(13953, 13, 7, 'User', 282),
(13954, 14, 0, 'User', 282),
(13955, 12, 0, 'User', 283),
(13956, 13, 6, 'User', 283),
(13957, 14, 0, 'User', 283),
(13958, 12, 0, 'User', 284),
(13959, 13, 0, 'User', 284),
(13960, 14, 0, 'User', 284),
(13961, 12, 0, 'User', 285),
(13962, 13, 0, 'User', 285),
(13963, 14, 0, 'User', 285),
(13964, 12, 0, 'User', 286),
(13965, 13, 0, 'User', 286),
(13966, 14, 1, 'User', 286),
(13967, 12, 800, 'User', 287),
(13968, 13, 0, 'User', 287),
(13969, 14, 1, 'User', 287),
(13970, 12, 0, 'User', 288),
(13971, 13, 6, 'User', 288),
(13972, 14, 0, 'User', 288),
(13973, 12, 0, 'User', 289),
(13974, 13, 0, 'User', 289),
(13975, 14, 0, 'User', 289),
(13976, 12, 0, 'User', 290),
(13977, 13, 0, 'User', 290),
(13978, 14, 0, 'User', 290),
(13979, 12, 0, 'User', 291),
(13980, 13, 6, 'User', 291),
(13981, 14, 0, 'User', 291),
(13985, 12, 0, 'User', 293),
(13986, 13, 7, 'User', 293),
(13987, 14, 0, 'User', 293),
(13988, 12, 3200, 'User', 294),
(13989, 13, -1, 'User', 294),
(13990, 14, 0, 'User', 294),
(13991, 12, 0, 'User', 295),
(13992, 13, 0, 'User', 295),
(13993, 14, 0, 'User', 295),
(13994, 12, 0, 'User', 296),
(13995, 13, 0, 'User', 296),
(13996, 14, 0, 'User', 296),
(13997, 12, 0, 'User', 297),
(13998, 13, 4, 'User', 297),
(13999, 14, 0, 'User', 297),
(14000, 12, 1000, 'User', 298),
(14001, 13, 1, 'User', 298),
(14002, 14, 4, 'User', 298),
(14003, 12, 2000, 'User', 299),
(14004, 13, 0, 'User', 299),
(14005, 14, 0, 'User', 299),
(14006, 12, 100, 'User', 300),
(14007, 13, 9, 'User', 300),
(14008, 14, 18, 'User', 300),
(14009, 17, 55, 'User', 300);

-- --------------------------------------------------------

--
-- Структура таблицы `Property_Int_Assigment`
--

CREATE TABLE `Property_Int_Assigment` (
  `id` int(11) NOT NULL,
  `property_id` int(11) NOT NULL,
  `object_id` int(11) NOT NULL,
  `model_name` varchar(255) NOT NULL
) ENGINE=InnoDB DEFAULT CHARSET=utf8;

--
-- Дамп данных таблицы `Property_Int_Assigment`
--

INSERT INTO `Property_Int_Assigment` (`id`, `property_id`, `object_id`, `model_name`) VALUES
(2, 12, 5, 'User_Group'),
(3, 13, 5, 'User_Group'),
(4, 14, 5, 'User_Group'),
(5, 17, 5, 'User_Group'),
(5628, 23, 4, 'Structure'),
(10918, 23, 7, 'Structure_Item'),
(13080, 12, 2, 'User'),
(13081, 13, 2, 'User'),
(13082, 14, 2, 'User'),
(13083, 12, 3, 'User'),
(13084, 13, 3, 'User'),
(13085, 14, 3, 'User'),
(13086, 12, 4, 'User'),
(13087, 13, 4, 'User'),
(13088, 14, 4, 'User'),
(13089, 12, 5, 'User'),
(13090, 13, 5, 'User'),
(13091, 14, 5, 'User'),
(13092, 12, 6, 'User'),
(13093, 13, 6, 'User'),
(13094, 14, 6, 'User'),
(13095, 12, 7, 'User'),
(13096, 13, 7, 'User'),
(13097, 14, 7, 'User'),
(13098, 12, 8, 'User'),
(13099, 13, 8, 'User'),
(13100, 14, 8, 'User'),
(13101, 12, 9, 'User'),
(13102, 13, 9, 'User'),
(13103, 14, 9, 'User'),
(13104, 12, 10, 'User'),
(13105, 13, 10, 'User'),
(13106, 14, 10, 'User'),
(13107, 12, 11, 'User'),
(13108, 13, 11, 'User'),
(13109, 14, 11, 'User'),
(13110, 12, 12, 'User'),
(13111, 13, 12, 'User'),
(13112, 14, 12, 'User'),
(13113, 12, 13, 'User'),
(13114, 13, 13, 'User'),
(13115, 14, 13, 'User'),
(13116, 12, 14, 'User'),
(13117, 13, 14, 'User'),
(13118, 14, 14, 'User'),
(13119, 12, 15, 'User'),
(13120, 13, 15, 'User'),
(13121, 14, 15, 'User'),
(13122, 12, 16, 'User'),
(13123, 13, 16, 'User'),
(13124, 14, 16, 'User'),
(13125, 12, 17, 'User'),
(13126, 13, 17, 'User'),
(13127, 14, 17, 'User'),
(13128, 12, 18, 'User'),
(13129, 13, 18, 'User'),
(13130, 14, 18, 'User'),
(13131, 12, 19, 'User'),
(13132, 13, 19, 'User'),
(13133, 14, 19, 'User'),
(13134, 12, 20, 'User'),
(13135, 13, 20, 'User'),
(13136, 14, 20, 'User'),
(13137, 12, 21, 'User'),
(13138, 13, 21, 'User'),
(13139, 14, 21, 'User'),
(13140, 12, 22, 'User'),
(13141, 13, 22, 'User'),
(13142, 14, 22, 'User'),
(13143, 12, 23, 'User'),
(13144, 13, 23, 'User'),
(13145, 14, 23, 'User'),
(13146, 12, 24, 'User'),
(13147, 13, 24, 'User'),
(13148, 14, 24, 'User'),
(13149, 12, 25, 'User'),
(13150, 13, 25, 'User'),
(13151, 14, 25, 'User'),
(13152, 12, 26, 'User'),
(13153, 13, 26, 'User'),
(13154, 14, 26, 'User'),
(13155, 12, 27, 'User'),
(13156, 13, 27, 'User'),
(13157, 14, 27, 'User'),
(13158, 12, 28, 'User'),
(13159, 13, 28, 'User'),
(13160, 14, 28, 'User'),
(13161, 12, 29, 'User'),
(13162, 13, 29, 'User'),
(13163, 14, 29, 'User'),
(13164, 12, 30, 'User'),
(13165, 13, 30, 'User'),
(13166, 14, 30, 'User'),
(13167, 12, 31, 'User'),
(13168, 13, 31, 'User'),
(13169, 14, 31, 'User'),
(13170, 12, 32, 'User'),
(13171, 13, 32, 'User'),
(13172, 14, 32, 'User'),
(13173, 12, 33, 'User'),
(13174, 13, 33, 'User'),
(13175, 14, 33, 'User'),
(13176, 12, 34, 'User'),
(13177, 13, 34, 'User'),
(13178, 14, 34, 'User'),
(13179, 12, 35, 'User'),
(13180, 13, 35, 'User'),
(13181, 14, 35, 'User'),
(13182, 12, 36, 'User'),
(13183, 13, 36, 'User'),
(13184, 14, 36, 'User'),
(13185, 12, 37, 'User'),
(13186, 13, 37, 'User'),
(13187, 14, 37, 'User'),
(13188, 12, 38, 'User'),
(13189, 13, 38, 'User'),
(13190, 14, 38, 'User'),
(13191, 12, 39, 'User'),
(13192, 13, 39, 'User'),
(13193, 14, 39, 'User'),
(13194, 12, 40, 'User'),
(13195, 13, 40, 'User'),
(13196, 14, 40, 'User'),
(13197, 12, 41, 'User'),
(13198, 13, 41, 'User'),
(13199, 14, 41, 'User'),
(13200, 12, 42, 'User'),
(13201, 13, 42, 'User'),
(13202, 14, 42, 'User'),
(13203, 12, 43, 'User'),
(13204, 13, 43, 'User'),
(13205, 14, 43, 'User'),
(13206, 12, 44, 'User'),
(13207, 13, 44, 'User'),
(13208, 14, 44, 'User'),
(13209, 12, 45, 'User'),
(13210, 13, 45, 'User'),
(13211, 14, 45, 'User'),
(13212, 12, 46, 'User'),
(13213, 13, 46, 'User'),
(13214, 14, 46, 'User'),
(13215, 12, 47, 'User'),
(13216, 13, 47, 'User'),
(13217, 14, 47, 'User'),
(13218, 12, 48, 'User'),
(13219, 13, 48, 'User'),
(13220, 14, 48, 'User'),
(13221, 12, 49, 'User'),
(13222, 13, 49, 'User'),
(13223, 14, 49, 'User'),
(13224, 12, 50, 'User'),
(13225, 13, 50, 'User'),
(13226, 14, 50, 'User'),
(13227, 12, 51, 'User'),
(13228, 13, 51, 'User'),
(13229, 14, 51, 'User'),
(13230, 12, 52, 'User'),
(13231, 13, 52, 'User'),
(13232, 14, 52, 'User'),
(13233, 12, 53, 'User'),
(13234, 13, 53, 'User'),
(13235, 14, 53, 'User'),
(13236, 12, 54, 'User'),
(13237, 13, 54, 'User'),
(13238, 14, 54, 'User'),
(13239, 12, 55, 'User'),
(13240, 13, 55, 'User'),
(13241, 14, 55, 'User'),
(13242, 12, 56, 'User'),
(13243, 13, 56, 'User'),
(13244, 14, 56, 'User'),
(13245, 12, 57, 'User'),
(13246, 13, 57, 'User'),
(13247, 14, 57, 'User'),
(13248, 12, 58, 'User'),
(13249, 13, 58, 'User'),
(13250, 14, 58, 'User'),
(13251, 12, 59, 'User'),
(13252, 13, 59, 'User'),
(13253, 14, 59, 'User'),
(13254, 12, 60, 'User'),
(13255, 13, 60, 'User'),
(13256, 14, 60, 'User'),
(13257, 12, 61, 'User'),
(13258, 13, 61, 'User'),
(13259, 14, 61, 'User'),
(13260, 12, 62, 'User'),
(13261, 13, 62, 'User'),
(13262, 14, 62, 'User'),
(13263, 12, 63, 'User'),
(13264, 13, 63, 'User'),
(13265, 14, 63, 'User'),
(13266, 12, 64, 'User'),
(13267, 13, 64, 'User'),
(13268, 14, 64, 'User'),
(13269, 12, 65, 'User'),
(13270, 13, 65, 'User'),
(13271, 14, 65, 'User'),
(13272, 12, 66, 'User'),
(13273, 13, 66, 'User'),
(13274, 14, 66, 'User'),
(13275, 12, 67, 'User'),
(13276, 13, 67, 'User'),
(13277, 14, 67, 'User'),
(13278, 12, 68, 'User'),
(13279, 13, 68, 'User'),
(13280, 14, 68, 'User'),
(13281, 12, 69, 'User'),
(13282, 13, 69, 'User'),
(13283, 14, 69, 'User'),
(13284, 12, 70, 'User'),
(13285, 13, 70, 'User'),
(13286, 14, 70, 'User'),
(13287, 12, 71, 'User'),
(13288, 13, 71, 'User'),
(13289, 14, 71, 'User'),
(13290, 12, 72, 'User'),
(13291, 13, 72, 'User'),
(13292, 14, 72, 'User'),
(13293, 12, 73, 'User'),
(13294, 13, 73, 'User'),
(13295, 14, 73, 'User'),
(13296, 12, 74, 'User'),
(13297, 13, 74, 'User'),
(13298, 14, 74, 'User'),
(13299, 12, 75, 'User'),
(13300, 13, 75, 'User'),
(13301, 14, 75, 'User'),
(13302, 12, 76, 'User'),
(13303, 13, 76, 'User'),
(13304, 14, 76, 'User'),
(13305, 12, 77, 'User'),
(13306, 13, 77, 'User'),
(13307, 14, 77, 'User'),
(13308, 12, 78, 'User'),
(13309, 13, 78, 'User'),
(13310, 14, 78, 'User'),
(13311, 12, 79, 'User'),
(13312, 13, 79, 'User'),
(13313, 14, 79, 'User'),
(13314, 12, 80, 'User'),
(13315, 13, 80, 'User'),
(13316, 14, 80, 'User'),
(13317, 12, 81, 'User'),
(13318, 13, 81, 'User'),
(13319, 14, 81, 'User'),
(13320, 12, 82, 'User'),
(13321, 13, 82, 'User'),
(13322, 14, 82, 'User'),
(13323, 12, 83, 'User'),
(13324, 13, 83, 'User'),
(13325, 14, 83, 'User'),
(13326, 12, 84, 'User'),
(13327, 13, 84, 'User'),
(13328, 14, 84, 'User'),
(13329, 12, 85, 'User'),
(13330, 13, 85, 'User'),
(13331, 14, 85, 'User'),
(13332, 12, 86, 'User'),
(13333, 13, 86, 'User'),
(13334, 14, 86, 'User'),
(13335, 12, 87, 'User'),
(13336, 13, 87, 'User'),
(13337, 14, 87, 'User'),
(13338, 12, 88, 'User'),
(13339, 13, 88, 'User'),
(13340, 14, 88, 'User'),
(13341, 12, 89, 'User'),
(13342, 13, 89, 'User'),
(13343, 14, 89, 'User'),
(13344, 12, 90, 'User'),
(13345, 13, 90, 'User'),
(13346, 14, 90, 'User'),
(13347, 12, 91, 'User'),
(13348, 13, 91, 'User'),
(13349, 14, 91, 'User'),
(13350, 12, 92, 'User'),
(13351, 13, 92, 'User'),
(13352, 14, 92, 'User'),
(13353, 12, 93, 'User'),
(13354, 13, 93, 'User'),
(13355, 14, 93, 'User'),
(13356, 12, 94, 'User'),
(13357, 13, 94, 'User'),
(13358, 14, 94, 'User'),
(13359, 12, 95, 'User'),
(13360, 13, 95, 'User'),
(13361, 14, 95, 'User'),
(13362, 12, 96, 'User'),
(13363, 13, 96, 'User'),
(13364, 14, 96, 'User'),
(13365, 12, 97, 'User'),
(13366, 13, 97, 'User'),
(13367, 14, 97, 'User'),
(13368, 12, 98, 'User'),
(13369, 13, 98, 'User'),
(13370, 14, 98, 'User'),
(13371, 12, 99, 'User'),
(13372, 13, 99, 'User'),
(13373, 14, 99, 'User'),
(13374, 12, 100, 'User'),
(13375, 13, 100, 'User'),
(13376, 14, 100, 'User'),
(13377, 12, 101, 'User'),
(13378, 13, 101, 'User'),
(13379, 14, 101, 'User'),
(13380, 12, 102, 'User'),
(13381, 13, 102, 'User'),
(13382, 14, 102, 'User'),
(13383, 12, 103, 'User'),
(13384, 13, 103, 'User'),
(13385, 14, 103, 'User'),
(13386, 12, 104, 'User'),
(13387, 13, 104, 'User'),
(13388, 14, 104, 'User'),
(13389, 12, 105, 'User'),
(13390, 13, 105, 'User'),
(13391, 14, 105, 'User'),
(13392, 12, 106, 'User'),
(13393, 13, 106, 'User'),
(13394, 14, 106, 'User'),
(13395, 12, 107, 'User'),
(13396, 13, 107, 'User'),
(13397, 14, 107, 'User'),
(13398, 12, 108, 'User'),
(13399, 13, 108, 'User'),
(13400, 14, 108, 'User'),
(13401, 12, 109, 'User'),
(13402, 13, 109, 'User'),
(13403, 14, 109, 'User'),
(13404, 12, 110, 'User'),
(13405, 13, 110, 'User'),
(13406, 14, 110, 'User'),
(13407, 12, 111, 'User'),
(13408, 13, 111, 'User'),
(13409, 14, 111, 'User'),
(13410, 12, 112, 'User'),
(13411, 13, 112, 'User'),
(13412, 14, 112, 'User'),
(13413, 12, 113, 'User'),
(13414, 13, 113, 'User'),
(13415, 14, 113, 'User'),
(13416, 12, 114, 'User'),
(13417, 13, 114, 'User'),
(13418, 14, 114, 'User'),
(13419, 12, 115, 'User'),
(13420, 13, 115, 'User'),
(13421, 14, 115, 'User'),
(13422, 12, 116, 'User'),
(13423, 13, 116, 'User'),
(13424, 14, 116, 'User'),
(13425, 12, 117, 'User'),
(13426, 13, 117, 'User'),
(13427, 14, 117, 'User'),
(13428, 12, 118, 'User'),
(13429, 13, 118, 'User'),
(13430, 14, 118, 'User'),
(13431, 12, 119, 'User'),
(13432, 13, 119, 'User'),
(13433, 14, 119, 'User'),
(13434, 12, 120, 'User'),
(13435, 13, 120, 'User'),
(13436, 14, 120, 'User'),
(13437, 12, 121, 'User'),
(13438, 13, 121, 'User'),
(13439, 14, 121, 'User'),
(13440, 12, 122, 'User'),
(13441, 13, 122, 'User'),
(13442, 14, 122, 'User'),
(13443, 12, 123, 'User'),
(13444, 13, 123, 'User'),
(13445, 14, 123, 'User'),
(13446, 12, 124, 'User'),
(13447, 13, 124, 'User'),
(13448, 14, 124, 'User'),
(13449, 12, 125, 'User'),
(13450, 13, 125, 'User'),
(13451, 14, 125, 'User'),
(13452, 12, 126, 'User'),
(13453, 13, 126, 'User'),
(13454, 14, 126, 'User'),
(13455, 12, 127, 'User'),
(13456, 13, 127, 'User'),
(13457, 14, 127, 'User'),
(13458, 12, 128, 'User'),
(13459, 13, 128, 'User'),
(13460, 14, 128, 'User'),
(13461, 12, 129, 'User'),
(13462, 13, 129, 'User'),
(13463, 14, 129, 'User'),
(13464, 12, 130, 'User'),
(13465, 13, 130, 'User'),
(13466, 14, 130, 'User'),
(13467, 12, 131, 'User'),
(13468, 13, 131, 'User'),
(13469, 14, 131, 'User'),
(13470, 12, 132, 'User'),
(13471, 13, 132, 'User'),
(13472, 14, 132, 'User'),
(13473, 12, 133, 'User'),
(13474, 13, 133, 'User'),
(13475, 14, 133, 'User'),
(13476, 12, 134, 'User'),
(13477, 13, 134, 'User'),
(13478, 14, 134, 'User'),
(13479, 12, 135, 'User'),
(13480, 13, 135, 'User'),
(13481, 14, 135, 'User'),
(13482, 12, 136, 'User'),
(13483, 13, 136, 'User'),
(13484, 14, 136, 'User'),
(13485, 12, 137, 'User'),
(13486, 13, 137, 'User'),
(13487, 14, 137, 'User'),
(13488, 12, 138, 'User'),
(13489, 13, 138, 'User'),
(13490, 14, 138, 'User'),
(13491, 12, 139, 'User'),
(13492, 13, 139, 'User'),
(13493, 14, 139, 'User'),
(13494, 12, 140, 'User'),
(13495, 13, 140, 'User'),
(13496, 14, 140, 'User'),
(13497, 12, 141, 'User'),
(13498, 13, 141, 'User'),
(13499, 14, 141, 'User'),
(13500, 12, 142, 'User'),
(13501, 13, 142, 'User'),
(13502, 14, 142, 'User'),
(13503, 12, 143, 'User'),
(13504, 13, 143, 'User'),
(13505, 14, 143, 'User'),
(13506, 12, 144, 'User'),
(13507, 13, 144, 'User'),
(13508, 14, 144, 'User'),
(13509, 12, 145, 'User'),
(13510, 13, 145, 'User'),
(13511, 14, 145, 'User'),
(13512, 12, 146, 'User'),
(13513, 13, 146, 'User'),
(13514, 14, 146, 'User'),
(13515, 12, 147, 'User'),
(13516, 13, 147, 'User'),
(13517, 14, 147, 'User'),
(13518, 12, 148, 'User'),
(13519, 13, 148, 'User'),
(13520, 14, 148, 'User'),
(13521, 12, 149, 'User'),
(13522, 13, 149, 'User'),
(13523, 14, 149, 'User'),
(13524, 12, 150, 'User'),
(13525, 13, 150, 'User'),
(13526, 14, 150, 'User'),
(13527, 12, 151, 'User'),
(13528, 13, 151, 'User'),
(13529, 14, 151, 'User'),
(13530, 12, 152, 'User'),
(13531, 13, 152, 'User'),
(13532, 14, 152, 'User'),
(13533, 12, 153, 'User'),
(13534, 13, 153, 'User'),
(13535, 14, 153, 'User'),
(13536, 12, 154, 'User'),
(13537, 13, 154, 'User'),
(13538, 14, 154, 'User'),
(13539, 12, 155, 'User'),
(13540, 13, 155, 'User'),
(13541, 14, 155, 'User'),
(13542, 12, 156, 'User'),
(13543, 13, 156, 'User'),
(13544, 14, 156, 'User'),
(13545, 12, 157, 'User'),
(13546, 13, 157, 'User'),
(13547, 14, 157, 'User'),
(13548, 12, 158, 'User'),
(13549, 13, 158, 'User'),
(13550, 14, 158, 'User'),
(13551, 12, 159, 'User'),
(13552, 13, 159, 'User'),
(13553, 14, 159, 'User'),
(13554, 12, 160, 'User'),
(13555, 13, 160, 'User'),
(13556, 14, 160, 'User'),
(13557, 12, 161, 'User'),
(13558, 13, 161, 'User'),
(13559, 14, 161, 'User'),
(13560, 12, 162, 'User'),
(13561, 13, 162, 'User'),
(13562, 14, 162, 'User'),
(13563, 12, 163, 'User'),
(13564, 13, 163, 'User'),
(13565, 14, 163, 'User'),
(13566, 12, 164, 'User'),
(13567, 13, 164, 'User'),
(13568, 14, 164, 'User'),
(13569, 12, 165, 'User'),
(13570, 13, 165, 'User'),
(13571, 14, 165, 'User'),
(13572, 12, 166, 'User'),
(13573, 13, 166, 'User'),
(13574, 14, 166, 'User'),
(13575, 12, 167, 'User'),
(13576, 13, 167, 'User'),
(13577, 14, 167, 'User'),
(13578, 12, 168, 'User'),
(13579, 13, 168, 'User'),
(13580, 14, 168, 'User'),
(13581, 12, 169, 'User'),
(13582, 13, 169, 'User'),
(13583, 14, 169, 'User'),
(13584, 12, 170, 'User'),
(13585, 13, 170, 'User'),
(13586, 14, 170, 'User'),
(13587, 12, 171, 'User'),
(13588, 13, 171, 'User'),
(13589, 14, 171, 'User'),
(13590, 12, 172, 'User'),
(13591, 13, 172, 'User'),
(13592, 14, 172, 'User'),
(13593, 12, 173, 'User'),
(13594, 13, 173, 'User'),
(13595, 14, 173, 'User'),
(13596, 12, 174, 'User'),
(13597, 13, 174, 'User'),
(13598, 14, 174, 'User'),
(13599, 12, 175, 'User'),
(13600, 13, 175, 'User'),
(13601, 14, 175, 'User'),
(13602, 12, 176, 'User'),
(13603, 13, 176, 'User'),
(13604, 14, 176, 'User'),
(13605, 12, 177, 'User'),
(13606, 13, 177, 'User'),
(13607, 14, 177, 'User'),
(13608, 12, 178, 'User'),
(13609, 13, 178, 'User'),
(13610, 14, 178, 'User'),
(13611, 12, 179, 'User'),
(13612, 13, 179, 'User'),
(13613, 14, 179, 'User'),
(13614, 12, 180, 'User'),
(13615, 13, 180, 'User'),
(13616, 14, 180, 'User'),
(13617, 12, 181, 'User'),
(13618, 13, 181, 'User'),
(13619, 14, 181, 'User'),
(13620, 12, 182, 'User'),
(13621, 13, 182, 'User'),
(13622, 14, 182, 'User'),
(13623, 12, 183, 'User'),
(13624, 13, 183, 'User'),
(13625, 14, 183, 'User'),
(13626, 12, 184, 'User'),
(13627, 13, 184, 'User'),
(13628, 14, 184, 'User'),
(13629, 12, 185, 'User'),
(13630, 13, 185, 'User'),
(13631, 14, 185, 'User'),
(13632, 12, 186, 'User'),
(13633, 13, 186, 'User'),
(13634, 14, 186, 'User'),
(13635, 12, 187, 'User'),
(13636, 13, 187, 'User'),
(13637, 14, 187, 'User'),
(13638, 12, 188, 'User'),
(13639, 13, 188, 'User'),
(13640, 14, 188, 'User'),
(13641, 12, 189, 'User'),
(13642, 13, 189, 'User'),
(13643, 14, 189, 'User'),
(13644, 12, 190, 'User'),
(13645, 13, 190, 'User'),
(13646, 14, 190, 'User'),
(13647, 12, 191, 'User'),
(13648, 13, 191, 'User'),
(13649, 14, 191, 'User'),
(13650, 12, 192, 'User'),
(13651, 13, 192, 'User'),
(13652, 14, 192, 'User'),
(13653, 12, 193, 'User'),
(13654, 13, 193, 'User'),
(13655, 14, 193, 'User'),
(13656, 12, 194, 'User'),
(13657, 13, 194, 'User'),
(13658, 14, 194, 'User'),
(13659, 12, 195, 'User'),
(13660, 13, 195, 'User'),
(13661, 14, 195, 'User'),
(13662, 12, 196, 'User'),
(13663, 13, 196, 'User'),
(13664, 14, 196, 'User'),
(13665, 12, 197, 'User'),
(13666, 13, 197, 'User'),
(13667, 14, 197, 'User'),
(13668, 12, 198, 'User'),
(13669, 13, 198, 'User'),
(13670, 14, 198, 'User'),
(13671, 12, 199, 'User'),
(13672, 13, 199, 'User'),
(13673, 14, 199, 'User'),
(13674, 12, 200, 'User'),
(13675, 13, 200, 'User'),
(13676, 14, 200, 'User'),
(13677, 12, 201, 'User'),
(13678, 13, 201, 'User'),
(13679, 14, 201, 'User'),
(13680, 12, 202, 'User'),
(13681, 13, 202, 'User'),
(13682, 14, 202, 'User'),
(13683, 12, 203, 'User'),
(13684, 13, 203, 'User'),
(13685, 14, 203, 'User'),
(13686, 12, 204, 'User'),
(13687, 13, 204, 'User'),
(13688, 14, 204, 'User'),
(13689, 12, 205, 'User'),
(13690, 13, 205, 'User'),
(13691, 14, 205, 'User'),
(13692, 12, 206, 'User'),
(13693, 13, 206, 'User'),
(13694, 14, 206, 'User'),
(13695, 12, 207, 'User'),
(13696, 13, 207, 'User'),
(13697, 14, 207, 'User'),
(13698, 12, 208, 'User'),
(13699, 13, 208, 'User'),
(13700, 14, 208, 'User'),
(13701, 12, 209, 'User'),
(13702, 13, 209, 'User'),
(13703, 14, 209, 'User'),
(13704, 12, 210, 'User'),
(13705, 13, 210, 'User'),
(13706, 14, 210, 'User'),
(13707, 12, 211, 'User'),
(13708, 13, 211, 'User'),
(13709, 14, 211, 'User'),
(13710, 12, 212, 'User'),
(13711, 13, 212, 'User'),
(13712, 14, 212, 'User'),
(13713, 12, 213, 'User'),
(13714, 13, 213, 'User'),
(13715, 14, 213, 'User'),
(13716, 12, 214, 'User'),
(13717, 13, 214, 'User'),
(13718, 14, 214, 'User'),
(13719, 12, 215, 'User'),
(13720, 13, 215, 'User'),
(13721, 14, 215, 'User'),
(13722, 12, 216, 'User'),
(13723, 13, 216, 'User'),
(13724, 14, 216, 'User'),
(13725, 12, 217, 'User'),
(13726, 13, 217, 'User'),
(13727, 14, 217, 'User'),
(13728, 12, 218, 'User'),
(13729, 13, 218, 'User'),
(13730, 14, 218, 'User'),
(13731, 12, 219, 'User'),
(13732, 13, 219, 'User'),
(13733, 14, 219, 'User'),
(13734, 12, 220, 'User'),
(13735, 13, 220, 'User'),
(13736, 14, 220, 'User'),
(13737, 12, 221, 'User'),
(13738, 13, 221, 'User'),
(13739, 14, 221, 'User'),
(13740, 12, 222, 'User'),
(13741, 13, 222, 'User'),
(13742, 14, 222, 'User'),
(13743, 12, 223, 'User'),
(13744, 13, 223, 'User'),
(13745, 14, 223, 'User'),
(13746, 12, 224, 'User'),
(13747, 13, 224, 'User'),
(13748, 14, 224, 'User'),
(13749, 12, 225, 'User'),
(13750, 13, 225, 'User'),
(13751, 14, 225, 'User'),
(13752, 12, 226, 'User'),
(13753, 13, 226, 'User'),
(13754, 14, 226, 'User'),
(13755, 12, 227, 'User'),
(13756, 13, 227, 'User'),
(13757, 14, 227, 'User'),
(13758, 12, 228, 'User'),
(13759, 13, 228, 'User'),
(13760, 14, 228, 'User'),
(13761, 12, 229, 'User'),
(13762, 13, 229, 'User'),
(13763, 14, 229, 'User'),
(13764, 12, 230, 'User'),
(13765, 13, 230, 'User'),
(13766, 14, 230, 'User'),
(13767, 12, 231, 'User'),
(13768, 13, 231, 'User'),
(13769, 14, 231, 'User'),
(13770, 12, 232, 'User'),
(13771, 13, 232, 'User'),
(13772, 14, 232, 'User'),
(13773, 12, 233, 'User'),
(13774, 13, 233, 'User'),
(13775, 14, 233, 'User'),
(13776, 12, 234, 'User'),
(13777, 13, 234, 'User'),
(13778, 14, 234, 'User'),
(13779, 12, 235, 'User'),
(13780, 13, 235, 'User'),
(13781, 14, 235, 'User'),
(13782, 12, 236, 'User'),
(13783, 13, 236, 'User'),
(13784, 14, 236, 'User'),
(13785, 12, 237, 'User'),
(13786, 13, 237, 'User'),
(13787, 14, 237, 'User'),
(13788, 12, 238, 'User'),
(13789, 13, 238, 'User'),
(13790, 14, 238, 'User'),
(13791, 12, 239, 'User'),
(13792, 13, 239, 'User'),
(13793, 14, 239, 'User'),
(13794, 12, 240, 'User'),
(13795, 13, 240, 'User'),
(13796, 14, 240, 'User'),
(13797, 12, 241, 'User'),
(13798, 13, 241, 'User'),
(13799, 14, 241, 'User'),
(13800, 12, 242, 'User'),
(13801, 13, 242, 'User'),
(13802, 14, 242, 'User'),
(13803, 12, 243, 'User'),
(13804, 13, 243, 'User'),
(13805, 14, 243, 'User'),
(13806, 12, 244, 'User'),
(13807, 13, 244, 'User'),
(13808, 14, 244, 'User'),
(13809, 12, 245, 'User'),
(13810, 13, 245, 'User'),
(13811, 14, 245, 'User'),
(13812, 12, 246, 'User'),
(13813, 13, 246, 'User'),
(13814, 14, 246, 'User'),
(13815, 12, 247, 'User'),
(13816, 13, 247, 'User'),
(13817, 14, 247, 'User'),
(13818, 12, 248, 'User'),
(13819, 13, 248, 'User'),
(13820, 14, 248, 'User'),
(13821, 12, 249, 'User'),
(13822, 13, 249, 'User'),
(13823, 14, 249, 'User'),
(13824, 12, 250, 'User'),
(13825, 13, 250, 'User'),
(13826, 14, 250, 'User'),
(13827, 12, 251, 'User'),
(13828, 13, 251, 'User'),
(13829, 14, 251, 'User'),
(13830, 12, 252, 'User'),
(13831, 13, 252, 'User'),
(13832, 14, 252, 'User'),
(13833, 12, 253, 'User'),
(13834, 13, 253, 'User'),
(13835, 14, 253, 'User'),
(13836, 12, 254, 'User'),
(13837, 13, 254, 'User'),
(13838, 14, 254, 'User'),
(13839, 12, 255, 'User'),
(13840, 13, 255, 'User'),
(13841, 14, 255, 'User'),
(13842, 12, 256, 'User'),
(13843, 13, 256, 'User'),
(13844, 14, 256, 'User'),
(13845, 12, 257, 'User'),
(13846, 13, 257, 'User'),
(13847, 14, 257, 'User'),
(13848, 12, 258, 'User'),
(13849, 13, 258, 'User'),
(13850, 14, 258, 'User'),
(13851, 12, 259, 'User'),
(13852, 13, 259, 'User'),
(13853, 14, 259, 'User'),
(13854, 12, 260, 'User'),
(13855, 13, 260, 'User'),
(13856, 14, 260, 'User'),
(13857, 12, 261, 'User'),
(13858, 13, 261, 'User'),
(13859, 14, 261, 'User'),
(13860, 12, 262, 'User'),
(13861, 13, 262, 'User'),
(13862, 14, 262, 'User'),
(13863, 12, 263, 'User'),
(13864, 13, 263, 'User'),
(13865, 14, 263, 'User'),
(13866, 12, 264, 'User'),
(13867, 13, 264, 'User'),
(13868, 14, 264, 'User'),
(13869, 12, 265, 'User'),
(13870, 13, 265, 'User'),
(13871, 14, 265, 'User'),
(13872, 12, 266, 'User'),
(13873, 13, 266, 'User'),
(13874, 14, 266, 'User'),
(13875, 12, 267, 'User'),
(13876, 13, 267, 'User'),
(13877, 14, 267, 'User'),
(13878, 12, 268, 'User'),
(13879, 13, 268, 'User'),
(13880, 14, 268, 'User'),
(13881, 12, 269, 'User'),
(13882, 13, 269, 'User'),
(13883, 14, 269, 'User'),
(13884, 12, 270, 'User'),
(13885, 13, 270, 'User'),
(13886, 14, 270, 'User'),
(13887, 12, 271, 'User'),
(13888, 13, 271, 'User'),
(13889, 14, 271, 'User'),
(13890, 12, 272, 'User'),
(13891, 13, 272, 'User'),
(13892, 14, 272, 'User'),
(13893, 12, 273, 'User'),
(13894, 13, 273, 'User'),
(13895, 14, 273, 'User'),
(13896, 12, 274, 'User'),
(13897, 13, 274, 'User'),
(13898, 14, 274, 'User'),
(13899, 12, 275, 'User'),
(13900, 13, 275, 'User'),
(13901, 14, 275, 'User'),
(13902, 12, 276, 'User'),
(13903, 13, 276, 'User'),
(13904, 14, 276, 'User'),
(13905, 12, 277, 'User'),
(13906, 13, 277, 'User'),
(13907, 14, 277, 'User'),
(13908, 12, 278, 'User'),
(13909, 13, 278, 'User'),
(13910, 14, 278, 'User'),
(13911, 12, 279, 'User'),
(13912, 13, 279, 'User'),
(13913, 14, 279, 'User'),
(13914, 12, 280, 'User'),
(13915, 13, 280, 'User'),
(13916, 14, 280, 'User'),
(13917, 12, 281, 'User'),
(13918, 13, 281, 'User'),
(13919, 14, 281, 'User'),
(13920, 12, 282, 'User'),
(13921, 13, 282, 'User'),
(13922, 14, 282, 'User'),
(13923, 12, 283, 'User'),
(13924, 13, 283, 'User'),
(13925, 14, 283, 'User'),
(13926, 12, 284, 'User'),
(13927, 13, 284, 'User'),
(13928, 14, 284, 'User'),
(13929, 12, 285, 'User'),
(13930, 13, 285, 'User'),
(13931, 14, 285, 'User'),
(13932, 12, 286, 'User'),
(13933, 13, 286, 'User'),
(13934, 14, 286, 'User'),
(13935, 12, 287, 'User'),
(13936, 13, 287, 'User'),
(13937, 14, 287, 'User'),
(13938, 12, 288, 'User'),
(13939, 13, 288, 'User'),
(13940, 14, 288, 'User'),
(13941, 12, 289, 'User'),
(13942, 13, 289, 'User'),
(13943, 14, 289, 'User'),
(13944, 12, 290, 'User'),
(13945, 13, 290, 'User'),
(13946, 14, 290, 'User'),
(13947, 12, 291, 'User'),
(13948, 13, 291, 'User'),
(13949, 14, 291, 'User'),
(13953, 12, 293, 'User'),
(13954, 13, 293, 'User'),
(13955, 14, 293, 'User'),
(13956, 12, 294, 'User'),
(13957, 13, 294, 'User'),
(13958, 14, 294, 'User'),
(13959, 12, 295, 'User'),
(13960, 13, 295, 'User'),
(13961, 14, 295, 'User'),
(13962, 12, 296, 'User'),
(13963, 13, 296, 'User'),
(13964, 14, 296, 'User'),
(13965, 12, 297, 'User'),
(13966, 13, 297, 'User'),
(13967, 14, 297, 'User'),
(13968, 12, 298, 'User'),
(13969, 13, 298, 'User'),
(13970, 14, 298, 'User'),
(13971, 12, 299, 'User'),
(13972, 13, 299, 'User'),
(13973, 14, 299, 'User'),
(13974, 12, 300, 'User'),
(13975, 13, 300, 'User'),
(13976, 14, 300, 'User'),
(13977, 17, 300, 'User');

-- --------------------------------------------------------

--
-- Структура таблицы `Property_List`
--

CREATE TABLE `Property_List` (
  `id` int(11) NOT NULL,
  `property_id` int(11) NOT NULL,
  `model_name` varchar(100) NOT NULL,
  `object_id` int(11) NOT NULL,
  `value_id` int(11) NOT NULL
) ENGINE=InnoDB DEFAULT CHARSET=utf8;

--
-- Дамп данных таблицы `Property_List`
--

INSERT INTO `Property_List` (`id`, `property_id`, `model_name`, `object_id`, `value_id`) VALUES
(223, 25, 'Structure_Item', 7, 8),
(303, 20, 'User', 2, 27),
(304, 20, 'User', 3, 30),
(305, 20, 'User', 4, 31),
(306, 20, 'User', 6, 29),
(307, 20, 'User', 7, 25),
(308, 20, 'User', 8, 24),
(309, 20, 'User', 9, 28),
(310, 20, 'User', 10, 27),
(311, 20, 'User', 11, 25),
(312, 20, 'User', 12, 27),
(313, 20, 'User', 13, 31),
(314, 20, 'User', 14, 27),
(315, 20, 'User', 112, 26),
(316, 20, 'User', 162, 27),
(317, 20, 'User', 182, 24),
(318, 20, 'User', 189, 27),
(585, 27, 'Lid', 1, 80),
(586, 27, 'Lid', 2, 82),
(587, 27, 'Lid', 3, 82),
(588, 27, 'Lid', 4, 82),
(589, 27, 'Lid', 5, 80),
(590, 27, 'Lid', 6, 80),
(591, 27, 'Lid', 7, 82),
(592, 27, 'Lid', 8, 80),
(593, 27, 'Lid', 9, 80),
(594, 27, 'Lid', 10, 80),
(595, 27, 'Lid', 11, 80),
(596, 27, 'Lid', 12, 80),
(597, 27, 'Lid', 13, 82),
(598, 27, 'Lid', 14, 82),
(599, 27, 'Lid', 15, 82),
(600, 27, 'Lid', 16, 82),
(601, 27, 'Lid', 17, 81),
(602, 27, 'Lid', 18, 80),
(603, 27, 'Lid', 19, 80),
(604, 27, 'Lid', 20, 80),
(605, 27, 'Lid', 21, 82),
(606, 27, 'Lid', 22, 82),
(607, 27, 'Lid', 23, 80),
(608, 27, 'Lid', 24, 82),
(609, 27, 'Lid', 25, 80),
(610, 27, 'Lid', 26, 80),
(611, 27, 'Lid', 27, 80),
(612, 27, 'Lid', 28, 80),
(613, 27, 'Lid', 29, 80),
(614, 27, 'Lid', 30, 80),
(615, 27, 'Lid', 31, 80),
(616, 27, 'Lid', 32, 80),
(617, 27, 'Lid', 33, 80),
(618, 27, 'Lid', 34, 80),
(619, 27, 'Lid', 35, 80),
(620, 27, 'Lid', 36, 82),
(621, 27, 'Lid', 37, 80),
(622, 27, 'Lid', 38, 82);

-- --------------------------------------------------------

--
-- Структура таблицы `Property_List_Assigment`
--

CREATE TABLE `Property_List_Assigment` (
  `id` int(11) NOT NULL,
  `property_id` int(11) NOT NULL,
  `object_id` int(11) NOT NULL,
  `model_name` varchar(255) NOT NULL
) ENGINE=InnoDB DEFAULT CHARSET=utf8;

--
-- Дамп данных таблицы `Property_List_Assigment`
--

INSERT INTO `Property_List_Assigment` (`id`, `property_id`, `object_id`, `model_name`) VALUES
(3, 10, 5, 'User_Group'),
(4, 15, 5, 'User_Group'),
(48, 21, 5, 'User_Group'),
(99, 20, 4, 'User_Group'),
(107, 25, 4, 'Structure'),
(221, 25, 7, 'Structure_Item'),
(300, 20, 2, 'User'),
(301, 20, 3, 'User'),
(302, 20, 4, 'User'),
(303, 20, 6, 'User'),
(304, 20, 7, 'User'),
(305, 20, 8, 'User'),
(306, 20, 9, 'User'),
(307, 20, 10, 'User'),
(308, 20, 11, 'User'),
(309, 20, 12, 'User'),
(310, 20, 13, 'User'),
(311, 20, 14, 'User'),
(312, 20, 112, 'User'),
(313, 20, 162, 'User'),
(314, 20, 182, 'User'),
(315, 20, 189, 'User'),
(316, 27, 1, 'Lid'),
(317, 27, 2, 'Lid'),
(318, 27, 3, 'Lid'),
(319, 27, 4, 'Lid'),
(320, 27, 5, 'Lid'),
(321, 27, 6, 'Lid'),
(322, 27, 7, 'Lid'),
(323, 27, 8, 'Lid'),
(324, 27, 9, 'Lid'),
(325, 27, 10, 'Lid'),
(326, 27, 11, 'Lid'),
(327, 27, 12, 'Lid'),
(328, 27, 13, 'Lid'),
(329, 27, 14, 'Lid'),
(330, 27, 15, 'Lid'),
(331, 27, 16, 'Lid'),
(332, 27, 17, 'Lid'),
(333, 27, 18, 'Lid'),
(334, 27, 19, 'Lid'),
(335, 27, 20, 'Lid'),
(336, 27, 21, 'Lid'),
(337, 27, 22, 'Lid'),
(338, 27, 23, 'Lid'),
(339, 27, 24, 'Lid'),
(340, 27, 25, 'Lid'),
(341, 27, 26, 'Lid'),
(342, 27, 27, 'Lid'),
(343, 27, 28, 'Lid'),
(344, 27, 29, 'Lid'),
(345, 27, 30, 'Lid'),
(346, 27, 31, 'Lid'),
(347, 27, 32, 'Lid'),
(348, 27, 33, 'Lid'),
(349, 27, 34, 'Lid'),
(350, 27, 35, 'Lid'),
(351, 27, 36, 'Lid'),
(352, 27, 37, 'Lid'),
(353, 27, 38, 'Lid');

-- --------------------------------------------------------

--
-- Структура таблицы `Property_List_Values`
--

CREATE TABLE `Property_List_Values` (
  `id` int(11) NOT NULL,
  `property_id` int(11) NOT NULL DEFAULT '0',
  `value` varchar(100) NOT NULL,
  `sorting` int(11) NOT NULL DEFAULT '0'
) ENGINE=InnoDB DEFAULT CHARSET=utf8;

--
-- Дамп данных таблицы `Property_List_Values`
--

INSERT INTO `Property_List_Values` (`id`, `property_id`, `value`, `sorting`) VALUES
(7, 25, '400', 0),
(8, 25, '300', 0),
(9, 25, '200', 0),
(10, 25, '250', 0),
(11, 25, '150', 0),
(12, 25, '100', 0),
(13, 25, '0', 0),
(14, 10, 'Индивидуальное занятие', 0),
(15, 10, 'Групповое занятие', 0),
(22, 15, 'Мичурина', 1),
(23, 15, 'Щорса', 2),
(24, 20, 'Арфа', 10),
(25, 20, 'Барабаны', 20),
(26, 20, 'Баян аккордеон гармонь', 30),
(27, 20, 'Гитара', 40),
(28, 20, 'Саксофон', 50),
(29, 20, 'Скрипка', 60),
(30, 20, 'Фортепиано', 70),
(31, 20, 'Вокал', 80),
(32, 20, 'Теория', 90),
(64, 21, 'Булгаков Александр', 0),
(65, 21, 'Полтева Оксана', 0),
(66, 21, 'Романович Алина', 0),
(67, 21, 'Черных Дарья', 0),
(68, 21, 'Галяутдинов Руслан', 0),
(69, 21, 'Белякова Карина', 0),
(70, 21, 'Варжавинов Владимир', 0),
(71, 21, 'Фёдоров Вадим', 0),
(72, 21, 'Матвиенко Андрей', 0),
(73, 21, 'Жуйков Андрей', 0),
(74, 21, 'Джилавян Айарпи', 0),
(75, 21, 'Рымарев Иван', 0),
(76, 21, 'Сайганов Павел', 0),
(77, 21, 'Макеев Виталий', 0),
(78, 21, 'Тест Тест', 0),
(79, 21, 'Само Подготовка', 0),
(80, 27, 'Не определен', 10),
(81, 27, 'Был на консультации', 20),
(82, 27, 'Ждем на консультацию', 30),
(83, 27, 'Записался', 40);

-- --------------------------------------------------------

--
-- Структура таблицы `Property_String`
--

CREATE TABLE `Property_String` (
  `id` int(11) NOT NULL,
  `property_id` int(11) NOT NULL,
  `value` varchar(255) NOT NULL,
  `model_name` varchar(100) NOT NULL,
  `object_id` int(11) NOT NULL
) ENGINE=InnoDB DEFAULT CHARSET=utf8;

--
-- Дамп данных таблицы `Property_String`
--

INSERT INTO `Property_String` (`id`, `property_id`, `value`, `model_name`, `object_id`) VALUES
(1922, 26, 'Оплата индивидуального пакета', 'Payment', 2),
(1923, 26, 'сегодня первый урок по новому абонементу', 'Payment', 11),
(1924, 26, 'Оплата индивидуального пакета', 'Payment', 12),
(1926, 26, 'Оплата индивидуального пакета', 'Payment', 23),
(1927, 26, 'Оплата индивидуального пакета', 'Payment', 24),
(1929, 26, 'на 25 было 0 занятий', 'Payment', 34),
(1930, 26, 'Оплата индивидуального пакета', 'Payment', 35),
(1931, 26, 'компенсация за позднюю отмену занятия Студией 01.03', 'Payment', 37),
(1932, 26, 'на 1.02 было 0', 'Payment', 45),
(1933, 26, 'Оплата индивидуального пакета', 'Payment', 47),
(1935, 26, 'Оплата индивидуального пакета', 'Payment', 53),
(1937, 26, 'Оплата индивидуального пакета', 'Payment', 62),
(1938, 26, 'первый урок 05 марта', 'Payment', 72),
(1939, 26, 'Оплата индивидуального пакета', 'Payment', 74),
(1940, 26, 'на 10.04 в остатке -1', 'Payment', 84),
(1941, 26, 'Оплата индивидуального пакета', 'Payment', 86),
(1943, 26, 'Оплата индивидуального пакета', 'Payment', 90),
(1946, 26, 'Оплата индивидуального пакета', 'Payment', 95),
(1947, 26, 'Оплата индивидуального пакета', 'Payment', 96),
(1950, 26, 'Оплата индивидуального пакета', 'Payment', 101),
(1951, 26, 'Оплата индивидуального пакета', 'Payment', 102),
(1953, 26, 'Оплата индивидуального пакета', 'Payment', 105),
(1954, 26, 'Оплата индивидуального пакета', 'Payment', 107),
(1955, 26, 'Оплата индивидуального пакета', 'Payment', 109),
(1957, 26, 'Оплата индивидуального пакета', 'Payment', 111),
(1959, 26, 'Оплата индивидуального пакета', 'Payment', 115),
(1960, 26, 'было 300 и по нулям', 'Payment', 117),
(1961, 26, 'Оплата индивидуального пакета', 'Payment', 118),
(1962, 26, 'Оплата индивидуального пакета', 'Payment', 120),
(1963, 26, 'Оплата индивидуального пакета', 'Payment', 122),
(1964, 26, 'на 26 число -1 занятие', 'Payment', 124),
(1965, 26, 'Оплата индивидуального пакета', 'Payment', 125),
(1966, 26, 'Оплата индивидуального пакета', 'Payment', 127),
(1967, 26, 'Оплата индивидуального пакета', 'Payment', 128),
(1968, 26, 'на балансе было 200, поэтому это за сегодняшний урок довнесла и + за следующий 300', 'Payment', 131),
(1969, 26, 'Оплата индивидуального пакета', 'Payment', 132),
(1970, 26, 'Оплата индивидуального пакета', 'Payment', 134),
(1971, 26, 'за два урока, один прошел сегодня', 'Payment', 136),
(1972, 26, 'Оплата индивидуального пакета', 'Payment', 137),
(1973, 26, 'Оплата индивидуального пакета', 'Payment', 138),
(1974, 26, 'за 12 и 21 марта. в остатке 400р', 'Payment', 142),
(1975, 26, 'Оплата индивидуального пакета', 'Payment', 143),
(1976, 26, 'Оплата индивидуального пакета', 'Payment', 144),
(1977, 26, 'Оплата индивидуального пакета', 'Payment', 146),
(1978, 26, 'за занятие 28 марта', 'Payment', 148),
(1979, 26, 'Оплата индивидуального пакета', 'Payment', 149),
(1980, 26, '600абон.плат+300 за 04.04', 'Payment', 151),
(1981, 26, 'Оплата индивидуального пакета', 'Payment', 152),
(1983, 26, 'Оплата индивидуального пакета', 'Payment', 155),
(1985, 26, 'Оплата индивидуального пакета', 'Payment', 158),
(1987, 26, 'Оплата индивидуального пакета', 'Payment', 161),
(1988, 26, 'Оплата индивидуального пакета', 'Payment', 162),
(1990, 26, 'Оплата индивидуального пакета', 'Payment', 165),
(1995, 26, 'Оплата индивидуального пакета', 'Payment', 178),
(1997, 26, 'Оплата индивидуального пакета', 'Payment', 183),
(2000, 26, 'Оплата индивидуального пакета', 'Payment', 188),
(2001, 26, 'Оплата индивидуального пакета', 'Payment', 190),
(2002, 26, 'за сегодня', 'Payment', 191),
(2003, 26, 'Оплата индивидуального пакета', 'Payment', 193),
(2005, 26, 'Оплата индивидуального пакета', 'Payment', 195),
(2007, 26, 'Оплата индивидуального пакета', 'Payment', 199),
(2011, 26, 'Оплата индивидуального пакета', 'Payment', 213),
(2012, 26, 'отсчет с 05.03', 'Payment', 222),
(2013, 26, 'Оплата индивидуального пакета', 'Payment', 223),
(2014, 26, 'на 28.03 было 0', 'Payment', 232),
(2015, 26, 'Оплата индивидуального пакета', 'Payment', 233),
(2017, 26, 'Оплата индивидуального пакета', 'Payment', 239),
(2019, 26, 'Оплата индивидуального пакета', 'Payment', 246),
(2020, 26, 'сегодня первый урок по новому абонементу', 'Payment', 251),
(2021, 26, 'Оплата индивидуального пакета', 'Payment', 252),
(2024, 26, 'Оплата индивидуального пакета', 'Payment', 267),
(2025, 26, 'на 08.03 проведено 5,5 часов по текущему абонементу', 'Payment', 277),
(2026, 26, 'Оплата индивидуального пакета', 'Payment', 278),
(2027, 26, 'на 25.03 в остатке -1.5', 'Payment', 283),
(2028, 26, 'Оплата индивидуального пакета', 'Payment', 285),
(2030, 26, 'Оплата индивидуального пакета', 'Payment', 292),
(2032, 26, 'Оплата индивидуального пакета', 'Payment', 296),
(2033, 26, 'на момент оплаты было по нулям', 'Payment', 302),
(2034, 26, 'Оплата индивидуального пакета', 'Payment', 303),
(2037, 26, 'Оплата индивидуального пакета', 'Payment', 313),
(2038, 26, 'было -3.5', 'Payment', 323),
(2039, 26, 'Оплата индивидуального пакета', 'Payment', 324),
(2040, 26, 'на 11.03 на балансе -0,5', 'Payment', 329),
(2041, 26, 'Оплата индивидуального пакета', 'Payment', 331),
(2043, 26, 'Оплата индивидуального пакета', 'Payment', 342),
(2044, 26, 'за 7 уроков', 'Payment', 347),
(2045, 26, 'Оплата индивидуального пакета', 'Payment', 349),
(2047, 26, 'Оплата индивидуального пакета', 'Payment', 356),
(2048, 26, 'компенсация за позднюю отмену занятия Студией', 'Payment', 361),
(2049, 26, 'Оплата индивидуального пакета', 'Payment', 367),
(2050, 26, 'на 15.03 в остатке -1', 'Payment', 368),
(2051, 26, 'Оплата индивидуального пакета', 'Payment', 369),
(2052, 26, 'на 12.04 -1 занятие', 'Payment', 377),
(2053, 26, 'Оплата индивидуального пакета', 'Payment', 378),
(2055, 26, 'Оплата индивидуального пакета', 'Payment', 382),
(2057, 26, 'Оплата индивидуального пакета', 'Payment', 390),
(2058, 26, 'переплата', 'Payment', 399),
(2060, 26, 'Оплата индивидуального пакета', 'Payment', 401),
(2061, 26, 'Оплата индивидуального пакета', 'Payment', 402),
(2062, 26, 'на 03.04 -1.5 занятия', 'Payment', 412),
(2063, 26, 'Оплата индивидуального пакета', 'Payment', 413),
(2065, 26, 'Оплата индивидуального пакета', 'Payment', 418),
(2067, 26, 'Оплата индивидуального пакета', 'Payment', 429),
(2068, 26, 'сегодня седьмое занятие по текущему абонементу', 'Payment', 437),
(2069, 26, 'Оплата индивидуального пакета', 'Payment', 438),
(2071, 26, 'Оплата индивидуального пакета', 'Payment', 446),
(2073, 26, 'за 9 занятий, сегодня 4-е проведено', 'Payment', 448),
(2074, 26, 'Оплата индивидуального пакета', 'Payment', 449),
(2075, 26, 'Оплата индивидуального пакета', 'Payment', 450),
(2076, 26, 'Оплата индивидуального пакета', 'Payment', 451),
(2078, 26, 'Оплата индивидуального пакета', 'Payment', 459),
(2080, 26, 'Оплата индивидуального пакета', 'Payment', 465),
(2081, 26, 'Оплата индивидуального пакета', 'Payment', 466),
(2082, 26, 'расчет до конца марта', 'Payment', 471),
(2083, 26, 'Оплата индивидуального пакета', 'Payment', 472),
(2084, 26, 'Оплата индивидуального пакета', 'Payment', 473),
(2086, 26, 'Оплата индивидуального пакета', 'Payment', 481),
(2089, 26, 'Оплата индивидуального пакета', 'Payment', 492),
(2090, 26, 'на 06.03 все по нулям', 'Payment', 498),
(2091, 26, 'Оплата индивидуального пакета', 'Payment', 499),
(2093, 26, 'Оплата индивидуального пакета', 'Payment', 505),
(2095, 26, 'Оплата индивидуального пакета', 'Payment', 508),
(2096, 26, 'на 08.03 на балансе -1', 'Payment', 517),
(2097, 26, 'Оплата индивидуального пакета', 'Payment', 518),
(2099, 26, 'корректировка', 'Payment', 521),
(2100, 26, 'на 13.04 -1,5 занятия', 'Payment', 527),
(2101, 26, 'Оплата индивидуального пакета', 'Payment', 528),
(2103, 26, 'Оплата индивидуального пакета', 'Payment', 530),
(2104, 26, 'на балансе перед оплатой было -0,5', 'Payment', 535),
(2105, 26, 'Оплата индивидуального пакета', 'Payment', 536),
(2106, 26, 'на 21.03 в остатке 1 занятие', 'Payment', 541),
(2107, 26, 'Оплата индивидуального пакета', 'Payment', 542),
(2109, 26, 'Оплата индивидуального пакета', 'Payment', 550),
(2110, 26, 'одно занятие в аванс было', 'Payment', 557),
(2111, 26, 'Оплата индивидуального пакета', 'Payment', 558),
(2112, 26, 'на 09.03 было по нулям', 'Payment', 566),
(2113, 26, 'Оплата индивидуального пакета', 'Payment', 568),
(2114, 26, '7.04 первое занятие по  новому  абонементу(200 должна донести)', 'Payment', 576),
(2115, 26, 'Оплата индивидуального пакета', 'Payment', 578),
(2116, 26, 'доплата за обонемент', 'Payment', 579),
(2117, 26, 'Оплата индивидуального пакета', 'Payment', 580),
(2119, 26, 'Оплата группового пакета', 'Payment', 586),
(2121, 26, 'Оплата индивидуального пакета', 'Payment', 592),
(2122, 26, 'Оплата индивидуального пакета', 'Payment', 593),
(2124, 26, 'Оплата индивидуального пакета', 'Payment', 597),
(2126, 26, 'Оплата группового пакета', 'Payment', 600),
(2127, 26, 'на групповые', 'Payment', 608),
(2128, 26, 'Оплата группового пакета', 'Payment', 609),
(2129, 26, 'на 06,03 -1 индивидуальное, на 05,03 +4 груповых', 'Payment', 610),
(2130, 26, 'Оплата индивидуального пакета', 'Payment', 612),
(2131, 26, 'на 02,04 было по нулям', 'Payment', 619),
(2132, 26, 'Оплата группового пакета', 'Payment', 620),
(2133, 26, 'на 9.04 в остатке 0 индив. 1 групповое', 'Payment', 622),
(2134, 26, 'Оплата группового пакета', 'Payment', 623),
(2135, 26, 'Оплата индивидуального пакета', 'Payment', 624),
(2136, 26, 'Оплата индивидуального пакета', 'Payment', 625),
(2137, 26, 'Оплата индивидуального пакета', 'Payment', 626),
(2139, 26, 'Оплата индивидуального пакета', 'Payment', 632),
(2141, 26, 'Оплата индивидуального пакета', 'Payment', 634),
(2142, 26, '5 февраля должна была быть эта платежка', 'Payment', 645),
(2143, 26, 'Оплата индивидуального пакета', 'Payment', 646),
(2144, 26, 'на 31.03 -1,5 занятия', 'Payment', 656),
(2145, 26, 'Оплата индивидуального пакета', 'Payment', 657),
(2147, 26, 'Оплата индивидуального пакета', 'Payment', 664),
(2148, 26, 'за 7 уроков', 'Payment', 670),
(2149, 26, 'Оплата индивидуального пакета', 'Payment', 671),
(2150, 26, 'за 9 уроков+абонплата', 'Payment', 682),
(2151, 26, 'Оплата индивидуального пакета', 'Payment', 683),
(2152, 26, 'Оплата индивидуального пакета', 'Payment', 684),
(2153, 26, 'на 04,03 2 занятия в остатке', 'Payment', 689),
(2154, 26, 'Оплата индивидуального пакета', 'Payment', 690),
(2155, 26, 'Оплата индивидуального пакета', 'Payment', 691),
(2156, 26, 'оплата долга в 3,5 зан. на 29,03 по нулям', 'Payment', 699),
(2157, 26, 'Оплата индивидуального пакета', 'Payment', 700),
(2159, 26, 'Оплата индивидуального пакета', 'Payment', 702),
(2162, 26, 'Оплата индивидуального пакета', 'Payment', 714),
(2163, 26, '-1 на 05,03', 'Payment', 720),
(2164, 26, 'Оплата индивидуального пакета', 'Payment', 721),
(2165, 26, 'корректировка, после 21.03 еще два урока на балансе есть', 'Payment', 725),
(2166, 26, 'Оплата индивидуального пакета', 'Payment', 726),
(2167, 26, 'оплата долга в 0,5 урока', 'Payment', 730),
(2168, 26, 'Оплата индивидуального пакета', 'Payment', 732),
(2171, 26, 'Оплата индивидуального пакета', 'Payment', 736),
(2172, 26, 'Оплата группового пакета', 'Payment', 737),
(2174, 26, 'Оплата индивидуального пакета', 'Payment', 748),
(2176, 26, 'Оплата индивидуального пакета', 'Payment', 751),
(2177, 26, 'Оплата группового пакета', 'Payment', 752),
(2178, 26, 'в счет переплаты\"за место 1400 купили за 1600\"', 'Payment', 760),
(2179, 26, 'на 11.03 было -1 индив -1 групповое', 'Payment', 762),
(2180, 26, 'Оплата индивидуального пакета', 'Payment', 763),
(2181, 26, 'Оплата группового пакета', 'Payment', 764),
(2182, 26, 'корректировка, на 28.03 должны выйти по нулям', 'Payment', 772),
(2183, 26, 'Оплата индивидуального пакета', 'Payment', 773),
(2184, 26, 'на 9.04 - 1 груповое занятие', 'Payment', 775),
(2185, 26, 'Оплата группового пакета', 'Payment', 777),
(2188, 26, 'Оплата индивидуального пакета', 'Payment', 785),
(2189, 26, 'на 27 фев было - 1.5 занятия', 'Payment', 796),
(2190, 26, 'Оплата индивидуального пакета', 'Payment', 797),
(2191, 26, '06.04 сегодня первое занятие по новому абонементу, 200р донесет ', 'Payment', 808),
(2192, 26, 'Оплата индивидуального пакета', 'Payment', 810),
(2193, 26, 'Оплата индивидуального пакета', 'Payment', 814),
(2195, 26, 'Оплата индивидуального пакета', 'Payment', 816),
(2197, 26, 'Оплата индивидуального пакета', 'Payment', 824),
(2198, 26, '08.03 на балансе -2', 'Payment', 833),
(2199, 26, 'Оплата индивидуального пакета', 'Payment', 834),
(2200, 26, 'корректировка баланса', 'Payment', 844),
(2201, 26, 'Оплата индивидуального пакета', 'Payment', 845),
(2202, 26, 'на 02.04 в остатке - 3 занятия', 'Payment', 848),
(2203, 26, 'Оплата индивидуального пакета', 'Payment', 849),
(2205, 26, 'Оплата индивидуального пакета', 'Payment', 855),
(2207, 26, 'Оплата индивидуального пакета', 'Payment', 857),
(2209, 26, 'Оплата индивидуального пакета', 'Payment', 877),
(2210, 26, 'Оплата индивидуального пакета', 'Payment', 878),
(2211, 26, '12 уроков, с 05 марта отсчет ', 'Payment', 886),
(2212, 26, 'Оплата индивидуального пакета', 'Payment', 887),
(2213, 26, 'Оплата индивидуального пакета', 'Payment', 888),
(2214, 26, 'корректировка ошибочного списания 2,5 часов', 'Payment', 906),
(2215, 26, 'Оплата индивидуального пакета', 'Payment', 907),
(2216, 26, 'Оплата индивидуального пакета', 'Payment', 908),
(2217, 26, 'на 13 занятий, с 04.04 ', 'Payment', 909),
(2218, 26, 'Оплата индивидуального пакета', 'Payment', 911),
(2219, 26, 'Оплата индивидуального пакета', 'Payment', 912),
(2220, 26, 'Оплата индивидуального пакета', 'Payment', 913),
(2221, 26, 'Оплата индивидуального пакета', 'Payment', 914),
(2223, 26, 'Оплата индивидуального пакета', 'Payment', 922),
(2225, 26, 'Оплата индивидуального пакета', 'Payment', 925),
(2227, 26, 'Оплата индивидуального пакета', 'Payment', 936),
(2228, 26, 'на 24.02 в остатке -1', 'Payment', 947),
(2229, 26, 'Оплата индивидуального пакета', 'Payment', 948),
(2230, 26, 'на 24.03 в остатке -2', 'Payment', 958),
(2231, 26, 'Оплата индивидуального пакета', 'Payment', 959),
(2232, 26, 'на 9.04 было -2 индив занятия', 'Payment', 967),
(2233, 26, 'Оплата индивидуального пакета', 'Payment', 968),
(2235, 26, 'Оплата индивидуального пакета', 'Payment', 973),
(2237, 26, 'Оплата индивидуального пакета', 'Payment', 982),
(2240, 26, 'Оплата индивидуального пакета', 'Payment', 1004),
(2241, 26, 'Оплата индивидуального пакета', 'Payment', 1005),
(2242, 26, 'компенсация за ошибочно списанные 0,5 урока', 'Payment', 1007),
(2243, 26, 'Оплата индивидуального пакета', 'Payment', 1012),
(2244, 26, 'внесла за март за себя и за сестру за 11 занятий,', 'Payment', 1016),
(2245, 26, 'Оплата индивидуального пакета', 'Payment', 1017),
(2246, 26, 'Оплата индивидуального пакета', 'Payment', 1018),
(2247, 26, 'Оплата индивидуального пакета', 'Payment', 1019),
(2248, 26, 'Оплата индивидуального пакета', 'Payment', 1020),
(2249, 26, 'Оплата индивидуального пакета', 'Payment', 1021),
(2250, 26, 'на баланс Арчибасовой Анна', 'Payment', 1022),
(2252, 26, 'Оплата индивидуального пакета', 'Payment', 1027),
(2254, 26, 'Оплата индивидуального пакета', 'Payment', 1032),
(2256, 26, 'Оплата индивидуального пакета', 'Payment', 1038),
(2257, 26, 'было -0,5', 'Payment', 1045),
(2258, 26, 'Оплата индивидуального пакета', 'Payment', 1046),
(2260, 26, 'Оплата индивидуального пакета', 'Payment', 1052),
(2262, 26, 'Оплата индивидуального пакета', 'Payment', 1059),
(2263, 26, 'на 20.03 в остатке было -0,5', 'Payment', 1070),
(2264, 26, 'Оплата индивидуального пакета', 'Payment', 1071),
(2266, 26, 'Оплата индивидуального пакета', 'Payment', 1077),
(2268, 26, 'Оплата индивидуального пакета', 'Payment', 1081),
(2269, 26, 'на 28.02 в остатке -1', 'Payment', 1087),
(2270, 26, 'Оплата индивидуального пакета', 'Payment', 1088),
(2271, 26, 'на 10.04 на остатке -2 индив.', 'Payment', 1094),
(2272, 26, 'Оплата индивидуального пакета', 'Payment', 1095),
(2274, 26, 'Оплата индивидуального пакета', 'Payment', 1102),
(2277, 26, 'Оплата индивидуального пакета', 'Payment', 1114),
(2278, 26, 'Оплата индивидуального пакета', 'Payment', 1115),
(2279, 26, 'за март', 'Payment', 1122),
(2280, 26, 'Оплата индивидуального пакета', 'Payment', 1123),
(2281, 26, 'перенесены с баланса лыловой анны', 'Payment', 1133),
(2282, 26, 'Оплата индивидуального пакета', 'Payment', 1134),
(2283, 26, 'Оплата индивидуального пакета', 'Payment', 1135),
(2284, 26, 'Оплата индивидуального пакета', 'Payment', 1136),
(2285, 26, 'Оплата индивидуального пакета', 'Payment', 1137),
(2287, 26, 'Оплата индивидуального пакета', 'Payment', 1139),
(2289, 26, 'Оплата индивидуального пакета', 'Payment', 1146),
(2290, 26, 'на 7.04 +1 занятие', 'Payment', 1151),
(2291, 26, 'Оплата индивидуального пакета', 'Payment', 1152),
(2293, 26, 'Оплата индивидуального пакета', 'Payment', 1156),
(2295, 26, 'Оплата индивидуального пакета', 'Payment', 1165),
(2296, 26, 'Оплата индивидуального пакета', 'Payment', 1166),
(2300, 26, 'Оплата индивидуального пакета', 'Payment', 1184),
(2301, 26, 'Оплата индивидуального пакета', 'Payment', 1185),
(2302, 26, '21,02 Ая заболела отмена урока', 'Payment', 1188),
(2303, 26, 'за себя и алису до конца месяца, 21 урок с 05.03', 'Payment', 1194),
(2304, 26, 'Оплата индивидуального пакета', 'Payment', 1195),
(2305, 26, 'Оплата индивидуального пакета', 'Payment', 1196),
(2306, 26, 'Оплата индивидуального пакета', 'Payment', 1197),
(2307, 26, 'Оплата индивидуального пакета', 'Payment', 1198),
(2308, 26, 'на аккаунт Алисы', 'Payment', 1199),
(2309, 26, 'на 7.04 анна 0,алиса +1', 'Payment', 1215),
(2310, 26, 'Оплата индивидуального пакета', 'Payment', 1219),
(2311, 26, 'Оплата индивидуального пакета', 'Payment', 1220),
(2312, 26, 'перенесены на балнас лылово', 'Payment', 1221),
(2314, 26, 'Оплата индивидуального пакета', 'Payment', 1227),
(2316, 26, 'Оплата индивидуального пакета', 'Payment', 1240),
(2318, 26, 'Оплата индивидуального пакета', 'Payment', 1250),
(2319, 26, 'расчет до конца марта', 'Payment', 1258),
(2320, 26, 'Оплата индивидуального пакета', 'Payment', 1259),
(2321, 26, 'Оплата индивидуального пакета', 'Payment', 1260),
(2323, 26, 'Оплата индивидуального пакета', 'Payment', 1272),
(2325, 26, 'Оплата индивидуального пакета', 'Payment', 1275),
(2326, 26, 'на остатке 0', 'Payment', 1282),
(2327, 26, 'Оплата индивидуального пакета', 'Payment', 1283),
(2328, 26, 'на 13.04 +2 занятия ', 'Payment', 1287),
(2329, 26, 'Оплата индивидуального пакета', 'Payment', 1288),
(2331, 26, 'Оплата индивидуального пакета', 'Payment', 1291),
(2333, 26, 'Оплата индивидуального пакета', 'Payment', 1297),
(2335, 26, 'Оплата индивидуального пакета', 'Payment', 1300),
(2336, 26, 'отсчет с сегодняшнего дня', 'Payment', 1312),
(2337, 26, 'Оплата индивидуального пакета', 'Payment', 1313),
(2340, 26, 'Оплата индивидуального пакета', 'Payment', 1317),
(2342, 26, 'Оплата индивидуального пакета', 'Payment', 1324),
(2343, 26, 'сегодня первый урок по новому абонементу', 'Payment', 1325),
(2344, 26, 'Оплата индивидуального пакета', 'Payment', 1327),
(2346, 26, 'Оплата индивидуального пакета', 'Payment', 1331),
(2348, 26, 'Оплата индивидуального пакета', 'Payment', 1336),
(2349, 26, 'на 21.03 в остатке 1 занятие', 'Payment', 1341),
(2350, 26, 'Оплата индивидуального пакета', 'Payment', 1343),
(2352, 26, 'Оплата индивидуального пакета', 'Payment', 1347),
(2354, 26, 'Оплата индивидуального пакета', 'Payment', 1349),
(2356, 26, 'Оплата индивидуального пакета', 'Payment', 1356),
(2357, 26, 'корректировка ошибочного списания полурока', 'Payment', 1363),
(2358, 26, 'Оплата индивидуального пакета', 'Payment', 1364),
(2359, 26, 'на 31.03 -1 урок', 'Payment', 1366),
(2360, 26, 'Оплата индивидуального пакета', 'Payment', 1367),
(2362, 26, 'Оплата индивидуального пакета', 'Payment', 1372),
(2364, 26, 'Оплата индивидуального пакета', 'Payment', 1374),
(2365, 26, 'следующую 1000 принесет 6 марта, на 27 было -0.5', 'Payment', 1385),
(2366, 26, 'Оплата индивидуального пакета', 'Payment', 1386),
(2367, 26, 'на 19.03 в остатке -1 ур', 'Payment', 1388),
(2368, 26, 'Оплата индивидуального пакета', 'Payment', 1389),
(2369, 26, 'урок бонусом по акции', 'Payment', 1393),
(2370, 26, 'Оплата индивидуального пакета', 'Payment', 1394),
(2371, 26, 'Оплата индивидуального пакета', 'Payment', 1396),
(2373, 26, 'Оплата индивидуального пакета', 'Payment', 1398),
(2374, 26, 'было -1', 'Payment', 1407),
(2375, 26, 'Оплата индивидуального пакета', 'Payment', 1409),
(2376, 26, 'оплатил 18.03', 'Payment', 1417),
(2377, 26, 'Оплата индивидуального пакета', 'Payment', 1418),
(2378, 26, 'урок бонусом по акции', 'Payment', 1423),
(2379, 26, 'Оплата индивидуального пакета', 'Payment', 1424),
(2381, 26, 'Оплата индивидуального пакета', 'Payment', 1429),
(2382, 26, '2 урока уже в аванс прошли', 'Payment', 1434),
(2383, 26, 'Оплата индивидуального пакета', 'Payment', 1435),
(2385, 26, 'Оплата индивидуального пакета', 'Payment', 1443),
(2387, 26, 'Оплата индивидуального пакета', 'Payment', 1446),
(2388, 26, 'сегодня было третье занятие по новому абонементу', 'Payment', 1459),
(2389, 26, 'Оплата индивидуального пакета', 'Payment', 1460),
(2392, 26, 'на 21 число было -4, и 1501', 'Payment', 1474),
(2393, 26, 'Оплата индивидуального пакета', 'Payment', 1476),
(2395, 26, 'Оплата индивидуального пакета', 'Payment', 1481),
(2397, 26, 'Оплата индивидуального пакета', 'Payment', 1490),
(2398, 26, 'на 27.03 было -2.5', 'Payment', 1501),
(2399, 26, 'Оплата индивидуального пакета', 'Payment', 1502),
(2400, 26, 'корректировка: на 27.03 на балансе было -1,5', 'Payment', 1503),
(2402, 26, 'Оплата индивидуального пакета', 'Payment', 1509),
(2404, 26, 'Оплата индивидуального пакета', 'Payment', 1518),
(2405, 26, 'на 21 число было -1,5', 'Payment', 1525),
(2406, 26, 'Оплата индивидуального пакета', 'Payment', 1526),
(2407, 26, 'на 4.04 -4,5 занятий', 'Payment', 1539),
(2408, 26, 'Оплата индивидуального пакета', 'Payment', 1540),
(2410, 26, 'Оплата индивидуального пакета', 'Payment', 1547),
(2412, 26, 'Оплата индивидуального пакета', 'Payment', 1553),
(2413, 26, '21,02 Ая заболела отмена урока', 'Payment', 1554),
(2414, 26, 'Оплата индивидуального пакета', 'Payment', 1559),
(2415, 26, 'на 17.04 в остатке 1 занятие', 'Payment', 1560),
(2416, 26, 'Оплата индивидуального пакета', 'Payment', 1562),
(2418, 26, 'Оплата индивидуального пакета', 'Payment', 1564),
(2420, 26, 'сегодня второе занятие уже', 'Payment', 1569),
(2421, 26, 'Оплата индивидуального пакета', 'Payment', 1571),
(2423, 26, 'Оплата индивидуального пакета', 'Payment', 1578),
(2425, 26, 'Оплата индивидуального пакета', 'Payment', 1589),
(2426, 26, '21,02 Ая заболела отмена урока', 'Payment', 1591),
(2427, 26, 'Оплата индивидуального пакета', 'Payment', 1595),
(2429, 26, 'Оплата индивидуального пакета', 'Payment', 1602),
(2431, 26, 'Оплата индивидуального пакета', 'Payment', 1607),
(2432, 26, '21,02 Ая заболела отмена урока', 'Payment', 1616),
(2433, 26, 'на 25.02 было 0.5, в абонементе написал 3000р', 'Payment', 1617),
(2434, 26, 'Оплата индивидуального пакета', 'Payment', 1619),
(2436, 26, 'Оплата индивидуального пакета', 'Payment', 1631),
(2437, 26, '2 урока были в долг уже', 'Payment', 1639),
(2438, 26, 'Оплата индивидуального пакета', 'Payment', 1640),
(2439, 26, '21,02 Ая заболела отмена урока', 'Payment', 1643),
(2440, 26, 'Оплата индивидуального пакета', 'Payment', 1647),
(2441, 26, 'на 8.04 -2 занятия ', 'Payment', 1653),
(2442, 26, 'Оплата индивидуального пакета', 'Payment', 1654),
(2443, 26, 'Предупредила за 5 мин до занятия ', 'Payment', 1658),
(2444, 26, 'Оплата индивидуального пакета', 'Payment', 1659),
(2446, 26, 'Оплата индивидуального пакета', 'Payment', 1662),
(2447, 26, 'Оплата индивидуального пакета', 'Payment', 1663),
(2449, 26, 'Оплата индивидуального пакета', 'Payment', 1667),
(2451, 26, 'Оплата индивидуального пакета', 'Payment', 1671),
(2452, 26, '400 за сегодняшнее занятие, 100р в остатке', 'Payment', 1674),
(2453, 26, 'корректировка ошибочного списания 0,5 урока', 'Payment', 1676),
(2454, 26, 'Оплата индивидуального пакета', 'Payment', 1677),
(2455, 26, 'Оплата индивидуального пакета', 'Payment', 1678),
(2456, 26, 'на 3.04 баланс 0', 'Payment', 1679),
(2457, 26, 'Оплата индивидуального пакета', 'Payment', 1681),
(2458, 26, 'Оплата индивидуального пакета', 'Payment', 1682),
(2460, 26, 'Оплата индивидуального пакета', 'Payment', 1688),
(2462, 26, 'Оплата индивидуального пакета', 'Payment', 1698),
(2463, 26, 'возмещения за позднюю отмену урока студией', 'Payment', 1700),
(2464, 26, 'возмещения за позднюю отмену урока студией', 'Payment', 1701),
(2465, 26, 'корректировка ошибочного ввода', 'Payment', 1702),
(2466, 26, 'компенсация за позднюю отмену занятия Студией', 'Payment', 1707),
(2467, 26, 'на 31.03 в остатке еще +2 урока остается', 'Payment', 1709),
(2468, 26, 'Оплата индивидуального пакета', 'Payment', 1710),
(2470, 26, 'Оплата индивидуального пакета', 'Payment', 1715),
(2471, 26, 'за позднюю отмену занятий Студией', 'Payment', 1718),
(2472, 26, 'компенсация за позднюю отмену занятия Студией 01.03', 'Payment', 1721),
(2473, 26, 'Оплата индивидуального пакета', 'Payment', 1722),
(2474, 26, 'на 19.03 на остатке 0,5 ур', 'Payment', 1726),
(2475, 26, 'Оплата индивидуального пакета', 'Payment', 1727),
(2477, 26, 'Оплата индивидуального пакета', 'Payment', 1735),
(2479, 26, 'Оплата индивидуального пакета', 'Payment', 1742),
(2480, 26, 'на 17.04 в остатке -0,5 индив', 'Payment', 1751),
(2481, 26, 'Оплата индивидуального пакета', 'Payment', 1753),
(2483, 26, 'Оплата индивидуального пакета', 'Payment', 1755),
(2484, 26, 'компенсация за позднюю отмену занятия Студией 01.03', 'Payment', 1761),
(2486, 26, 'Оплата индивидуального пакета', 'Payment', 1765),
(2488, 26, 'Оплата индивидуального пакета', 'Payment', 1769),
(2490, 26, 'Оплата индивидуального пакета', 'Payment', 1772),
(2492, 26, 'Оплата индивидуального пакета', 'Payment', 1775),
(2494, 26, 'Оплата индивидуального пакета', 'Payment', 1779),
(2495, 26, 'поурочно', 'Payment', 1780),
(2496, 26, 'Оплата индивидуального пакета', 'Payment', 1782),
(2497, 26, '21,02 Ая заболела отмена урока', 'Payment', 1783),
(2498, 26, 'корректировка', 'Payment', 1784),
(2500, 26, 'Оплата индивидуального пакета', 'Payment', 1787),
(2501, 26, 'оплата сегодняшнего занятия', 'Payment', 1788),
(2502, 26, 'Оплата индивидуального пакета', 'Payment', 1790),
(2503, 26, 'корректировка баланса', 'Payment', 1792),
(2504, 26, 'Оплата индивидуального пакета', 'Payment', 1793),
(2505, 26, 'поурочно', 'Payment', 1794),
(2506, 26, 'Оплата индивидуального пакета', 'Payment', 1796),
(2508, 26, 'Оплата индивидуального пакета', 'Payment', 1798),
(2510, 26, 'Оплата индивидуального пакета', 'Payment', 1806),
(2511, 26, 'поурочно', 'Payment', 1811),
(2512, 26, 'поурочно', 'Payment', 1812),
(2513, 26, 'корректировка ошибочного ввода', 'Payment', 1814),
(2514, 26, 'Оплата индивидуального пакета', 'Payment', 1815),
(2515, 26, 'на 23.05 на балансе -1,5', 'Payment', 1817),
(2516, 26, 'Оплата индивидуального пакета', 'Payment', 1818),
(2518, 26, 'Оплата индивидуального пакета', 'Payment', 1824),
(2520, 26, 'Оплата индивидуального пакета', 'Payment', 1827),
(2521, 26, 'на 02.03 в остатке -0,5 было', 'Payment', 1837),
(2522, 26, 'Оплата индивидуального пакета', 'Payment', 1838),
(2523, 26, 'на 1.04 -0,5', 'Payment', 1847),
(2524, 26, 'Оплата индивидуального пакета', 'Payment', 1848),
(2526, 26, 'Оплата индивидуального пакета', 'Payment', 1854),
(2528, 26, 'Оплата индивидуального пакета', 'Payment', 1862),
(2529, 26, 'сегодня было второе занятие по абонементу', 'Payment', 1871),
(2530, 26, 'Оплата индивидуального пакета', 'Payment', 1873),
(2532, 26, 'Оплата индивидуального пакета', 'Payment', 1881),
(2534, 26, 'Оплата индивидуального пакета', 'Payment', 1883),
(2536, 26, 'Оплата индивидуального пакета', 'Payment', 1892),
(2538, 26, 'Оплата индивидуального пакета', 'Payment', 1894),
(2539, 26, 'на 02,04 было -0.5', 'Payment', 1901),
(2540, 26, 'Оплата индивидуального пакета', 'Payment', 1902),
(2541, 26, 'оплата долга', 'Payment', 1911),
(2542, 26, 'Оплата группового пакета', 'Payment', 1912),
(2543, 26, 'Оплата индивидуального пакета', 'Payment', 1913),
(2544, 26, 'было -1 индивидуальное', 'Payment', 1915),
(2545, 26, 'на балансе 1000, -3 индивидуальных - 1 групповое.  на 05.03', 'Payment', 1919),
(2546, 26, 'Оплата группового пакета', 'Payment', 1921),
(2547, 26, 'Оплата индивидуального пакета', 'Payment', 1923),
(2548, 26, 'на 9.04 в остатке -1 индив', 'Payment', 1928),
(2549, 26, 'Оплата группового пакета', 'Payment', 1929),
(2550, 26, 'Оплата индивидуального пакета', 'Payment', 1930),
(2551, 26, 'Оплата индивидуального пакета', 'Payment', 1931),
(2553, 26, 'Оплата индивидуального пакета', 'Payment', 1939),
(2554, 26, 'долг за март ', 'Payment', 1945),
(2555, 26, 'Оплата индивидуального пакета', 'Payment', 1946),
(2556, 26, 'Оплата индивидуального пакета', 'Payment', 1947),
(2557, 26, 'Оплата индивидуального пакета', 'Payment', 1948),
(2559, 26, 'Оплата индивидуального пакета', 'Payment', 1952),
(2561, 26, 'Оплата группового пакета', 'Payment', 1954),
(2563, 26, 'Оплата индивидуального пакета', 'Payment', 1965),
(2564, 26, 'Оплата группового пакета', 'Payment', 1966),
(2565, 26, 'урок бонусом по акции', 'Payment', 1981),
(2566, 26, 'Оплата индивидуального пакета', 'Payment', 1982),
(2567, 26, 'на 09.04 -1 занятие индив, -1 занятие групповое', 'Payment', 1983),
(2568, 26, 'Оплата индивидуального пакета', 'Payment', 1984),
(2569, 26, 'Оплата группового пакета', 'Payment', 1985),
(2571, 26, 'Оплата индивидуального пакета', 'Payment', 1990),
(2573, 26, 'Оплата индивидуального пакета', 'Payment', 1997),
(2575, 26, 'Оплата индивидуального пакета', 'Payment', 2003),
(2576, 26, 'на 23.02 в остатке 0', 'Payment', 2008),
(2577, 26, 'Оплата индивидуального пакета', 'Payment', 2009),
(2578, 26, 'на 07.04 +2 занятия', 'Payment', 2015),
(2579, 26, 'Оплата индивидуального пакета', 'Payment', 2016),
(2582, 26, 'Оплата индивидуального пакета', 'Payment', 2022),
(2584, 26, 'Оплата индивидуального пакета', 'Payment', 2028),
(2585, 26, 'на момент оплаты - по нулям', 'Payment', 2032),
(2586, 26, 'Оплата индивидуального пакета', 'Payment', 2033),
(2587, 26, 'оплата внесена 3.04', 'Payment', 2039),
(2589, 26, 'Оплата индивидуального пакета', 'Payment', 2042),
(2591, 26, 'Оплата индивидуального пакета', 'Payment', 2045),
(2593, 26, 'Оплата индивидуального пакета', 'Payment', 2051),
(2595, 26, 'Оплата индивидуального пакета', 'Payment', 2053),
(2597, 26, 'Оплата индивидуального пакета', 'Payment', 2057),
(2598, 26, '-1 было на 27 фев', 'Payment', 2062),
(2599, 26, 'Оплата индивидуального пакета', 'Payment', 2063),
(2602, 26, 'Оплата группового пакета', 'Payment', 2072),
(2603, 26, 'было  -1 внес 20,02', 'Payment', 2078),
(2604, 26, 'Оплата группового пакета', 'Payment', 2079),
(2605, 26, 'на 13.03 групповое', 'Payment', 2083),
(2606, 26, 'Оплата группового пакета', 'Payment', 2086),
(2607, 26, 'на групповые, одно уже прошло', 'Payment', 2087),
(2608, 26, 'Оплата группового пакета', 'Payment', 2088),
(2610, 26, 'Оплата индивидуального пакета', 'Payment', 2094),
(2613, 26, 'Оплата индивидуального пакета', 'Payment', 2099),
(2614, 26, 'Оплата индивидуального пакета', 'Payment', 2100),
(2616, 26, 'Оплата индивидуального пакета', 'Payment', 2103),
(2618, 26, 'Оплата индивидуального пакета', 'Payment', 2106),
(2620, 26, 'Оплата индивидуального пакета', 'Payment', 2109),
(2621, 26, 'было по нулям до начала занятия', 'Payment', 2110),
(2622, 26, 'Оплата индивидуального пакета', 'Payment', 2112),
(2623, 26, 'оплата занятия за 28,03', 'Payment', 2113),
(2624, 26, 'Оплата индивидуального пакета', 'Payment', 2115),
(2626, 26, 'Оплата индивидуального пакета', 'Payment', 2118),
(2627, 26, 'бонус по акции, один урок', 'Payment', 2119),
(2628, 26, 'Оплата индивидуального пакета', 'Payment', 2120),
(2629, 26, 'поурочно ', 'Payment', 2122),
(2630, 26, 'Оплата индивидуального пакета', 'Payment', 2124),
(2632, 26, 'Оплата индивидуального пакета', 'Payment', 2126),
(2633, 26, '8 уроков', 'Payment', 2132),
(2634, 26, 'Оплата индивидуального пакета', 'Payment', 2134),
(2636, 26, 'Оплата индивидуального пакета', 'Payment', 2143),
(2638, 26, 'Оплата индивидуального пакета', 'Payment', 2153),
(2640, 26, 'Оплата индивидуального пакета', 'Payment', 2162),
(2642, 26, 'Оплата индивидуального пакета', 'Payment', 2164),
(2644, 26, 'Оплата индивидуального пакета', 'Payment', 2174),
(2645, 26, 'на 25.02 в остатке +2 урока', 'Payment', 2179),
(2646, 26, 'Оплата индивидуального пакета', 'Payment', 2180),
(2647, 26, 'на 09,04 -1 занятие', 'Payment', 2195),
(2648, 26, 'Оплата индивидуального пакета', 'Payment', 2196),
(2649, 26, 'Оплата индивидуального пакета', 'Payment', 2197),
(2651, 26, 'Оплата индивидуального пакета', 'Payment', 2201),
(2653, 26, 'Оплата индивидуального пакета', 'Payment', 2206),
(2654, 26, 'одно занятие по абонементу уже состоялось', 'Payment', 2212),
(2655, 26, 'Оплата индивидуального пакета', 'Payment', 2213),
(2657, 26, 'Оплата индивидуального пакета', 'Payment', 2223),
(2658, 26, 'Оплата индивидуального пакета', 'Payment', 2224),
(2659, 26, 'на 24.02 в остатке -1', 'Payment', 2228),
(2660, 26, 'Оплата индивидуального пакета', 'Payment', 2229),
(2662, 26, 'Оплата индивидуального пакета', 'Payment', 2239),
(2663, 26, 'на 25.02 в остатке 0', 'Payment', 2241),
(2664, 26, 'Оплата индивидуального пакета', 'Payment', 2242),
(2665, 26, 'Оплата индивидуального пакета', 'Payment', 2243),
(2666, 26, 'перед оплатой было по нулям', 'Payment', 2246),
(2667, 26, 'Оплата индивидуального пакета', 'Payment', 2247),
(2668, 26, 'Оплата индивидуального пакета', 'Payment', 2248),
(2670, 26, 'Оплата индивидуального пакета', 'Payment', 2253),
(2671, 26, '0,5 урока в долг было', 'Payment', 2261),
(2672, 26, 'Оплата индивидуального пакета', 'Payment', 2262),
(2674, 26, 'Оплата индивидуального пакета', 'Payment', 2272),
(2676, 26, 'Оплата индивидуального пакета', 'Payment', 2279),
(2678, 26, 'Оплата индивидуального пакета', 'Payment', 2290),
(2679, 26, 'отсчет абонемента с 26.02', 'Payment', 2299),
(2680, 26, 'Оплата индивидуального пакета', 'Payment', 2300),
(2681, 26, 'сегодня было второе занятие по абонементу', 'Payment', 2311),
(2682, 26, 'Оплата индивидуального пакета', 'Payment', 2312),
(2683, 26, 'на 14.04 -1 занятие', 'Payment', 2320),
(2684, 26, 'Оплата индивидуального пакета', 'Payment', 2321),
(2686, 26, 'Оплата индивидуального пакета', 'Payment', 2326),
(2688, 26, 'Оплата индивидуального пакета', 'Payment', 2329),
(2689, 26, 'Оплата группового пакета', 'Payment', 2330),
(2691, 26, 'Оплата группового пакета', 'Payment', 2342),
(2692, 26, 'Оплата индивидуального пакета', 'Payment', 2343),
(2693, 26, 'на 16.03 должно остаться 3 групповых на балансе и 4 индивидуальных', 'Payment', 2352),
(2694, 26, 'Оплата индивидуального пакета', 'Payment', 2353),
(2695, 26, 'Оплата индивидуального пакета', 'Payment', 2354),
(2696, 26, 'Оплата группового пакета', 'Payment', 2355),
(2697, 26, 'поурочно', 'Payment', 2361),
(2699, 26, 'Оплата индивидуального пакета', 'Payment', 2366),
(2701, 26, 'корректировка ошибочного ввода', 'Payment', 2377),
(2703, 26, 'Оплата индивидуального пакета', 'Payment', 2380),
(2705, 26, 'Оплата индивидуального пакета', 'Payment', 2390),
(2707, 26, 'Оплата индивидуального пакета', 'Payment', 2395),
(2708, 26, 'на балансе перед оплатой был один урок', 'Payment', 2404),
(2709, 26, 'Оплата индивидуального пакета', 'Payment', 2406),
(2710, 26, 'корректировка ошибочного списания пяти часов', 'Payment', 2423),
(2711, 26, 'Оплата индивидуального пакета', 'Payment', 2424),
(2713, 26, 'Оплата индивидуального пакета', 'Payment', 2432),
(2715, 26, 'ошибочное внесение средств', 'Payment', 2438),
(2717, 26, 'Оплата индивидуального пакета', 'Payment', 2443),
(2718, 26, 'ещё +1 в остатке с прошлого абонемента', 'Payment', 2452),
(2719, 26, 'Оплата индивидуального пакета', 'Payment', 2453),
(2721, 26, 'Оплата индивидуального пакета', 'Payment', 2463),
(2724, 26, 'Оплата индивидуального пакета', 'Payment', 2473),
(2726, 26, 'Оплата индивидуального пакета', 'Payment', 2478),
(2727, 26, 'Оплата индивидуального пакета', 'Payment', 2479),
(2729, 26, 'Оплата индивидуального пакета', 'Payment', 2488),
(2730, 26, 'на 1,04 -2 занятия', 'Payment', 2499),
(2731, 26, 'Оплата индивидуального пакета', 'Payment', 2500),
(2733, 26, 'Оплата индивидуального пакета', 'Payment', 2509),
(2735, 26, 'Оплата индивидуального пакета', 'Payment', 2518),
(2737, 26, 'Оплата индивидуального пакета', 'Payment', 2520),
(2739, 26, 'Оплата индивидуального пакета', 'Payment', 2524),
(2740, 26, 'поурочно', 'Payment', 2534),
(2741, 26, 'Оплата индивидуального пакета', 'Payment', 2535),
(2743, 26, 'Оплата индивидуального пакета', 'Payment', 2537),
(2745, 26, 'Оплата индивидуального пакета', 'Payment', 2543),
(2746, 26, 'корректировка ошибочного списания занятия', 'Payment', 2550),
(2747, 26, 'Оплата индивидуального пакета', 'Payment', 2551),
(2749, 26, 'Оплата индивидуального пакета', 'Payment', 2554),
(2751, 26, 'корректировка ошибочного ввода', 'Payment', 2559),
(2753, 26, 'Оплата индивидуального пакета', 'Payment', 2562),
(2755, 26, 'Оплата индивидуального пакета', 'Payment', 2569),
(2757, 26, 'Оплата индивидуального пакета', 'Payment', 2580),
(2759, 26, 'Оплата индивидуального пакета', 'Payment', 2591),
(2761, 26, 'Оплата индивидуального пакета', 'Payment', 2596),
(2763, 26, 'Оплата индивидуального пакета', 'Payment', 2604),
(2765, 26, 'Оплата индивидуального пакета', 'Payment', 2611),
(2769, 26, 'Оплата индивидуального пакета', 'Payment', 2625),
(2771, 26, 'Оплата индивидуального пакета', 'Payment', 2628),
(2773, 26, 'Оплата индивидуального пакета', 'Payment', 2634),
(2774, 26, 'Оплата индивидуального пакета', 'Payment', 2635),
(2776, 26, 'Оплата индивидуального пакета', 'Payment', 2640),
(2777, 26, 'за сегодня и 100 на следующий', 'Payment', 2641),
(2778, 26, 'Оплата индивидуального пакета', 'Payment', 2643),
(2780, 26, 'Оплата индивидуального пакета', 'Payment', 2645),
(2782, 26, 'Оплата индивидуального пакета', 'Payment', 2648),
(2784, 26, 'Оплата индивидуального пакета', 'Payment', 2652),
(2786, 26, 'Оплата индивидуального пакета', 'Payment', 2655),
(2788, 26, 'Оплата индивидуального пакета', 'Payment', 2663),
(2790, 26, 'Оплата индивидуального пакета', 'Payment', 2666),
(2792, 26, 'Оплата индивидуального пакета', 'Payment', 2676),
(2794, 26, 'Оплата индивидуального пакета', 'Payment', 2689),
(2796, 26, 'Оплата индивидуального пакета', 'Payment', 2691),
(2797, 26, 'Оплата индивидуального пакета', 'Payment', 2692),
(2801, 26, 'Оплата индивидуального пакета', 'Payment', 2699),
(2803, 26, 'Оплата индивидуального пакета', 'Payment', 2705),
(2805, 26, 'Оплата индивидуального пакета', 'Payment', 2715),
(2807, 26, 'Оплата индивидуального пакета', 'Payment', 2722),
(2808, 26, 'на счет деньги внесены были 07.03, на 24.03 на балансе было -3', 'Payment', 2736),
(2809, 26, 'Оплата индивидуального пакета', 'Payment', 2737),
(2810, 26, 'на 10.04 в остатке 3,5 занятия ', 'Payment', 2740),
(2811, 26, 'Оплата индивидуального пакета', 'Payment', 2741),
(2812, 26, 'оплата долга 2 урока', 'Payment', 2748),
(2813, 26, 'Оплата индивидуального пакета', 'Payment', 2749),
(2814, 26, 'Оплата индивидуального пакета', 'Payment', 2750),
(2816, 26, 'Оплата индивидуального пакета', 'Payment', 2753),
(2818, 26, 'Оплата индивидуального пакета', 'Payment', 2760),
(2820, 26, 'Оплата индивидуального пакета', 'Payment', 2770),
(2822, 26, 'Оплата индивидуального пакета', 'Payment', 2780),
(2824, 26, 'Оплата индивидуального пакета', 'Payment', 2790),
(2826, 26, 'Оплата индивидуального пакета', 'Payment', 2800),
(2828, 26, 'Оплата индивидуального пакета', 'Payment', 2803),
(2830, 26, 'Оплата индивидуального пакета', 'Payment', 2806),
(2832, 26, 'Оплата индивидуального пакета', 'Payment', 2809),
(2834, 26, 'Оплата индивидуального пакета', 'Payment', 2812),
(2835, 26, 'поурочно', 'Payment', 2814),
(2836, 26, 'Оплата индивидуального пакета', 'Payment', 2815),
(2838, 26, 'Оплата индивидуального пакета', 'Payment', 2817),
(2839, 26, 'сегодня первый урок по новому абонементу', 'Payment', 2827),
(2840, 26, 'Оплата индивидуального пакета', 'Payment', 2828),
(2841, 26, 'на 10.03 на остатке +0,5', 'Payment', 2837),
(2842, 26, 'Оплата индивидуального пакета', 'Payment', 2838),
(2843, 26, 'на 10.04 в остатке -0,5 занятия', 'Payment', 2847),
(2844, 26, 'Оплата индивидуального пакета', 'Payment', 2849),
(2846, 26, 'Оплата индивидуального пакета', 'Payment', 2852),
(2848, 26, 'Оплата индивидуального пакета', 'Payment', 2856),
(2851, 26, 'Оплата индивидуального пакета', 'Payment', 2863),
(2852, 26, 'на 14.03 -0.5 занятий', 'Payment', 2867),
(2853, 26, 'Оплата индивидуального пакета', 'Payment', 2868),
(2854, 26, 'за пол урока. на 14.03 было +2.5', 'Payment', 2869),
(2855, 26, 'Оплата индивидуального пакета', 'Payment', 2871),
(2857, 26, 'Оплата индивидуального пакета', 'Payment', 2875),
(2859, 26, 'Оплата индивидуального пакета', 'Payment', 2881),
(2861, 26, 'Оплата индивидуального пакета', 'Payment', 2889),
(2862, 26, 'сегодня первый урок по новому абонементу', 'Payment', 2898),
(2863, 26, 'Оплата индивидуального пакета', 'Payment', 2899),
(2864, 26, 'компенсация за позднюю отмену занятия Студией', 'Payment', 2906),
(2865, 26, 'Оплата группового пакета', 'Payment', 2907),
(2866, 26, 'на 03.04 было 1 индив. 1 групповое. 3200 за новый абонемент. 200 за групповое. в остатке 1600р', 'Payment', 2909),
(2867, 26, 'Оплата индивидуального пакета', 'Payment', 2912),
(2868, 26, 'Оплата группового пакета', 'Payment', 2913),
(2870, 26, 'Оплата индивидуального пакета', 'Payment', 2918),
(2872, 26, 'Оплата индивидуального пакета', 'Payment', 2924),
(2874, 26, 'Оплата индивидуального пакета', 'Payment', 2929),
(2875, 26, 'было одно занятие', 'Payment', 2934),
(2876, 26, 'Оплата индивидуального пакета', 'Payment', 2935),
(2877, 26, 'на 10.04 в остатке -2 занятия', 'Payment', 2948),
(2878, 26, 'Оплата индивидуального пакета', 'Payment', 2950),
(2880, 26, 'Оплата индивидуального пакета', 'Payment', 2952),
(2882, 26, 'Оплата индивидуального пакета', 'Payment', 2954),
(2884, 26, 'Оплата индивидуального пакета', 'Payment', 2959),
(2886, 26, 'Оплата индивидуального пакета', 'Payment', 2967),
(2887, 26, 'Оплата индивидуального пакета', 'Payment', 2968),
(2889, 26, 'Оплата индивидуального пакета', 'Payment', 2971),
(2891, 26, 'Оплата индивидуального пакета', 'Payment', 2983),
(2893, 26, 'Оплата индивидуального пакета', 'Payment', 2995),
(2895, 26, 'Оплата индивидуального пакета', 'Payment', 3004),
(2896, 26, 'Оплата индивидуального пакета', 'Payment', 3005),
(2898, 26, 'Оплата индивидуального пакета', 'Payment', 3008),
(2900, 26, 'Оплата индивидуального пакета', 'Payment', 3013),
(2901, 26, 'сегодня первый урок по новому абонементу', 'Payment', 3021),
(2902, 26, 'Оплата индивидуального пакета', 'Payment', 3022),
(2904, 26, 'Оплата индивидуального пакета', 'Payment', 3031),
(2905, 26, 'сегодня было второе занятие по абонементу', 'Payment', 3036),
(2906, 26, 'Запись считать приоритетной. Корректировка ошибочного списания занятия. Первое занятие по абонементу считать с сегодня', 'Payment', 3037),
(2907, 26, 'Оплата индивидуального пакета', 'Payment', 3038),
(2908, 26, 'Оплата индивидуального пакета', 'Payment', 3039),
(2910, 26, 'Оплата индивидуального пакета', 'Payment', 3044),
(2911, 26, 'компенсация за пропуск 9 января', 'Payment', 3050),
(2912, 26, 'компенсация за пропуск 9 января', 'Payment', 3051),
(2913, 26, 'корректировка', 'Payment', 3053),
(2914, 26, 'Оплата индивидуального пакета', 'Payment', 3056),
(2915, 26, 'Планирует ходить 2 раза в неделю', 'Payment', 3058),
(2916, 26, 'Оплата индивидуального пакета', 'Payment', 3059),
(2918, 26, 'Оплата индивидуального пакета', 'Payment', 3070),
(2919, 26, 'на 13.03 -1 занятие', 'Payment', 3079),
(2920, 26, 'Оплата индивидуального пакета', 'Payment', 3080),
(2921, 26, 'на 10.04 на остатке -1 индив.', 'Payment', 3089),
(2922, 26, 'Оплата индивидуального пакета', 'Payment', 3090),
(2923, 26, 'доплата за обонемент', 'Payment', 3092),
(2924, 26, 'Оплата индивидуального пакета', 'Payment', 3093),
(2926, 26, 'Оплата индивидуального пакета', 'Payment', 3097),
(2928, 26, 'Оплата индивидуального пакета', 'Payment', 3100),
(2929, 26, 'на момент оплаты было по нулям', 'Payment', 3106),
(2930, 26, 'Оплата индивидуального пакета', 'Payment', 3107),
(2932, 26, 'Оплата индивидуального пакета', 'Payment', 3114),
(2934, 26, 'Оплата индивидуального пакета', 'Payment', 3119),
(2935, 26, 'Оплата индивидуального пакета', 'Payment', 3120),
(2936, 26, 'первое занятие сегодня', 'Payment', 3123),
(2937, 26, 'Оплата индивидуального пакета', 'Payment', 3125),
(2938, 26, 'корректировка баланса', 'Payment', 3129),
(2939, 26, 'Оплата индивидуального пакета', 'Payment', 3130),
(2940, 26, 'Оплата индивидуального пакета', 'Payment', 3133),
(2941, 26, 'Оплата индивидуального пакета', 'Payment', 3134),
(2944, 26, 'Оплата индивидуального пакета', 'Payment', 3139),
(2946, 26, 'Оплата индивидуального пакета', 'Payment', 3144),
(2948, 26, 'Оплата индивидуального пакета', 'Payment', 3147),
(2950, 26, 'Оплата индивидуального пакета', 'Payment', 3151),
(2952, 26, 'Оплата индивидуального пакета', 'Payment', 3158),
(2954, 26, 'Оплата индивидуального пакета', 'Payment', 3161),
(2956, 26, 'Оплата индивидуального пакета', 'Payment', 3170),
(2957, 26, '21,02 Ая заболела отмена урока', 'Payment', 3174),
(2958, 26, 'отсчет абонемента со следующего урока начнется', 'Payment', 3181),
(2959, 26, 'Оплата индивидуального пакета', 'Payment', 3182),
(2961, 26, 'Оплата индивидуального пакета', 'Payment', 3189),
(2962, 26, 'Оплата индивидуального пакета', 'Payment', 3192),
(2963, 26, 'Оплата индивидуального пакета', 'Payment', 3195),
(2965, 26, 'Оплата индивидуального пакета', 'Payment', 3200),
(2966, 26, 'Оплата индивидуального пакета', 'Payment', 3206),
(2968, 26, 'Оплата индивидуального пакета', 'Payment', 3210),
(2969, 26, 'Сегодня был первый полноценный урок', 'Payment', 3215),
(2970, 26, 'за Павла, ученика Сайганова', 'Payment', 3216),
(2972, 26, 'некорректный ввод', 'Payment', 3222),
(2976, 26, 'Оплата индивидуального пакета', 'Payment', 3234),
(2978, 26, 'Оплата индивидуального пакета', 'Payment', 3236),
(2980, 26, 'Оплата индивидуального пакета', 'Payment', 3238),
(2981, 26, 'позвонить', 'Payment', 3241),
(2982, 26, 'Оплата индивидуального пакета', 'Payment', 3242),
(2983, 26, 'Оплата индивидуального пакета', 'Payment', 3244),
(2984, 26, 'Оплата индивидуального пакета', 'Payment', 3246),
(2985, 26, 'Оплата индивидуального пакета', 'Payment', 3251),
(2987, 26, 'Оплата индивидуального пакета', 'Payment', 3254),
(2989, 26, 'Оплата индивидуального пакета', 'Payment', 3264),
(2990, 26, 'сегодня было третье занятие по новому абонементу', 'Payment', 3272),
(2991, 26, 'Оплата индивидуального пакета', 'Payment', 3273),
(2993, 26, 'Оплата группового пакета', 'Payment', 3281),
(2995, 26, 'Оплата группового пакета', 'Payment', 3288),
(2996, 26, 'подарок от игоря', 'Payment', 3290),
(2997, 26, 'Оплата индивидуального пакета', 'Payment', 3291),
(2999, 26, 'Оплата группового пакета', 'Payment', 3296),
(3001, 26, 'Оплата группового пакета', 'Payment', 3303),
(3003, 26, 'Оплата индивидуального пакета', 'Payment', 3308),
(3004, 26, 'сегодня первый урок по новому абонементу', 'Payment', 3317),
(3005, 26, 'Оплата индивидуального пакета', 'Payment', 3318),
(3006, 26, 'сегодня первый урок по новому абонементу  ', 'Payment', 3327),
(3007, 26, 'первое занятие сегодня', 'Payment', 3329),
(3008, 26, 'Оплата индивидуального пакета', 'Payment', 3330),
(3009, 26, 'корректировка ошибочного зачисления', 'Payment', 3331),
(3011, 26, 'Оплата индивидуального пакета', 'Payment', 3336),
(3013, 26, 'Оплата индивидуального пакета', 'Payment', 3346),
(3015, 26, 'Оплата индивидуального пакета', 'Payment', 3353),
(3016, 26, 'корректировка ошибочного списания занятия', 'Payment', 3360),
(3017, 26, 'Оплата индивидуального пакета', 'Payment', 3361),
(3019, 26, 'Оплата индивидуального пакета', 'Payment', 3365),
(3021, 26, 'Оплата индивидуального пакета', 'Payment', 3372),
(3023, 26, 'Оплата индивидуального пакета', 'Payment', 3377),
(3024, 26, 'занятие по сертификату 41', 'Payment', 3378),
(3025, 26, 'Оплата индивидуального пакета', 'Payment', 3379),
(3027, 26, 'Оплата индивидуального пакета', 'Payment', 3384),
(3029, 26, 'Оплата индивидуального пакета', 'Payment', 3393),
(3031, 26, 'корректировка ошибочного ввода', 'Payment', 3402),
(3032, 26, 'Оплата индивидуального пакета', 'Payment', 3403),
(3034, 26, 'Оплата индивидуального пакета', 'Payment', 3410),
(3036, 26, 'Оплата индивидуального пакета', 'Payment', 3418),
(3038, 26, 'Оплата индивидуального пакета', 'Payment', 3423),
(3040, 26, 'Оплата индивидуального пакета', 'Payment', 3434),
(3042, 26, 'Оплата индивидуального пакета', 'Payment', 3438),
(3044, 26, 'Оплата индивидуального пакета', 'Payment', 3444),
(3045, 26, 'на 16.03 в остатке -0,5', 'Payment', 3451),
(3046, 26, 'Оплата индивидуального пакета', 'Payment', 3452),
(3048, 26, 'Оплата индивидуального пакета', 'Payment', 3458),
(3050, 26, 'Оплата индивидуального пакета', 'Payment', 3462),
(3051, 26, 'абонемент на 5 , первый урок был сегодня', 'Payment', 3471),
(3052, 26, 'Оплата индивидуального пакета', 'Payment', 3472),
(3054, 26, 'Оплата индивидуального пакета', 'Payment', 3477),
(3056, 26, 'Оплата индивидуального пакета', 'Payment', 3484),
(3058, 26, 'Оплата индивидуального пакета', 'Payment', 3492),
(3060, 26, 'Оплата индивидуального пакета', 'Payment', 3502),
(3062, 26, 'Оплата индивидуального пакета', 'Payment', 3513),
(3063, 26, 'за 4,5 часа, после сегодняшнего урока в остатке 2 будет', 'Payment', 3524),
(3064, 26, 'Оплата индивидуального пакета', 'Payment', 3525),
(3065, 26, 'Оплата индивидуального пакета', 'Payment', 3526),
(3067, 26, 'Оплата индивидуального пакета', 'Payment', 3534),
(3069, 26, 'Оплата индивидуального пакета', 'Payment', 3540),
(3071, 26, 'Оплата индивидуального пакета', 'Payment', 3549),
(3072, 26, 'новый абонемент с 25.03 начинается', 'Payment', 3557),
(3073, 26, 'Оплата индивидуального пакета', 'Payment', 3558),
(3075, 26, 'Оплата индивидуального пакета', 'Payment', 3565),
(3076, 26, 'отсчет абонемента с 26.02', 'Payment', 3574),
(3077, 26, 'Оплата индивидуального пакета', 'Payment', 3575),
(3079, 26, 'Оплата индивидуального пакета', 'Payment', 3586),
(3080, 26, 'компенсация от студии', 'Payment', 3596),
(3082, 26, 'Оплата индивидуального пакета', 'Payment', 3599),
(3083, 26, 'Оплата индивидуального пакета', 'Payment', 3601),
(3084, 26, 'на 10.04 на балансе 0', 'Payment', 3607),
(3085, 26, 'Оплата индивидуального пакета', 'Payment', 3608),
(3087, 26, 'Оплата индивидуального пакета', 'Payment', 3611),
(3089, 26, 'Оплата индивидуального пакета', 'Payment', 3618),
(3090, 26, 'на 14.04 0 занятий', 'Payment', 3624),
(3091, 26, 'Оплата индивидуального пакета', 'Payment', 3625),
(3093, 26, 'Оплата индивидуального пакета', 'Payment', 3628),
(3094, 26, 'на 24.02 в остатке +1', 'Payment', 3633),
(3096, 26, 'Оплата индивидуального пакета', 'Payment', 3636),
(3097, 26, '1 урок по акции', 'Payment', 3640),
(3098, 26, 'Оплата индивидуального пакета', 'Payment', 3641),
(3100, 26, 'Оплата индивидуального пакета', 'Payment', 3643),
(3102, 26, 'Оплата индивидуального пакета', 'Payment', 3646),
(3104, 26, 'Оплата индивидуального пакета', 'Payment', 3649),
(3106, 26, 'Оплата индивидуального пакета', 'Payment', 3653),
(3107, 26, 'сегодня было второе занятие по абонементу', 'Payment', 3659),
(3108, 26, 'Оплата индивидуального пакета', 'Payment', 3661),
(3110, 26, 'Оплата индивидуального пакета', 'Payment', 3668),
(3112, 26, 'Оплата индивидуального пакета', 'Payment', 3674);
INSERT INTO `Property_String` (`id`, `property_id`, `value`, `model_name`, `object_id`) VALUES
(3113, 26, 'на 25, было 1 занятие.', 'Payment', 3682),
(3114, 26, 'Оплата индивидуального пакета', 'Payment', 3683),
(3116, 26, 'Оплата индивидуального пакета', 'Payment', 3693),
(3118, 26, 'Оплата индивидуального пакета', 'Payment', 3701),
(3119, 26, 'Оплата индивидуального пакета', 'Payment', 3702),
(3121, 26, 'Оплата индивидуального пакета', 'Payment', 3716),
(3122, 26, 'на 23.02 в остатке 0', 'Payment', 3726),
(3123, 26, 'Оплата индивидуального пакета', 'Payment', 3727),
(3124, 26, 'на 15.04 -2 занятия', 'Payment', 3738),
(3125, 26, 'Оплата индивидуального пакета', 'Payment', 3739),
(3127, 26, 'Оплата индивидуального пакета', 'Payment', 3741),
(3129, 26, 'Оплата индивидуального пакета', 'Payment', 3750),
(3130, 26, 'на остатке 1.5 внес 13.02', 'Payment', 3758),
(3131, 26, 'Оплата индивидуального пакета', 'Payment', 3759),
(3132, 26, 'на 01.03 +4.5 в остатке', 'Payment', 3765),
(3133, 26, 'Оплата индивидуального пакета', 'Payment', 3766),
(3135, 26, 'Оплата индивидуального пакета', 'Payment', 3782),
(3136, 26, 'Оплата группового пакета', 'Payment', 3783),
(3137, 26, 'за групповые ', 'Payment', 3790),
(3138, 26, 'Оплата группового пакета', 'Payment', 3791),
(3139, 26, 'Оплата индивидуального пакета', 'Payment', 3801),
(3140, 26, 'на 29.03 долг -3,5 был', 'Payment', 3804),
(3141, 26, 'Оплата индивидуального пакета', 'Payment', 3805),
(3142, 26, 'Оплата группового пакета', 'Payment', 3806),
(3143, 26, 'Оплата индивидуального пакета', 'Payment', 3813),
(3144, 26, 'Оплата индивидуального пакета', 'Payment', 3814),
(3147, 26, 'Оплата индивидуального пакета', 'Payment', 3822),
(3148, 26, 'Оплата группового пакета', 'Payment', 3825),
(3149, 26, 'за групповые', 'Payment', 3829),
(3150, 26, 'Оплата группового пакета', 'Payment', 3831),
(3151, 26, 'на групповое', 'Payment', 3836),
(3152, 26, 'Оплата группового пакета', 'Payment', 3839),
(3153, 26, 'на 1.04  +0.5 индив и -1 групп', 'Payment', 3844),
(3154, 26, 'Оплата группового пакета', 'Payment', 3845),
(3155, 26, 'Оплата индивидуального пакета', 'Payment', 3846),
(3156, 26, 'корректировка баланса', 'Payment', 3853),
(3157, 26, 'Оплата индивидуального пакета', 'Payment', 3854),
(3159, 26, 'Оплата индивидуального пакета', 'Payment', 3857),
(3161, 26, 'Оплата индивидуального пакета', 'Payment', 3861),
(3163, 26, 'Оплата индивидуального пакета', 'Payment', 3871),
(3165, 26, 'Оплата индивидуального пакета', 'Payment', 3880),
(3166, 26, 'сегодня первый урок по новому абонементу', 'Payment', 3887),
(3167, 26, 'Оплата индивидуального пакета', 'Payment', 3888),
(3169, 26, 'Оплата индивидуального пакета', 'Payment', 3892),
(3170, 26, 'компенсация за позднюю отмену занятия Студией 01.03', 'Payment', 3896),
(3171, 26, 'сегодня первый урок по абонементу', 'Payment', 3899),
(3172, 26, 'Оплата индивидуального пакета', 'Payment', 3900),
(3173, 26, 'поурочно', 'Payment', 3906),
(3174, 26, 'Оплата индивидуального пакета', 'Payment', 3908),
(3176, 26, 'Оплата индивидуального пакета', 'Payment', 3911),
(3177, 26, 'сегодня было первое занятие по новому абонементу', 'Payment', 3920),
(3178, 26, 'Оплата индивидуального пакета', 'Payment', 3921),
(3180, 26, 'Оплата группового пакета', 'Payment', 3933),
(3181, 26, 'Оплата группового пакета', 'Payment', 3937),
(3182, 26, 'на 6.04 -1 занятие (250 должны донести)', 'Payment', 3942),
(3183, 26, 'Оплата группового пакета', 'Payment', 3944),
(3184, 26, 'Оплата группового пакета', 'Payment', 3945),
(3186, 26, 'Оплата группового пакета', 'Payment', 3950),
(3187, 26, 'Оплата группового пакета', 'Payment', 3954),
(3188, 26, 'на 6.04 -1 занятие (250 должны донести)', 'Payment', 3959),
(3189, 26, 'Оплата группового пакета', 'Payment', 3961),
(3190, 26, 'Оплата группового пакета', 'Payment', 3962),
(3192, 26, 'Оплата индивидуального пакета', 'Payment', 3966),
(3193, 26, 'за ошибочно списанный урок', 'Payment', 3969),
(3194, 26, 'Оплата индивидуального пакета', 'Payment', 3970),
(3196, 26, 'Оплата индивидуального пакета', 'Payment', 3973),
(3197, 26, 'поурочно', 'Payment', 3975),
(3198, 26, 'Оплата индивидуального пакета', 'Payment', 3976),
(3200, 26, 'Оплата индивидуального пакета', 'Payment', 3980),
(3201, 26, 'на 26 было 0 занятий', 'Payment', 3981),
(3202, 26, 'Оплата индивидуального пакета', 'Payment', 3983),
(3203, 26, 'на 21.03 на остатке -0.5', 'Payment', 3988),
(3204, 26, 'Оплата индивидуального пакета', 'Payment', 3990),
(3205, 26, 'компенсация за позднюю отмену занятия Студией', 'Payment', 3991),
(3206, 26, 'Оплата индивидуального пакета', 'Payment', 3992),
(3208, 26, 'Оплата индивидуального пакета', 'Payment', 3997),
(3209, 26, 'корректировка баланса', 'Payment', 4007),
(3210, 26, 'Оплата индивидуального пакета', 'Payment', 4008),
(3211, 26, 'на 9.04 было 1 занятие в остатке', 'Payment', 4009),
(3212, 26, 'Оплата индивидуального пакета', 'Payment', 4011),
(3214, 26, 'Оплата индивидуального пакета', 'Payment', 4013),
(3216, 26, 'Оплата группового пакета', 'Payment', 4024),
(3217, 26, 'за групповые', 'Payment', 4029),
(3218, 26, 'Оплата группового пакета', 'Payment', 4030),
(3220, 26, 'Оплата группового пакета', 'Payment', 4039),
(3221, 26, 'за групповые', 'Payment', 4044),
(3222, 26, 'Оплата группового пакета', 'Payment', 4045),
(3224, 26, 'Оплата индивидуального пакета', 'Payment', 4054),
(3225, 26, 'на 06.03  минус два занятия (просили в долг) ', 'Payment', 4065),
(3226, 26, 'Оплата индивидуального пакета', 'Payment', 4066),
(3227, 26, 'занятия по серт 96, 10 уроков', 'Payment', 4077),
(3228, 26, 'Оплата индивидуального пакета', 'Payment', 4078),
(3229, 26, 'Оплата индивидуального пакета', 'Payment', 4079),
(3230, 26, 'на 28 фев было -1', 'Payment', 4090),
(3231, 26, 'Оплата индивидуального пакета', 'Payment', 4091),
(3232, 26, 'было -1, но ошибочно по всей видимости', 'Payment', 4101),
(3233, 26, 'Оплата группового пакета', 'Payment', 4102),
(3235, 26, 'Оплата индивидуального пакета', 'Payment', 4105),
(3237, 26, 'Оплата индивидуального пакета', 'Payment', 4112),
(3238, 26, 'на 9,04 в остатке -0,5 занятия. ', 'Payment', 4121),
(3239, 26, 'Оплата индивидуального пакета', 'Payment', 4122),
(3240, 26, 'Оплата индивидуального пакета', 'Payment', 4123),
(3242, 26, 'Оплата индивидуального пакета', 'Payment', 4127),
(3243, 26, 'корректировка баланса', 'Payment', 4136),
(3244, 26, 'Оплата индивидуального пакета', 'Payment', 4137),
(3245, 26, 'на 06.04 +1занятие', 'Payment', 4138),
(3246, 26, 'Оплата индивидуального пакета', 'Payment', 4140),
(3247, 26, 'первая оплата', 'Payment', 4143),
(3248, 26, 'Оплата индивидуального пакета', 'Payment', 4144),
(3249, 26, 'на 10.04 в остатке -1 занятие', 'Payment', 4154),
(3250, 26, 'Оплата индивидуального пакета', 'Payment', 4155),
(3251, 26, 'первый абонемент.', 'Payment', 4159),
(3252, 26, 'Оплата индивидуального пакета', 'Payment', 4160),
(3253, 26, 'самая первая оплата', 'Payment', 4167),
(3254, 26, 'Оплата группового пакета', 'Payment', 4168),
(3255, 26, 'первая оплата', 'Payment', 4174),
(3256, 26, 'Оплата индивидуального пакета', 'Payment', 4175),
(3258, 26, 'Оплата индивидуального пакета', 'Payment', 4183),
(3259, 26, 'первая оплата', 'Payment', 4192),
(3260, 26, 'Оплата индивидуального пакета', 'Payment', 4193),
(3262, 26, 'Оплата индивидуального пакета', 'Payment', 4199),
(3263, 26, 'компенсация за позднюю отмену занятия Студией', 'Payment', 4202),
(3265, 26, 'Оплата индивидуального пакета', 'Payment', 4210),
(3266, 26, 'на 14.04 0 занятий', 'Payment', 4219),
(3267, 26, 'Оплата индивидуального пакета', 'Payment', 4220),
(3268, 26, 'под.серт. на 3 занятия. номер065', 'Payment', 4223),
(3269, 26, 'Оплата индивидуального пакета', 'Payment', 4224),
(3270, 26, 'на 26.03 было 0 индив. ', 'Payment', 4227),
(3271, 26, 'абонемент с апреля', 'Payment', 4229),
(3272, 26, 'Оплата индивидуального пакета', 'Payment', 4230),
(3273, 26, 'Оплата индивидуального пакета', 'Payment', 4231),
(3274, 26, 'сертификат 61, 5 уроков', 'Payment', 4236),
(3275, 26, 'Оплата индивидуального пакета', 'Payment', 4237),
(3276, 26, 'сегодня было второе занятие по абонементу', 'Payment', 4240),
(3277, 26, 'Оплата индивидуального пакета', 'Payment', 4242),
(3278, 26, 'поурочно', 'Payment', 4249),
(3279, 26, 'Оплата индивидуального пакета', 'Payment', 4250),
(3280, 26, 'поурочно', 'Payment', 4252),
(3281, 26, 'Оплата индивидуального пакета', 'Payment', 4253),
(3282, 26, 'оплата индив 20.03', 'Payment', 4255),
(3283, 26, 'Оплата индивидуального пакета', 'Payment', 4256),
(3285, 26, 'Оплата индивидуального пакета', 'Payment', 4260),
(3287, 26, 'Оплата индивидуального пакета', 'Payment', 4269),
(3289, 26, 'Оплата индивидуального пакета', 'Payment', 4273),
(3290, 26, 'на 7.04 +3 занятия', 'Payment', 4276),
(3291, 26, 'Оплата индивидуального пакета', 'Payment', 4278),
(3292, 26, 'на 14.04 +6 занятий', 'Payment', 4279),
(3293, 26, 'Оплата индивидуального пакета', 'Payment', 4280),
(3294, 26, 'Оплата индивидуального пакета', 'Payment', 4281),
(3295, 26, 'сегодня первый урок по новому абонементу', 'Payment', 4283),
(3296, 26, 'Оплата индивидуального пакета', 'Payment', 4285),
(3297, 26, 'сегодня было первое занятие по новому абонементу', 'Payment', 4288),
(3298, 26, 'Оплата индивидуального пакета', 'Payment', 4290),
(3300, 26, 'Оплата индивидуального пакета', 'Payment', 4296),
(3301, 26, 'групповое', 'Payment', 4302),
(3302, 26, 'Оплата группового пакета', 'Payment', 4304),
(3304, 26, 'Оплата индивидуального пакета', 'Payment', 4310),
(3306, 26, 'Оплата индивидуального пакета', 'Payment', 4316),
(3307, 26, 'групповые', 'Payment', 4318),
(3308, 26, 'Оплата группового пакета', 'Payment', 4319),
(3309, 26, '1000 еще донесет ', 'Payment', 4324),
(3310, 26, 'довнесла за абонемент за 8 занятий', 'Payment', 4326),
(3311, 26, 'Оплата индивидуального пакета', 'Payment', 4327),
(3312, 26, 'сегодня было первое занятие по новому абонементу', 'Payment', 4336),
(3313, 26, 'Оплата индивидуального пакета', 'Payment', 4337),
(3314, 26, 'на 18.04 в остатке 1 занятие, ', 'Payment', 4344),
(3315, 26, 'Оплата индивидуального пакета', 'Payment', 4346),
(3317, 26, 'Оплата индивидуального пакета', 'Payment', 4349),
(3318, 26, 'первая оплата', 'Payment', 4350),
(3319, 26, 'Оплата индивидуального пакета', 'Payment', 4351),
(3320, 26, 'индив за 29.03', 'Payment', 4357),
(3321, 26, 'Оплата индивидуального пакета', 'Payment', 4358),
(3323, 26, 'Оплата индивидуального пакета', 'Payment', 4361),
(3325, 26, 'Оплата индивидуального пакета', 'Payment', 4364),
(3327, 26, 'сегодня первое занятие по абонементу ', 'Payment', 4372),
(3328, 26, 'Оплата индивидуального пакета', 'Payment', 4373),
(3329, 26, 'Оплата индивидуального пакета', 'Payment', 4374),
(3331, 26, 'Оплата индивидуального пакета', 'Payment', 4379),
(3333, 26, 'Оплата индивидуального пакета', 'Payment', 4385),
(3334, 26, 'новый абонемент', 'Payment', 4390),
(3335, 26, 'Оплата индивидуального пакета', 'Payment', 4391),
(3336, 26, 'поурочно', 'Payment', 4397),
(3337, 26, 'Оплата индивидуального пакета', 'Payment', 4398),
(3339, 26, 'Оплата индивидуального пакета', 'Payment', 4402),
(3341, 26, 'Оплата индивидуального пакета', 'Payment', 4409),
(3342, 26, 'все по нулям', 'Payment', 4410),
(3343, 26, 'корректировка ошибочного зачисления', 'Payment', 4411),
(3344, 26, 'поурочно', 'Payment', 4413),
(3345, 26, 'Оплата индивидуального пакета', 'Payment', 4414),
(3346, 26, 'сегодня было первое занятие по новому абонементу', 'Payment', 4415),
(3347, 26, 'Оплата индивидуального пакета', 'Payment', 4417),
(3348, 26, 'сегодня первый урок по новому абонементу', 'Payment', 4421),
(3349, 26, 'Оплата индивидуального пакета', 'Payment', 4422),
(3350, 26, 'поурочно', 'Payment', 4425),
(3351, 26, 'Оплата индивидуального пакета', 'Payment', 4427),
(3353, 26, 'Оплата индивидуального пакета', 'Payment', 4429),
(3355, 26, 'Оплата индивидуального пакета', 'Payment', 4433),
(3356, 26, 'первая оплата', 'Payment', 4435),
(3357, 26, 'Оплата индивидуального пакета', 'Payment', 4436),
(3358, 26, 'новый абонемент с 9.04', 'Payment', 4441),
(3359, 26, 'Оплата индивидуального пакета', 'Payment', 4442),
(3360, 26, '2 урока разовых', 'Payment', 4444),
(3361, 26, 'Оплата индивидуального пакета', 'Payment', 4445),
(3362, 26, 'Оплата индивидуального пакета', 'Payment', 4446),
(3364, 26, 'Оплата индивидуального пакета', 'Payment', 4450),
(3365, 26, 'первая оплата', 'Payment', 4452),
(3366, 26, 'первая оплата', 'Payment', 4453),
(3367, 26, 'корректировка баланса', 'Payment', 4454),
(3368, 26, 'Оплата индивидуального пакета', 'Payment', 4455),
(3369, 26, '14.04 первое занятие по абонементу', 'Payment', 4460),
(3370, 26, 'Оплата индивидуального пакета', 'Payment', 4461),
(3371, 26, 'сегодня первое занятие по новому абонементу ', 'Payment', 4462),
(3372, 26, 'Оплата индивидуального пакета', 'Payment', 4464),
(3373, 26, 'сегодня было первое групповое занятие', 'Payment', 4465),
(3374, 26, 'Оплата группового пакета', 'Payment', 4467),
(3375, 26, 'сегодня было первое групповое занятие', 'Payment', 4469),
(3376, 26, 'Оплата группового пакета', 'Payment', 4471),
(3377, 26, 'на 17.04 -1 занятие', 'Payment', 4474),
(3378, 26, 'Оплата индивидуального пакета', 'Payment', 4475),
(3380, 26, 'Оплата индивидуального пакета', 'Payment', 4478),
(3381, 26, 'первая оплата', 'Payment', 4479),
(3382, 26, 'Оплата индивидуального пакета', 'Payment', 4480),
(3384, 26, 'Оплата индивидуального пакета', 'Payment', 4484),
(3386, 26, 'Оплата индивидуального пакета', 'Payment', 4486),
(3389, 26, 'Третья оплата', 'Payment', 4487),
(3390, 26, 'Вторая оплата', 'Payment', 4487),
(3391, 26, 'первая оплата', 'Payment', 4487),
(3392, 26, 'Третье свойство', 'Payment', 4488),
(3393, 26, 'Вторая оплата', 'Payment', 4488),
(3394, 26, 'первая оплата', 'Payment', 4488),
(3395, 26, 'rsthrtyh', 'Payment', 4489),
(3396, 26, 'Оплата индивидуального пакета', 'Payment', 4489),
(3403, 26, 'первая оплата', 'Payment', 4485),
(3404, 26, 'Вторая оплата', 'Payment', 4485),
(3414, 22, '22-04-2018 02:01:08', 'User', 15),
(3415, 22, '07-04-2018 17:15:43', 'User', 20),
(3419, 22, '10-04-2018 08:27:40', 'User', 27),
(3422, 22, '16-04-2018 22:07:18', 'User', 32),
(3424, 22, '12-04-2018 14:36:35', 'User', 35),
(3425, 22, '23-04-2018 10:28:52', 'User', 36),
(3427, 22, '23-04-2018 10:27:44', 'User', 43),
(3429, 22, '20-04-2018 07:42:39', 'User', 49),
(3435, 22, '16-04-2018 11:15:11', 'User', 61),
(3438, 22, '17-04-2018 12:56:54', 'User', 69),
(3443, 22, '17-04-2018 13:17:39', 'User', 78),
(3445, 22, '10-04-2018 16:47:09', 'User', 80),
(3447, 22, '21-04-2018 20:51:56', 'User', 85),
(3452, 22, '18-04-2018 19:00:49', 'User', 93),
(3453, 22, '19-04-2018 18:38:05', 'User', 95),
(3456, 22, '12-04-2018 15:35:58', 'User', 97),
(3458, 22, '20-04-2018 20:54:46', 'User', 100),
(3459, 22, '17-04-2018 21:17:47', 'User', 101),
(3461, 22, '16-04-2018 23:15:14', 'User', 105),
(3465, 22, '23-04-2018 13:13:41', 'User', 123),
(3468, 22, '11-04-2018 09:12:03', 'User', 139),
(3470, 22, '20-04-2018 18:10:59', 'User', 141),
(3471, 22, '23-04-2018 12:42:49', 'User', 148),
(3475, 22, '20-04-2018 09:33:05', 'User', 185),
(3482, 22, '22-04-2018 12:22:15', 'User', 206),
(3487, 22, '13-04-2018 23:34:33', 'User', 226),
(3489, 22, '18-04-2018 13:53:57', 'User', 227),
(3492, 22, '22-04-2018 12:49:01', 'User', 232),
(3495, 22, '08-04-2018 12:19:35', 'User', 243),
(3499, 22, '14-04-2018 14:10:42', 'User', 270),
(3505, 26, 'Примечание 1', 'Payment', 4554),
(3507, 26, 'Примечание 2', 'Payment', 4554),
(3508, 26, 'Примечание 3', 'Payment', 4554),
(3509, 26, 'Примечание 4', 'Payment', 4554),
(3510, 26, 'Примечание ', 'Payment', 4569),
(3512, 26, 'Примечание 2', 'Payment', 4569),
(3513, 26, 'Примечание 3', 'Payment', 4568),
(3514, 26, 'Примечание 4', 'Payment', 4568),
(3519, 22, '22-04-2018 02:01:08', 'User', 15),
(3520, 22, '07-04-2018 17:15:43', 'User', 20),
(3524, 22, '10-04-2018 08:27:40', 'User', 27),
(3527, 22, '16-04-2018 22:07:18', 'User', 32),
(3529, 22, '23-04-2018 19:18:59', 'User', 35),
(3530, 22, '23-04-2018 10:28:52', 'User', 36),
(3532, 22, '24-04-2018 13:44:14', 'User', 43),
(3534, 22, '20-04-2018 07:42:39', 'User', 49),
(3540, 22, '16-04-2018 11:15:11', 'User', 61),
(3543, 22, '17-04-2018 12:56:54', 'User', 69),
(3548, 22, '17-04-2018 13:17:39', 'User', 78),
(3550, 22, '10-04-2018 16:47:09', 'User', 80),
(3552, 22, '21-04-2018 20:51:56', 'User', 85),
(3557, 22, '18-04-2018 19:00:49', 'User', 93),
(3558, 22, '19-04-2018 18:38:05', 'User', 95),
(3561, 22, '12-04-2018 15:35:58', 'User', 97),
(3563, 22, '20-04-2018 20:54:46', 'User', 100),
(3564, 22, '17-04-2018 21:17:47', 'User', 101),
(3566, 22, '16-04-2018 23:15:14', 'User', 105),
(3570, 22, '23-04-2018 13:13:41', 'User', 123),
(3573, 22, '11-04-2018 09:12:03', 'User', 139),
(3575, 22, '20-04-2018 18:10:59', 'User', 141),
(3576, 22, '24-04-2018 09:28:39', 'User', 148),
(3580, 22, '20-04-2018 09:33:05', 'User', 185),
(3587, 22, '22-04-2018 12:22:15', 'User', 206),
(3592, 22, '13-04-2018 23:34:33', 'User', 226),
(3594, 22, '18-04-2018 13:53:57', 'User', 227),
(3597, 22, '22-04-2018 12:49:01', 'User', 232),
(3600, 22, '08-04-2018 12:19:35', 'User', 243),
(3604, 22, '14-04-2018 14:10:42', 'User', 270),
(3611, 22, '22-04-2018 02:01:08', 'User', 15),
(3612, 22, '07-04-2018 17:15:43', 'User', 20),
(3616, 22, '10-04-2018 08:27:40', 'User', 27),
(3619, 22, '16-04-2018 22:07:18', 'User', 32),
(3621, 22, '23-04-2018 19:18:59', 'User', 35),
(3622, 22, '23-04-2018 10:28:52', 'User', 36),
(3624, 22, '24-04-2018 13:44:14', 'User', 43),
(3626, 22, '20-04-2018 07:42:39', 'User', 49),
(3632, 22, '16-04-2018 11:15:11', 'User', 61),
(3635, 22, '17-04-2018 12:56:54', 'User', 69),
(3640, 22, '17-04-2018 13:17:39', 'User', 78),
(3642, 22, '10-04-2018 16:47:09', 'User', 80),
(3644, 22, '21-04-2018 20:51:56', 'User', 85),
(3649, 22, '18-04-2018 19:00:49', 'User', 93),
(3650, 22, '19-04-2018 18:38:05', 'User', 95),
(3653, 22, '12-04-2018 15:35:58', 'User', 97),
(3655, 22, '20-04-2018 20:54:46', 'User', 100),
(3656, 22, '17-04-2018 21:17:47', 'User', 101),
(3658, 22, '16-04-2018 23:15:14', 'User', 105),
(3659, 9, 'https://vk.com/upstrocke', 'User', 15),
(3660, 22, '22-04-2018 02:01:08', 'User', 15),
(3661, 22, '07-04-2018 17:15:43', 'User', 20),
(3662, 9, 'https://vk.com/id129018334', 'User', 21),
(3663, 9, 'https://vk.com/id249437636', 'User', 23),
(3664, 9, 'https://vk.com/id312641227', 'User', 24),
(3665, 22, '10-04-2018 08:27:40', 'User', 27),
(3666, 9, 'https://vk.com/id371845369', 'User', 28),
(3667, 9, 'https://vk.com/id227312993', 'User', 32),
(3668, 22, '16-04-2018 22:07:18', 'User', 32),
(3669, 9, 'https://vk.com/id114953549', 'User', 33),
(3670, 22, '23-04-2018 19:18:59', 'User', 35),
(3671, 22, '23-04-2018 10:28:52', 'User', 36),
(3672, 9, 'https://vk.com/sulzhenko22', 'User', 41),
(3673, 22, '24-04-2018 13:44:14', 'User', 43),
(3674, 9, 'https://vk.com/i9936955', 'User', 45),
(3675, 22, '20-04-2018 07:42:39', 'User', 49),
(3676, 9, 'https://vk.com/id147798154', 'User', 52),
(3677, 9, 'https://vk.com/pingvin997', 'User', 53),
(3678, 9, 'https://vk.com/zzzavarkina', 'User', 55),
(3679, 9, 'https://vk.com/id30207731', 'User', 58),
(3680, 9, 'https://vk.com/v.egorov94', 'User', 60),
(3681, 22, '16-04-2018 11:15:11', 'User', 61),
(3682, 9, 'https://vk.com/id100971552', 'User', 65),
(3683, 9, 'https://vk.com/asyadugnist', 'User', 68),
(3684, 22, '17-04-2018 12:56:54', 'User', 69),
(3685, 9, 'https://vk.com/id35539072', 'User', 71),
(3686, 9, 'https://vk.com/id321516053', 'User', 74),
(3687, 9, 'https://vk.com/naty20213', 'User', 75),
(3688, 9, 'https://vk.com/n.mass', 'User', 77),
(3689, 22, '17-04-2018 13:17:39', 'User', 78),
(3690, 9, 'https://vk.com/id_space_666', 'User', 79),
(3691, 22, '10-04-2018 16:47:09', 'User', 80),
(3692, 9, 'https://vk.com/irena_shilova', 'User', 81),
(3693, 22, '21-04-2018 20:51:56', 'User', 85),
(3694, 9, 'https://vk.com/mirdevshonok', 'User', 90),
(3695, 9, 'https://vk.com/grustnayann', 'User', 91),
(3696, 9, 'https://vk.com/donpad', 'User', 92),
(3697, 9, 'https://vk.com/germionin', 'User', 93),
(3698, 22, '18-04-2018 19:00:49', 'User', 93),
(3699, 22, '19-04-2018 18:38:05', 'User', 95),
(3700, 9, 'https://vk.com/id139766263', 'User', 96),
(3701, 9, 'https://vk.com/sergks', 'User', 97),
(3702, 22, '12-04-2018 15:35:58', 'User', 97),
(3703, 9, 'https://vk.com/id218411690', 'User', 100),
(3704, 22, '20-04-2018 20:54:46', 'User', 100),
(3705, 22, '17-04-2018 21:17:47', 'User', 101),
(3706, 9, 'https://vk.com/id371887712', 'User', 105),
(3707, 22, '16-04-2018 23:15:14', 'User', 105),
(3708, 9, 'https://vk.com/id250401218', 'User', 114),
(3709, 9, 'https://vk.com/id138219513', 'User', 116),
(3710, 9, 'https://vk.com/a.paroeva', 'User', 119),
(3711, 22, '23-04-2018 13:13:41', 'User', 123),
(3712, 9, 'https://vk.com/matheuscesaro', 'User', 133),
(3713, 9, 'https://vk.com/id52231178', 'User', 137),
(3714, 22, '11-04-2018 09:12:03', 'User', 139),
(3715, 9, 'https://vk.com/djon_djon', 'User', 141),
(3716, 22, '20-04-2018 18:10:59', 'User', 141),
(3717, 22, '24-04-2018 09:28:39', 'User', 148),
(3718, 9, 'https://vk.com/id39877816', 'User', 173),
(3719, 9, 'https://vk.com/w1n32', 'User', 174),
(3720, 9, 'https://vk.com/lusineshahverdian', 'User', 175),
(3721, 22, '20-04-2018 09:33:05', 'User', 185),
(3722, 9, 'https://vk.com/dmitry_chablin', 'User', 186),
(3723, 9, 'https://vk.com/mari_marsi', 'User', 192),
(3724, 9, 'https://vk.com/viktoriya.bugaeva', 'User', 196),
(3725, 9, 'https://vk.com/lyakh_mary', 'User', 201),
(3726, 9, 'https://vk.com/ruzakin', 'User', 203),
(3727, 9, 'https://vk.com/masteeer', 'User', 206),
(3728, 22, '22-04-2018 12:22:15', 'User', 206),
(3729, 9, 'https://vk.com/selse1', 'User', 211),
(3730, 9, 'https://vk.com/id185797429', 'User', 213),
(3731, 9, 'https://vk.com/angelina.statinova', 'User', 216),
(3732, 9, 'https://vk.com/id7232566', 'User', 218),
(3733, 22, '13-04-2018 23:34:33', 'User', 226),
(3734, 9, 'https://vk.com/gudovilya', 'User', 227),
(3735, 22, '18-04-2018 13:53:57', 'User', 227),
(3736, 9, 'https://vk.com/academy31', 'User', 229),
(3737, 9, 'https://vk.com/id38493200', 'User', 230),
(3738, 22, '22-04-2018 12:49:01', 'User', 232),
(3739, 9, 'https://vk.com/prisiazhnyuk_a', 'User', 238),
(3740, 9, 'https://vk.com/ulysses2000', 'User', 241),
(3741, 22, '08-04-2018 12:19:35', 'User', 243),
(3742, 9, 'https://vk.com/just.vika', 'User', 250),
(3743, 9, 'https://vk.com/id71480728', 'User', 265),
(3744, 9, 'https://vk.com/id155289302', 'User', 268),
(3745, 22, '14-04-2018 14:10:42', 'User', 270),
(3746, 9, 'https://vk.com/id153654371', 'User', 283),
(3747, 9, 'https://vk.com/katyushka_denchik', 'User', 284),
(3748, 9, 'https://vk.com/kit_van', 'User', 286),
(3749, 9, 'null', 'User', 287),
(3750, 9, 'null', 'User', 298),
(3751, 22, '29-04-2018 14:20:28', 'User', 300),
(3752, 26, 'Тестовый коммент', 'Payment', 4631),
(3753, 26, 'гнпгнмглн', 'Payment', 4631),
(3754, 26, 'ормшлгнмгн', 'Payment', 4631),
(3755, 26, 'Коммент', 'Payment', 4652);

-- --------------------------------------------------------

--
-- Структура таблицы `Property_String_Assigment`
--

CREATE TABLE `Property_String_Assigment` (
  `id` int(11) NOT NULL,
  `property_id` int(11) NOT NULL,
  `object_id` int(11) NOT NULL,
  `model_name` varchar(255) NOT NULL
) ENGINE=InnoDB DEFAULT CHARSET=utf8;

--
-- Дамп данных таблицы `Property_String_Assigment`
--

INSERT INTO `Property_String_Assigment` (`id`, `property_id`, `object_id`, `model_name`) VALUES
(1, 9, 5, 'User_Group'),
(2, 16, 5, 'User_Group'),
(413, 24, 4, 'Structure'),
(1896, 26, 1, 'Payment'),
(1897, 26, 2, 'Payment'),
(1898, 26, 11, 'Payment'),
(1899, 26, 12, 'Payment'),
(1900, 26, 22, 'Payment'),
(1901, 26, 23, 'Payment'),
(1902, 26, 24, 'Payment'),
(1903, 26, 30, 'Payment'),
(1904, 26, 34, 'Payment'),
(1905, 26, 35, 'Payment'),
(1906, 26, 37, 'Payment'),
(1907, 26, 45, 'Payment'),
(1908, 26, 47, 'Payment'),
(1909, 26, 52, 'Payment'),
(1910, 26, 53, 'Payment'),
(1911, 26, 61, 'Payment'),
(1912, 26, 62, 'Payment'),
(1913, 26, 72, 'Payment'),
(1914, 26, 74, 'Payment'),
(1915, 26, 84, 'Payment'),
(1916, 26, 86, 'Payment'),
(1917, 26, 89, 'Payment'),
(1918, 26, 90, 'Payment'),
(1919, 26, 91, 'Payment'),
(1920, 26, 94, 'Payment'),
(1921, 26, 95, 'Payment'),
(1922, 26, 96, 'Payment'),
(1923, 26, 98, 'Payment'),
(1924, 26, 100, 'Payment'),
(1925, 26, 101, 'Payment'),
(1926, 26, 102, 'Payment'),
(1927, 26, 104, 'Payment'),
(1928, 26, 105, 'Payment'),
(1929, 26, 107, 'Payment'),
(1930, 26, 109, 'Payment'),
(1931, 26, 110, 'Payment'),
(1932, 26, 111, 'Payment'),
(1933, 26, 114, 'Payment'),
(1934, 26, 115, 'Payment'),
(1935, 26, 117, 'Payment'),
(1936, 26, 118, 'Payment'),
(1937, 26, 120, 'Payment'),
(1938, 26, 122, 'Payment'),
(1939, 26, 124, 'Payment'),
(1940, 26, 125, 'Payment'),
(1941, 26, 127, 'Payment'),
(1942, 26, 128, 'Payment'),
(1943, 26, 131, 'Payment'),
(1944, 26, 132, 'Payment'),
(1945, 26, 134, 'Payment'),
(1946, 26, 136, 'Payment'),
(1947, 26, 137, 'Payment'),
(1948, 26, 138, 'Payment'),
(1949, 26, 142, 'Payment'),
(1950, 26, 143, 'Payment'),
(1951, 26, 144, 'Payment'),
(1952, 26, 146, 'Payment'),
(1953, 26, 148, 'Payment'),
(1954, 26, 149, 'Payment'),
(1955, 26, 151, 'Payment'),
(1956, 26, 152, 'Payment'),
(1957, 26, 154, 'Payment'),
(1958, 26, 155, 'Payment'),
(1959, 26, 157, 'Payment'),
(1960, 26, 158, 'Payment'),
(1961, 26, 160, 'Payment'),
(1962, 26, 161, 'Payment'),
(1963, 26, 162, 'Payment'),
(1964, 26, 164, 'Payment'),
(1965, 26, 165, 'Payment'),
(1966, 26, 167, 'Payment'),
(1967, 26, 172, 'Payment'),
(1968, 26, 174, 'Payment'),
(1969, 26, 175, 'Payment'),
(1970, 26, 178, 'Payment'),
(1971, 26, 182, 'Payment'),
(1972, 26, 183, 'Payment'),
(1973, 26, 186, 'Payment'),
(1974, 26, 187, 'Payment'),
(1975, 26, 188, 'Payment'),
(1976, 26, 190, 'Payment'),
(1977, 26, 191, 'Payment'),
(1978, 26, 193, 'Payment'),
(1979, 26, 194, 'Payment'),
(1980, 26, 195, 'Payment'),
(1981, 26, 197, 'Payment'),
(1982, 26, 199, 'Payment'),
(1983, 26, 201, 'Payment'),
(1984, 26, 206, 'Payment'),
(1985, 26, 212, 'Payment'),
(1986, 26, 213, 'Payment'),
(1987, 26, 222, 'Payment'),
(1988, 26, 223, 'Payment'),
(1989, 26, 232, 'Payment'),
(1990, 26, 233, 'Payment'),
(1991, 26, 238, 'Payment'),
(1992, 26, 239, 'Payment'),
(1993, 26, 245, 'Payment'),
(1994, 26, 246, 'Payment'),
(1995, 26, 251, 'Payment'),
(1996, 26, 252, 'Payment'),
(1997, 26, 256, 'Payment'),
(1998, 26, 266, 'Payment'),
(1999, 26, 267, 'Payment'),
(2000, 26, 277, 'Payment'),
(2001, 26, 278, 'Payment'),
(2002, 26, 283, 'Payment'),
(2003, 26, 285, 'Payment'),
(2004, 26, 291, 'Payment'),
(2005, 26, 292, 'Payment'),
(2006, 26, 295, 'Payment'),
(2007, 26, 296, 'Payment'),
(2008, 26, 302, 'Payment'),
(2009, 26, 303, 'Payment'),
(2010, 26, 307, 'Payment'),
(2011, 26, 311, 'Payment'),
(2012, 26, 313, 'Payment'),
(2013, 26, 323, 'Payment'),
(2014, 26, 324, 'Payment'),
(2015, 26, 329, 'Payment'),
(2016, 26, 331, 'Payment'),
(2017, 26, 341, 'Payment'),
(2018, 26, 342, 'Payment'),
(2019, 26, 347, 'Payment'),
(2020, 26, 349, 'Payment'),
(2021, 26, 355, 'Payment'),
(2022, 26, 356, 'Payment'),
(2023, 26, 361, 'Payment'),
(2024, 26, 367, 'Payment'),
(2025, 26, 368, 'Payment'),
(2026, 26, 369, 'Payment'),
(2027, 26, 377, 'Payment'),
(2028, 26, 378, 'Payment'),
(2029, 26, 381, 'Payment'),
(2030, 26, 382, 'Payment'),
(2031, 26, 389, 'Payment'),
(2032, 26, 390, 'Payment'),
(2033, 26, 399, 'Payment'),
(2034, 26, 400, 'Payment'),
(2035, 26, 401, 'Payment'),
(2036, 26, 402, 'Payment'),
(2037, 26, 412, 'Payment'),
(2038, 26, 413, 'Payment'),
(2039, 26, 417, 'Payment'),
(2040, 26, 418, 'Payment'),
(2041, 26, 427, 'Payment'),
(2042, 26, 429, 'Payment'),
(2043, 26, 437, 'Payment'),
(2044, 26, 438, 'Payment'),
(2045, 26, 445, 'Payment'),
(2046, 26, 446, 'Payment'),
(2047, 26, 447, 'Payment'),
(2048, 26, 448, 'Payment'),
(2049, 26, 449, 'Payment'),
(2050, 26, 450, 'Payment'),
(2051, 26, 451, 'Payment'),
(2052, 26, 458, 'Payment'),
(2053, 26, 459, 'Payment'),
(2054, 26, 464, 'Payment'),
(2055, 26, 465, 'Payment'),
(2056, 26, 466, 'Payment'),
(2057, 26, 471, 'Payment'),
(2058, 26, 472, 'Payment'),
(2059, 26, 473, 'Payment'),
(2060, 26, 479, 'Payment'),
(2061, 26, 481, 'Payment'),
(2062, 26, 486, 'Payment'),
(2063, 26, 491, 'Payment'),
(2064, 26, 492, 'Payment'),
(2065, 26, 498, 'Payment'),
(2066, 26, 499, 'Payment'),
(2067, 26, 504, 'Payment'),
(2068, 26, 505, 'Payment'),
(2069, 26, 507, 'Payment'),
(2070, 26, 508, 'Payment'),
(2071, 26, 517, 'Payment'),
(2072, 26, 518, 'Payment'),
(2073, 26, 520, 'Payment'),
(2074, 26, 521, 'Payment'),
(2075, 26, 527, 'Payment'),
(2076, 26, 528, 'Payment'),
(2077, 26, 529, 'Payment'),
(2078, 26, 530, 'Payment'),
(2079, 26, 535, 'Payment'),
(2080, 26, 536, 'Payment'),
(2081, 26, 541, 'Payment'),
(2082, 26, 542, 'Payment'),
(2083, 26, 549, 'Payment'),
(2084, 26, 550, 'Payment'),
(2085, 26, 557, 'Payment'),
(2086, 26, 558, 'Payment'),
(2087, 26, 566, 'Payment'),
(2088, 26, 568, 'Payment'),
(2089, 26, 576, 'Payment'),
(2090, 26, 578, 'Payment'),
(2091, 26, 579, 'Payment'),
(2092, 26, 580, 'Payment'),
(2093, 26, 585, 'Payment'),
(2094, 26, 586, 'Payment'),
(2095, 26, 590, 'Payment'),
(2096, 26, 592, 'Payment'),
(2097, 26, 593, 'Payment'),
(2098, 26, 595, 'Payment'),
(2099, 26, 597, 'Payment'),
(2100, 26, 599, 'Payment'),
(2101, 26, 600, 'Payment'),
(2102, 26, 608, 'Payment'),
(2103, 26, 609, 'Payment'),
(2104, 26, 610, 'Payment'),
(2105, 26, 612, 'Payment'),
(2106, 26, 619, 'Payment'),
(2107, 26, 620, 'Payment'),
(2108, 26, 622, 'Payment'),
(2109, 26, 623, 'Payment'),
(2110, 26, 624, 'Payment'),
(2111, 26, 625, 'Payment'),
(2112, 26, 626, 'Payment'),
(2113, 26, 631, 'Payment'),
(2114, 26, 632, 'Payment'),
(2115, 26, 633, 'Payment'),
(2116, 26, 634, 'Payment'),
(2117, 26, 645, 'Payment'),
(2118, 26, 646, 'Payment'),
(2119, 26, 656, 'Payment'),
(2120, 26, 657, 'Payment'),
(2121, 26, 663, 'Payment'),
(2122, 26, 664, 'Payment'),
(2123, 26, 670, 'Payment'),
(2124, 26, 671, 'Payment'),
(2125, 26, 682, 'Payment'),
(2126, 26, 683, 'Payment'),
(2127, 26, 684, 'Payment'),
(2128, 26, 689, 'Payment'),
(2129, 26, 690, 'Payment'),
(2130, 26, 691, 'Payment'),
(2131, 26, 699, 'Payment'),
(2132, 26, 700, 'Payment'),
(2133, 26, 701, 'Payment'),
(2134, 26, 702, 'Payment'),
(2135, 26, 706, 'Payment'),
(2136, 26, 712, 'Payment'),
(2137, 26, 714, 'Payment'),
(2138, 26, 720, 'Payment'),
(2139, 26, 721, 'Payment'),
(2140, 26, 725, 'Payment'),
(2141, 26, 726, 'Payment'),
(2142, 26, 730, 'Payment'),
(2143, 26, 732, 'Payment'),
(2144, 26, 733, 'Payment'),
(2145, 26, 735, 'Payment'),
(2146, 26, 736, 'Payment'),
(2147, 26, 737, 'Payment'),
(2148, 26, 746, 'Payment'),
(2149, 26, 748, 'Payment'),
(2150, 26, 749, 'Payment'),
(2151, 26, 751, 'Payment'),
(2152, 26, 752, 'Payment'),
(2153, 26, 760, 'Payment'),
(2154, 26, 762, 'Payment'),
(2155, 26, 763, 'Payment'),
(2156, 26, 764, 'Payment'),
(2157, 26, 772, 'Payment'),
(2158, 26, 773, 'Payment'),
(2159, 26, 775, 'Payment'),
(2160, 26, 777, 'Payment'),
(2161, 26, 779, 'Payment'),
(2162, 26, 784, 'Payment'),
(2163, 26, 785, 'Payment'),
(2164, 26, 796, 'Payment'),
(2165, 26, 797, 'Payment'),
(2166, 26, 808, 'Payment'),
(2167, 26, 810, 'Payment'),
(2168, 26, 814, 'Payment'),
(2169, 26, 815, 'Payment'),
(2170, 26, 816, 'Payment'),
(2171, 26, 823, 'Payment'),
(2172, 26, 824, 'Payment'),
(2173, 26, 833, 'Payment'),
(2174, 26, 834, 'Payment'),
(2175, 26, 844, 'Payment'),
(2176, 26, 845, 'Payment'),
(2177, 26, 848, 'Payment'),
(2178, 26, 849, 'Payment'),
(2179, 26, 854, 'Payment'),
(2180, 26, 855, 'Payment'),
(2181, 26, 856, 'Payment'),
(2182, 26, 857, 'Payment'),
(2183, 26, 870, 'Payment'),
(2184, 26, 877, 'Payment'),
(2185, 26, 878, 'Payment'),
(2186, 26, 886, 'Payment'),
(2187, 26, 887, 'Payment'),
(2188, 26, 888, 'Payment'),
(2189, 26, 906, 'Payment'),
(2190, 26, 907, 'Payment'),
(2191, 26, 908, 'Payment'),
(2192, 26, 909, 'Payment'),
(2193, 26, 911, 'Payment'),
(2194, 26, 912, 'Payment'),
(2195, 26, 913, 'Payment'),
(2196, 26, 914, 'Payment'),
(2197, 26, 921, 'Payment'),
(2198, 26, 922, 'Payment'),
(2199, 26, 924, 'Payment'),
(2200, 26, 925, 'Payment'),
(2201, 26, 935, 'Payment'),
(2202, 26, 936, 'Payment'),
(2203, 26, 947, 'Payment'),
(2204, 26, 948, 'Payment'),
(2205, 26, 958, 'Payment'),
(2206, 26, 959, 'Payment'),
(2207, 26, 967, 'Payment'),
(2208, 26, 968, 'Payment'),
(2209, 26, 972, 'Payment'),
(2210, 26, 973, 'Payment'),
(2211, 26, 981, 'Payment'),
(2212, 26, 982, 'Payment'),
(2213, 26, 985, 'Payment'),
(2214, 26, 1001, 'Payment'),
(2215, 26, 1004, 'Payment'),
(2216, 26, 1005, 'Payment'),
(2217, 26, 1007, 'Payment'),
(2218, 26, 1012, 'Payment'),
(2219, 26, 1016, 'Payment'),
(2220, 26, 1017, 'Payment'),
(2221, 26, 1018, 'Payment'),
(2222, 26, 1019, 'Payment'),
(2223, 26, 1020, 'Payment'),
(2224, 26, 1021, 'Payment'),
(2225, 26, 1022, 'Payment'),
(2226, 26, 1026, 'Payment'),
(2227, 26, 1027, 'Payment'),
(2228, 26, 1031, 'Payment'),
(2229, 26, 1032, 'Payment'),
(2230, 26, 1036, 'Payment'),
(2231, 26, 1038, 'Payment'),
(2232, 26, 1045, 'Payment'),
(2233, 26, 1046, 'Payment'),
(2234, 26, 1051, 'Payment'),
(2235, 26, 1052, 'Payment'),
(2236, 26, 1058, 'Payment'),
(2237, 26, 1059, 'Payment'),
(2238, 26, 1070, 'Payment'),
(2239, 26, 1071, 'Payment'),
(2240, 26, 1076, 'Payment'),
(2241, 26, 1077, 'Payment'),
(2242, 26, 1080, 'Payment'),
(2243, 26, 1081, 'Payment'),
(2244, 26, 1087, 'Payment'),
(2245, 26, 1088, 'Payment'),
(2246, 26, 1094, 'Payment'),
(2247, 26, 1095, 'Payment'),
(2248, 26, 1101, 'Payment'),
(2249, 26, 1102, 'Payment'),
(2250, 26, 1107, 'Payment'),
(2251, 26, 1110, 'Payment'),
(2252, 26, 1114, 'Payment'),
(2253, 26, 1115, 'Payment'),
(2254, 26, 1122, 'Payment'),
(2255, 26, 1123, 'Payment'),
(2256, 26, 1133, 'Payment'),
(2257, 26, 1134, 'Payment'),
(2258, 26, 1135, 'Payment'),
(2259, 26, 1136, 'Payment'),
(2260, 26, 1137, 'Payment'),
(2261, 26, 1138, 'Payment'),
(2262, 26, 1139, 'Payment'),
(2263, 26, 1145, 'Payment'),
(2264, 26, 1146, 'Payment'),
(2265, 26, 1151, 'Payment'),
(2266, 26, 1152, 'Payment'),
(2267, 26, 1155, 'Payment'),
(2268, 26, 1156, 'Payment'),
(2269, 26, 1161, 'Payment'),
(2270, 26, 1165, 'Payment'),
(2271, 26, 1166, 'Payment'),
(2272, 26, 1176, 'Payment'),
(2273, 26, 1180, 'Payment'),
(2274, 26, 1183, 'Payment'),
(2275, 26, 1184, 'Payment'),
(2276, 26, 1185, 'Payment'),
(2277, 26, 1188, 'Payment'),
(2278, 26, 1194, 'Payment'),
(2279, 26, 1195, 'Payment'),
(2280, 26, 1196, 'Payment'),
(2281, 26, 1197, 'Payment'),
(2282, 26, 1198, 'Payment'),
(2283, 26, 1199, 'Payment'),
(2284, 26, 1215, 'Payment'),
(2285, 26, 1219, 'Payment'),
(2286, 26, 1220, 'Payment'),
(2287, 26, 1221, 'Payment'),
(2288, 26, 1225, 'Payment'),
(2289, 26, 1227, 'Payment'),
(2290, 26, 1238, 'Payment'),
(2291, 26, 1240, 'Payment'),
(2292, 26, 1249, 'Payment'),
(2293, 26, 1250, 'Payment'),
(2294, 26, 1258, 'Payment'),
(2295, 26, 1259, 'Payment'),
(2296, 26, 1260, 'Payment'),
(2297, 26, 1271, 'Payment'),
(2298, 26, 1272, 'Payment'),
(2299, 26, 1273, 'Payment'),
(2300, 26, 1275, 'Payment'),
(2301, 26, 1282, 'Payment'),
(2302, 26, 1283, 'Payment'),
(2303, 26, 1287, 'Payment'),
(2304, 26, 1288, 'Payment'),
(2305, 26, 1290, 'Payment'),
(2306, 26, 1291, 'Payment'),
(2307, 26, 1296, 'Payment'),
(2308, 26, 1297, 'Payment'),
(2309, 26, 1299, 'Payment'),
(2310, 26, 1300, 'Payment'),
(2311, 26, 1312, 'Payment'),
(2312, 26, 1313, 'Payment'),
(2313, 26, 1315, 'Payment'),
(2314, 26, 1316, 'Payment'),
(2315, 26, 1317, 'Payment'),
(2316, 26, 1323, 'Payment'),
(2317, 26, 1324, 'Payment'),
(2318, 26, 1325, 'Payment'),
(2319, 26, 1327, 'Payment'),
(2320, 26, 1330, 'Payment'),
(2321, 26, 1331, 'Payment'),
(2322, 26, 1335, 'Payment'),
(2323, 26, 1336, 'Payment'),
(2324, 26, 1341, 'Payment'),
(2325, 26, 1343, 'Payment'),
(2326, 26, 1346, 'Payment'),
(2327, 26, 1347, 'Payment'),
(2328, 26, 1348, 'Payment'),
(2329, 26, 1349, 'Payment'),
(2330, 26, 1355, 'Payment'),
(2331, 26, 1356, 'Payment'),
(2332, 26, 1363, 'Payment'),
(2333, 26, 1364, 'Payment'),
(2334, 26, 1366, 'Payment'),
(2335, 26, 1367, 'Payment'),
(2336, 26, 1371, 'Payment'),
(2337, 26, 1372, 'Payment'),
(2338, 26, 1373, 'Payment'),
(2339, 26, 1374, 'Payment'),
(2340, 26, 1385, 'Payment'),
(2341, 26, 1386, 'Payment'),
(2342, 26, 1388, 'Payment'),
(2343, 26, 1389, 'Payment'),
(2344, 26, 1393, 'Payment'),
(2345, 26, 1394, 'Payment'),
(2346, 26, 1396, 'Payment'),
(2347, 26, 1397, 'Payment'),
(2348, 26, 1398, 'Payment'),
(2349, 26, 1407, 'Payment'),
(2350, 26, 1409, 'Payment'),
(2351, 26, 1417, 'Payment'),
(2352, 26, 1418, 'Payment'),
(2353, 26, 1423, 'Payment'),
(2354, 26, 1424, 'Payment'),
(2355, 26, 1428, 'Payment'),
(2356, 26, 1429, 'Payment'),
(2357, 26, 1434, 'Payment'),
(2358, 26, 1435, 'Payment'),
(2359, 26, 1442, 'Payment'),
(2360, 26, 1443, 'Payment'),
(2361, 26, 1445, 'Payment'),
(2362, 26, 1446, 'Payment'),
(2363, 26, 1459, 'Payment'),
(2364, 26, 1460, 'Payment'),
(2365, 26, 1466, 'Payment'),
(2366, 26, 1471, 'Payment'),
(2367, 26, 1474, 'Payment'),
(2368, 26, 1476, 'Payment'),
(2369, 26, 1480, 'Payment'),
(2370, 26, 1481, 'Payment'),
(2371, 26, 1488, 'Payment'),
(2372, 26, 1490, 'Payment'),
(2373, 26, 1501, 'Payment'),
(2374, 26, 1502, 'Payment'),
(2375, 26, 1503, 'Payment'),
(2376, 26, 1508, 'Payment'),
(2377, 26, 1509, 'Payment'),
(2378, 26, 1517, 'Payment'),
(2379, 26, 1518, 'Payment'),
(2380, 26, 1525, 'Payment'),
(2381, 26, 1526, 'Payment'),
(2382, 26, 1539, 'Payment'),
(2383, 26, 1540, 'Payment'),
(2384, 26, 1546, 'Payment'),
(2385, 26, 1547, 'Payment'),
(2386, 26, 1551, 'Payment'),
(2387, 26, 1553, 'Payment'),
(2388, 26, 1554, 'Payment'),
(2389, 26, 1559, 'Payment'),
(2390, 26, 1560, 'Payment'),
(2391, 26, 1562, 'Payment'),
(2392, 26, 1563, 'Payment'),
(2393, 26, 1564, 'Payment'),
(2394, 26, 1568, 'Payment'),
(2395, 26, 1569, 'Payment'),
(2396, 26, 1571, 'Payment'),
(2397, 26, 1577, 'Payment'),
(2398, 26, 1578, 'Payment'),
(2399, 26, 1588, 'Payment'),
(2400, 26, 1589, 'Payment'),
(2401, 26, 1591, 'Payment'),
(2402, 26, 1595, 'Payment'),
(2403, 26, 1601, 'Payment'),
(2404, 26, 1602, 'Payment'),
(2405, 26, 1606, 'Payment'),
(2406, 26, 1607, 'Payment'),
(2407, 26, 1616, 'Payment'),
(2408, 26, 1617, 'Payment'),
(2409, 26, 1619, 'Payment'),
(2410, 26, 1629, 'Payment'),
(2411, 26, 1631, 'Payment'),
(2412, 26, 1639, 'Payment'),
(2413, 26, 1640, 'Payment'),
(2414, 26, 1643, 'Payment'),
(2415, 26, 1647, 'Payment'),
(2416, 26, 1653, 'Payment'),
(2417, 26, 1654, 'Payment'),
(2418, 26, 1658, 'Payment'),
(2419, 26, 1659, 'Payment'),
(2420, 26, 1660, 'Payment'),
(2421, 26, 1662, 'Payment'),
(2422, 26, 1663, 'Payment'),
(2423, 26, 1666, 'Payment'),
(2424, 26, 1667, 'Payment'),
(2425, 26, 1670, 'Payment'),
(2426, 26, 1671, 'Payment'),
(2427, 26, 1674, 'Payment'),
(2428, 26, 1676, 'Payment'),
(2429, 26, 1677, 'Payment'),
(2430, 26, 1678, 'Payment'),
(2431, 26, 1679, 'Payment'),
(2432, 26, 1681, 'Payment'),
(2433, 26, 1682, 'Payment'),
(2434, 26, 1687, 'Payment'),
(2435, 26, 1688, 'Payment'),
(2436, 26, 1697, 'Payment'),
(2437, 26, 1698, 'Payment'),
(2438, 26, 1700, 'Payment'),
(2439, 26, 1701, 'Payment'),
(2440, 26, 1702, 'Payment'),
(2441, 26, 1707, 'Payment'),
(2442, 26, 1709, 'Payment'),
(2443, 26, 1710, 'Payment'),
(2444, 26, 1714, 'Payment'),
(2445, 26, 1715, 'Payment'),
(2446, 26, 1718, 'Payment'),
(2447, 26, 1721, 'Payment'),
(2448, 26, 1722, 'Payment'),
(2449, 26, 1726, 'Payment'),
(2450, 26, 1727, 'Payment'),
(2451, 26, 1734, 'Payment'),
(2452, 26, 1735, 'Payment'),
(2453, 26, 1741, 'Payment'),
(2454, 26, 1742, 'Payment'),
(2455, 26, 1751, 'Payment'),
(2456, 26, 1753, 'Payment'),
(2457, 26, 1754, 'Payment'),
(2458, 26, 1755, 'Payment'),
(2459, 26, 1761, 'Payment'),
(2460, 26, 1764, 'Payment'),
(2461, 26, 1765, 'Payment'),
(2462, 26, 1768, 'Payment'),
(2463, 26, 1769, 'Payment'),
(2464, 26, 1770, 'Payment'),
(2465, 26, 1772, 'Payment'),
(2466, 26, 1774, 'Payment'),
(2467, 26, 1775, 'Payment'),
(2468, 26, 1777, 'Payment'),
(2469, 26, 1779, 'Payment'),
(2470, 26, 1780, 'Payment'),
(2471, 26, 1782, 'Payment'),
(2472, 26, 1783, 'Payment'),
(2473, 26, 1784, 'Payment'),
(2474, 26, 1786, 'Payment'),
(2475, 26, 1787, 'Payment'),
(2476, 26, 1788, 'Payment'),
(2477, 26, 1790, 'Payment'),
(2478, 26, 1792, 'Payment'),
(2479, 26, 1793, 'Payment'),
(2480, 26, 1794, 'Payment'),
(2481, 26, 1796, 'Payment'),
(2482, 26, 1797, 'Payment'),
(2483, 26, 1798, 'Payment'),
(2484, 26, 1804, 'Payment'),
(2485, 26, 1806, 'Payment'),
(2486, 26, 1811, 'Payment'),
(2487, 26, 1812, 'Payment'),
(2488, 26, 1814, 'Payment'),
(2489, 26, 1815, 'Payment'),
(2490, 26, 1817, 'Payment'),
(2491, 26, 1818, 'Payment'),
(2492, 26, 1823, 'Payment'),
(2493, 26, 1824, 'Payment'),
(2494, 26, 1825, 'Payment'),
(2495, 26, 1827, 'Payment'),
(2496, 26, 1837, 'Payment'),
(2497, 26, 1838, 'Payment'),
(2498, 26, 1847, 'Payment'),
(2499, 26, 1848, 'Payment'),
(2500, 26, 1853, 'Payment'),
(2501, 26, 1854, 'Payment'),
(2502, 26, 1861, 'Payment'),
(2503, 26, 1862, 'Payment'),
(2504, 26, 1871, 'Payment'),
(2505, 26, 1873, 'Payment'),
(2506, 26, 1879, 'Payment'),
(2507, 26, 1881, 'Payment'),
(2508, 26, 1882, 'Payment'),
(2509, 26, 1883, 'Payment'),
(2510, 26, 1890, 'Payment'),
(2511, 26, 1892, 'Payment'),
(2512, 26, 1893, 'Payment'),
(2513, 26, 1894, 'Payment'),
(2514, 26, 1901, 'Payment'),
(2515, 26, 1902, 'Payment'),
(2516, 26, 1911, 'Payment'),
(2517, 26, 1912, 'Payment'),
(2518, 26, 1913, 'Payment'),
(2519, 26, 1915, 'Payment'),
(2520, 26, 1919, 'Payment'),
(2521, 26, 1921, 'Payment'),
(2522, 26, 1923, 'Payment'),
(2523, 26, 1928, 'Payment'),
(2524, 26, 1929, 'Payment'),
(2525, 26, 1930, 'Payment'),
(2526, 26, 1931, 'Payment'),
(2527, 26, 1938, 'Payment'),
(2528, 26, 1939, 'Payment'),
(2529, 26, 1945, 'Payment'),
(2530, 26, 1946, 'Payment'),
(2531, 26, 1947, 'Payment'),
(2532, 26, 1948, 'Payment'),
(2533, 26, 1951, 'Payment'),
(2534, 26, 1952, 'Payment'),
(2535, 26, 1953, 'Payment'),
(2536, 26, 1954, 'Payment'),
(2537, 26, 1964, 'Payment'),
(2538, 26, 1965, 'Payment'),
(2539, 26, 1966, 'Payment'),
(2540, 26, 1981, 'Payment'),
(2541, 26, 1982, 'Payment'),
(2542, 26, 1983, 'Payment'),
(2543, 26, 1984, 'Payment'),
(2544, 26, 1985, 'Payment'),
(2545, 26, 1989, 'Payment'),
(2546, 26, 1990, 'Payment'),
(2547, 26, 1996, 'Payment'),
(2548, 26, 1997, 'Payment'),
(2549, 26, 2002, 'Payment'),
(2550, 26, 2003, 'Payment'),
(2551, 26, 2008, 'Payment'),
(2552, 26, 2009, 'Payment'),
(2553, 26, 2015, 'Payment'),
(2554, 26, 2016, 'Payment'),
(2555, 26, 2019, 'Payment'),
(2556, 26, 2021, 'Payment'),
(2557, 26, 2022, 'Payment'),
(2558, 26, 2026, 'Payment'),
(2559, 26, 2028, 'Payment'),
(2560, 26, 2032, 'Payment'),
(2561, 26, 2033, 'Payment'),
(2562, 26, 2039, 'Payment'),
(2563, 26, 2041, 'Payment'),
(2564, 26, 2042, 'Payment'),
(2565, 26, 2044, 'Payment'),
(2566, 26, 2045, 'Payment'),
(2567, 26, 2050, 'Payment'),
(2568, 26, 2051, 'Payment'),
(2569, 26, 2052, 'Payment'),
(2570, 26, 2053, 'Payment'),
(2571, 26, 2054, 'Payment'),
(2572, 26, 2057, 'Payment'),
(2573, 26, 2062, 'Payment'),
(2574, 26, 2063, 'Payment'),
(2575, 26, 2070, 'Payment'),
(2576, 26, 2071, 'Payment'),
(2577, 26, 2072, 'Payment'),
(2578, 26, 2078, 'Payment'),
(2579, 26, 2079, 'Payment'),
(2580, 26, 2083, 'Payment'),
(2581, 26, 2086, 'Payment'),
(2582, 26, 2087, 'Payment'),
(2583, 26, 2088, 'Payment'),
(2584, 26, 2092, 'Payment'),
(2585, 26, 2094, 'Payment'),
(2586, 26, 2097, 'Payment'),
(2587, 26, 2098, 'Payment'),
(2588, 26, 2099, 'Payment'),
(2589, 26, 2100, 'Payment'),
(2590, 26, 2102, 'Payment'),
(2591, 26, 2103, 'Payment'),
(2592, 26, 2105, 'Payment'),
(2593, 26, 2106, 'Payment'),
(2594, 26, 2107, 'Payment'),
(2595, 26, 2109, 'Payment'),
(2596, 26, 2110, 'Payment'),
(2597, 26, 2112, 'Payment'),
(2598, 26, 2113, 'Payment'),
(2599, 26, 2115, 'Payment'),
(2600, 26, 2117, 'Payment'),
(2601, 26, 2118, 'Payment'),
(2602, 26, 2119, 'Payment'),
(2603, 26, 2120, 'Payment'),
(2604, 26, 2122, 'Payment'),
(2605, 26, 2124, 'Payment'),
(2606, 26, 2125, 'Payment'),
(2607, 26, 2126, 'Payment'),
(2608, 26, 2132, 'Payment'),
(2609, 26, 2134, 'Payment'),
(2610, 26, 2142, 'Payment'),
(2611, 26, 2143, 'Payment'),
(2612, 26, 2152, 'Payment'),
(2613, 26, 2153, 'Payment'),
(2614, 26, 2161, 'Payment'),
(2615, 26, 2162, 'Payment'),
(2616, 26, 2163, 'Payment'),
(2617, 26, 2164, 'Payment'),
(2618, 26, 2171, 'Payment'),
(2619, 26, 2174, 'Payment'),
(2620, 26, 2179, 'Payment'),
(2621, 26, 2180, 'Payment'),
(2622, 26, 2195, 'Payment'),
(2623, 26, 2196, 'Payment'),
(2624, 26, 2197, 'Payment'),
(2625, 26, 2200, 'Payment'),
(2626, 26, 2201, 'Payment'),
(2627, 26, 2205, 'Payment'),
(2628, 26, 2206, 'Payment'),
(2629, 26, 2212, 'Payment'),
(2630, 26, 2213, 'Payment'),
(2631, 26, 2222, 'Payment'),
(2632, 26, 2223, 'Payment'),
(2633, 26, 2224, 'Payment'),
(2634, 26, 2228, 'Payment'),
(2635, 26, 2229, 'Payment'),
(2636, 26, 2238, 'Payment'),
(2637, 26, 2239, 'Payment'),
(2638, 26, 2241, 'Payment'),
(2639, 26, 2242, 'Payment'),
(2640, 26, 2243, 'Payment'),
(2641, 26, 2246, 'Payment'),
(2642, 26, 2247, 'Payment'),
(2643, 26, 2248, 'Payment'),
(2644, 26, 2252, 'Payment'),
(2645, 26, 2253, 'Payment'),
(2646, 26, 2261, 'Payment'),
(2647, 26, 2262, 'Payment'),
(2648, 26, 2271, 'Payment'),
(2649, 26, 2272, 'Payment'),
(2650, 26, 2278, 'Payment'),
(2651, 26, 2279, 'Payment'),
(2652, 26, 2289, 'Payment'),
(2653, 26, 2290, 'Payment'),
(2654, 26, 2299, 'Payment'),
(2655, 26, 2300, 'Payment'),
(2656, 26, 2311, 'Payment'),
(2657, 26, 2312, 'Payment'),
(2658, 26, 2320, 'Payment'),
(2659, 26, 2321, 'Payment'),
(2660, 26, 2325, 'Payment'),
(2661, 26, 2326, 'Payment'),
(2662, 26, 2328, 'Payment'),
(2663, 26, 2329, 'Payment'),
(2664, 26, 2330, 'Payment'),
(2665, 26, 2340, 'Payment'),
(2666, 26, 2342, 'Payment'),
(2667, 26, 2343, 'Payment'),
(2668, 26, 2352, 'Payment'),
(2669, 26, 2353, 'Payment'),
(2670, 26, 2354, 'Payment'),
(2671, 26, 2355, 'Payment'),
(2672, 26, 2361, 'Payment'),
(2673, 26, 2364, 'Payment'),
(2674, 26, 2366, 'Payment'),
(2675, 26, 2369, 'Payment'),
(2676, 26, 2377, 'Payment'),
(2677, 26, 2379, 'Payment'),
(2678, 26, 2380, 'Payment'),
(2679, 26, 2389, 'Payment'),
(2680, 26, 2390, 'Payment'),
(2681, 26, 2393, 'Payment'),
(2682, 26, 2395, 'Payment'),
(2683, 26, 2404, 'Payment'),
(2684, 26, 2406, 'Payment'),
(2685, 26, 2423, 'Payment'),
(2686, 26, 2424, 'Payment'),
(2687, 26, 2425, 'Payment'),
(2688, 26, 2432, 'Payment'),
(2689, 26, 2436, 'Payment'),
(2690, 26, 2438, 'Payment'),
(2691, 26, 2442, 'Payment'),
(2692, 26, 2443, 'Payment'),
(2693, 26, 2452, 'Payment'),
(2694, 26, 2453, 'Payment'),
(2695, 26, 2462, 'Payment'),
(2696, 26, 2463, 'Payment'),
(2697, 26, 2471, 'Payment'),
(2698, 26, 2472, 'Payment'),
(2699, 26, 2473, 'Payment'),
(2700, 26, 2477, 'Payment'),
(2701, 26, 2478, 'Payment'),
(2702, 26, 2479, 'Payment'),
(2703, 26, 2487, 'Payment'),
(2704, 26, 2488, 'Payment'),
(2705, 26, 2499, 'Payment'),
(2706, 26, 2500, 'Payment'),
(2707, 26, 2508, 'Payment'),
(2708, 26, 2509, 'Payment'),
(2709, 26, 2517, 'Payment'),
(2710, 26, 2518, 'Payment'),
(2711, 26, 2519, 'Payment'),
(2712, 26, 2520, 'Payment'),
(2713, 26, 2523, 'Payment'),
(2714, 26, 2524, 'Payment'),
(2715, 26, 2534, 'Payment'),
(2716, 26, 2535, 'Payment'),
(2717, 26, 2536, 'Payment'),
(2718, 26, 2537, 'Payment'),
(2719, 26, 2542, 'Payment'),
(2720, 26, 2543, 'Payment'),
(2721, 26, 2550, 'Payment'),
(2722, 26, 2551, 'Payment'),
(2723, 26, 2553, 'Payment'),
(2724, 26, 2554, 'Payment'),
(2725, 26, 2558, 'Payment'),
(2726, 26, 2559, 'Payment'),
(2727, 26, 2561, 'Payment'),
(2728, 26, 2562, 'Payment'),
(2729, 26, 2568, 'Payment'),
(2730, 26, 2569, 'Payment'),
(2731, 26, 2579, 'Payment'),
(2732, 26, 2580, 'Payment'),
(2733, 26, 2590, 'Payment'),
(2734, 26, 2591, 'Payment'),
(2735, 26, 2595, 'Payment'),
(2736, 26, 2596, 'Payment'),
(2737, 26, 2603, 'Payment'),
(2738, 26, 2604, 'Payment'),
(2739, 26, 2610, 'Payment'),
(2740, 26, 2611, 'Payment'),
(2741, 26, 2614, 'Payment'),
(2742, 26, 2622, 'Payment'),
(2743, 26, 2623, 'Payment'),
(2744, 26, 2625, 'Payment'),
(2745, 26, 2626, 'Payment'),
(2746, 26, 2628, 'Payment'),
(2747, 26, 2632, 'Payment'),
(2748, 26, 2634, 'Payment'),
(2749, 26, 2635, 'Payment'),
(2750, 26, 2639, 'Payment'),
(2751, 26, 2640, 'Payment'),
(2752, 26, 2641, 'Payment'),
(2753, 26, 2643, 'Payment'),
(2754, 26, 2644, 'Payment'),
(2755, 26, 2645, 'Payment'),
(2756, 26, 2647, 'Payment'),
(2757, 26, 2648, 'Payment'),
(2758, 26, 2650, 'Payment'),
(2759, 26, 2652, 'Payment'),
(2760, 26, 2654, 'Payment'),
(2761, 26, 2655, 'Payment'),
(2762, 26, 2662, 'Payment'),
(2763, 26, 2663, 'Payment'),
(2764, 26, 2665, 'Payment'),
(2765, 26, 2666, 'Payment'),
(2766, 26, 2675, 'Payment'),
(2767, 26, 2676, 'Payment'),
(2768, 26, 2688, 'Payment'),
(2769, 26, 2689, 'Payment'),
(2770, 26, 2690, 'Payment'),
(2771, 26, 2691, 'Payment'),
(2772, 26, 2692, 'Payment'),
(2773, 26, 2693, 'Payment'),
(2774, 26, 2695, 'Payment'),
(2775, 26, 2696, 'Payment'),
(2776, 26, 2699, 'Payment'),
(2777, 26, 2703, 'Payment'),
(2778, 26, 2705, 'Payment'),
(2779, 26, 2714, 'Payment'),
(2780, 26, 2715, 'Payment'),
(2781, 26, 2721, 'Payment'),
(2782, 26, 2722, 'Payment'),
(2783, 26, 2736, 'Payment'),
(2784, 26, 2737, 'Payment'),
(2785, 26, 2740, 'Payment'),
(2786, 26, 2741, 'Payment'),
(2787, 26, 2748, 'Payment'),
(2788, 26, 2749, 'Payment'),
(2789, 26, 2750, 'Payment'),
(2790, 26, 2752, 'Payment'),
(2791, 26, 2753, 'Payment'),
(2792, 26, 2759, 'Payment'),
(2793, 26, 2760, 'Payment'),
(2794, 26, 2769, 'Payment'),
(2795, 26, 2770, 'Payment'),
(2796, 26, 2779, 'Payment'),
(2797, 26, 2780, 'Payment'),
(2798, 26, 2789, 'Payment'),
(2799, 26, 2790, 'Payment'),
(2800, 26, 2799, 'Payment'),
(2801, 26, 2800, 'Payment'),
(2802, 26, 2802, 'Payment'),
(2803, 26, 2803, 'Payment'),
(2804, 26, 2805, 'Payment'),
(2805, 26, 2806, 'Payment'),
(2806, 26, 2808, 'Payment'),
(2807, 26, 2809, 'Payment'),
(2808, 26, 2811, 'Payment'),
(2809, 26, 2812, 'Payment'),
(2810, 26, 2814, 'Payment'),
(2811, 26, 2815, 'Payment'),
(2812, 26, 2816, 'Payment'),
(2813, 26, 2817, 'Payment'),
(2814, 26, 2827, 'Payment'),
(2815, 26, 2828, 'Payment'),
(2816, 26, 2837, 'Payment'),
(2817, 26, 2838, 'Payment'),
(2818, 26, 2847, 'Payment'),
(2819, 26, 2849, 'Payment'),
(2820, 26, 2851, 'Payment'),
(2821, 26, 2852, 'Payment'),
(2822, 26, 2854, 'Payment'),
(2823, 26, 2856, 'Payment'),
(2824, 26, 2859, 'Payment'),
(2825, 26, 2862, 'Payment'),
(2826, 26, 2863, 'Payment'),
(2827, 26, 2867, 'Payment'),
(2828, 26, 2868, 'Payment'),
(2829, 26, 2869, 'Payment'),
(2830, 26, 2871, 'Payment'),
(2831, 26, 2874, 'Payment'),
(2832, 26, 2875, 'Payment'),
(2833, 26, 2880, 'Payment'),
(2834, 26, 2881, 'Payment'),
(2835, 26, 2888, 'Payment'),
(2836, 26, 2889, 'Payment'),
(2837, 26, 2898, 'Payment'),
(2838, 26, 2899, 'Payment'),
(2839, 26, 2906, 'Payment'),
(2840, 26, 2907, 'Payment'),
(2841, 26, 2909, 'Payment'),
(2842, 26, 2912, 'Payment'),
(2843, 26, 2913, 'Payment'),
(2844, 26, 2917, 'Payment'),
(2845, 26, 2918, 'Payment'),
(2846, 26, 2923, 'Payment'),
(2847, 26, 2924, 'Payment'),
(2848, 26, 2928, 'Payment'),
(2849, 26, 2929, 'Payment'),
(2850, 26, 2934, 'Payment'),
(2851, 26, 2935, 'Payment'),
(2852, 26, 2948, 'Payment'),
(2853, 26, 2950, 'Payment'),
(2854, 26, 2951, 'Payment'),
(2855, 26, 2952, 'Payment'),
(2856, 26, 2953, 'Payment'),
(2857, 26, 2954, 'Payment'),
(2858, 26, 2958, 'Payment'),
(2859, 26, 2959, 'Payment'),
(2860, 26, 2966, 'Payment'),
(2861, 26, 2967, 'Payment'),
(2862, 26, 2968, 'Payment'),
(2863, 26, 2970, 'Payment'),
(2864, 26, 2971, 'Payment'),
(2865, 26, 2982, 'Payment'),
(2866, 26, 2983, 'Payment'),
(2867, 26, 2994, 'Payment'),
(2868, 26, 2995, 'Payment'),
(2869, 26, 3003, 'Payment'),
(2870, 26, 3004, 'Payment'),
(2871, 26, 3005, 'Payment'),
(2872, 26, 3007, 'Payment'),
(2873, 26, 3008, 'Payment'),
(2874, 26, 3012, 'Payment'),
(2875, 26, 3013, 'Payment'),
(2876, 26, 3021, 'Payment'),
(2877, 26, 3022, 'Payment'),
(2878, 26, 3030, 'Payment'),
(2879, 26, 3031, 'Payment'),
(2880, 26, 3036, 'Payment'),
(2881, 26, 3037, 'Payment'),
(2882, 26, 3038, 'Payment'),
(2883, 26, 3039, 'Payment'),
(2884, 26, 3043, 'Payment'),
(2885, 26, 3044, 'Payment'),
(2886, 26, 3050, 'Payment'),
(2887, 26, 3051, 'Payment'),
(2888, 26, 3053, 'Payment'),
(2889, 26, 3056, 'Payment'),
(2890, 26, 3058, 'Payment'),
(2891, 26, 3059, 'Payment'),
(2892, 26, 3069, 'Payment'),
(2893, 26, 3070, 'Payment'),
(2894, 26, 3079, 'Payment'),
(2895, 26, 3080, 'Payment'),
(2896, 26, 3089, 'Payment'),
(2897, 26, 3090, 'Payment'),
(2898, 26, 3092, 'Payment'),
(2899, 26, 3093, 'Payment'),
(2900, 26, 3096, 'Payment'),
(2901, 26, 3097, 'Payment'),
(2902, 26, 3099, 'Payment'),
(2903, 26, 3100, 'Payment'),
(2904, 26, 3106, 'Payment'),
(2905, 26, 3107, 'Payment'),
(2906, 26, 3113, 'Payment'),
(2907, 26, 3114, 'Payment'),
(2908, 26, 3118, 'Payment'),
(2909, 26, 3119, 'Payment'),
(2910, 26, 3120, 'Payment'),
(2911, 26, 3123, 'Payment'),
(2912, 26, 3125, 'Payment'),
(2913, 26, 3129, 'Payment'),
(2914, 26, 3130, 'Payment'),
(2915, 26, 3133, 'Payment'),
(2916, 26, 3134, 'Payment'),
(2917, 26, 3135, 'Payment'),
(2918, 26, 3138, 'Payment'),
(2919, 26, 3139, 'Payment'),
(2920, 26, 3143, 'Payment'),
(2921, 26, 3144, 'Payment'),
(2922, 26, 3146, 'Payment'),
(2923, 26, 3147, 'Payment'),
(2924, 26, 3150, 'Payment'),
(2925, 26, 3151, 'Payment'),
(2926, 26, 3157, 'Payment'),
(2927, 26, 3158, 'Payment'),
(2928, 26, 3160, 'Payment'),
(2929, 26, 3161, 'Payment'),
(2930, 26, 3168, 'Payment'),
(2931, 26, 3170, 'Payment'),
(2932, 26, 3174, 'Payment'),
(2933, 26, 3181, 'Payment'),
(2934, 26, 3182, 'Payment'),
(2935, 26, 3188, 'Payment'),
(2936, 26, 3189, 'Payment'),
(2937, 26, 3192, 'Payment'),
(2938, 26, 3195, 'Payment'),
(2939, 26, 3199, 'Payment'),
(2940, 26, 3200, 'Payment'),
(2941, 26, 3206, 'Payment'),
(2942, 26, 3209, 'Payment'),
(2943, 26, 3210, 'Payment'),
(2944, 26, 3215, 'Payment'),
(2945, 26, 3216, 'Payment'),
(2946, 26, 3221, 'Payment'),
(2947, 26, 3222, 'Payment'),
(2948, 26, 3226, 'Payment'),
(2949, 26, 3231, 'Payment'),
(2950, 26, 3232, 'Payment'),
(2951, 26, 3234, 'Payment'),
(2952, 26, 3235, 'Payment'),
(2953, 26, 3236, 'Payment'),
(2954, 26, 3237, 'Payment'),
(2955, 26, 3238, 'Payment'),
(2956, 26, 3241, 'Payment'),
(2957, 26, 3242, 'Payment'),
(2958, 26, 3244, 'Payment'),
(2959, 26, 3246, 'Payment'),
(2960, 26, 3251, 'Payment'),
(2961, 26, 3253, 'Payment'),
(2962, 26, 3254, 'Payment'),
(2963, 26, 3263, 'Payment'),
(2964, 26, 3264, 'Payment'),
(2965, 26, 3272, 'Payment'),
(2966, 26, 3273, 'Payment'),
(2967, 26, 3280, 'Payment'),
(2968, 26, 3281, 'Payment'),
(2969, 26, 3286, 'Payment'),
(2970, 26, 3288, 'Payment'),
(2971, 26, 3290, 'Payment'),
(2972, 26, 3291, 'Payment'),
(2973, 26, 3295, 'Payment'),
(2974, 26, 3296, 'Payment'),
(2975, 26, 3302, 'Payment'),
(2976, 26, 3303, 'Payment'),
(2977, 26, 3307, 'Payment'),
(2978, 26, 3308, 'Payment'),
(2979, 26, 3317, 'Payment'),
(2980, 26, 3318, 'Payment'),
(2981, 26, 3327, 'Payment'),
(2982, 26, 3329, 'Payment'),
(2983, 26, 3330, 'Payment'),
(2984, 26, 3331, 'Payment'),
(2985, 26, 3335, 'Payment'),
(2986, 26, 3336, 'Payment'),
(2987, 26, 3344, 'Payment'),
(2988, 26, 3346, 'Payment'),
(2989, 26, 3352, 'Payment'),
(2990, 26, 3353, 'Payment'),
(2991, 26, 3360, 'Payment'),
(2992, 26, 3361, 'Payment'),
(2993, 26, 3364, 'Payment'),
(2994, 26, 3365, 'Payment'),
(2995, 26, 3371, 'Payment'),
(2996, 26, 3372, 'Payment'),
(2997, 26, 3376, 'Payment'),
(2998, 26, 3377, 'Payment'),
(2999, 26, 3378, 'Payment'),
(3000, 26, 3379, 'Payment'),
(3001, 26, 3383, 'Payment'),
(3002, 26, 3384, 'Payment'),
(3003, 26, 3391, 'Payment'),
(3004, 26, 3392, 'Payment'),
(3005, 26, 3393, 'Payment'),
(3006, 26, 3401, 'Payment'),
(3007, 26, 3402, 'Payment'),
(3008, 26, 3403, 'Payment'),
(3009, 26, 3409, 'Payment'),
(3010, 26, 3410, 'Payment'),
(3011, 26, 3417, 'Payment'),
(3012, 26, 3418, 'Payment'),
(3013, 26, 3422, 'Payment'),
(3014, 26, 3423, 'Payment'),
(3015, 26, 3433, 'Payment'),
(3016, 26, 3434, 'Payment'),
(3017, 26, 3437, 'Payment'),
(3018, 26, 3438, 'Payment'),
(3019, 26, 3443, 'Payment'),
(3020, 26, 3444, 'Payment'),
(3021, 26, 3451, 'Payment'),
(3022, 26, 3452, 'Payment'),
(3023, 26, 3457, 'Payment'),
(3024, 26, 3458, 'Payment'),
(3025, 26, 3461, 'Payment'),
(3026, 26, 3462, 'Payment'),
(3027, 26, 3471, 'Payment'),
(3028, 26, 3472, 'Payment'),
(3029, 26, 3476, 'Payment'),
(3030, 26, 3477, 'Payment'),
(3031, 26, 3483, 'Payment'),
(3032, 26, 3484, 'Payment'),
(3033, 26, 3491, 'Payment'),
(3034, 26, 3492, 'Payment'),
(3035, 26, 3501, 'Payment'),
(3036, 26, 3502, 'Payment'),
(3037, 26, 3512, 'Payment'),
(3038, 26, 3513, 'Payment'),
(3039, 26, 3524, 'Payment'),
(3040, 26, 3525, 'Payment'),
(3041, 26, 3526, 'Payment'),
(3042, 26, 3532, 'Payment'),
(3043, 26, 3534, 'Payment'),
(3044, 26, 3539, 'Payment'),
(3045, 26, 3540, 'Payment'),
(3046, 26, 3548, 'Payment'),
(3047, 26, 3549, 'Payment'),
(3048, 26, 3557, 'Payment'),
(3049, 26, 3558, 'Payment'),
(3050, 26, 3564, 'Payment'),
(3051, 26, 3565, 'Payment'),
(3052, 26, 3574, 'Payment'),
(3053, 26, 3575, 'Payment'),
(3054, 26, 3583, 'Payment'),
(3055, 26, 3586, 'Payment'),
(3056, 26, 3596, 'Payment'),
(3057, 26, 3598, 'Payment'),
(3058, 26, 3599, 'Payment'),
(3059, 26, 3601, 'Payment'),
(3060, 26, 3607, 'Payment'),
(3061, 26, 3608, 'Payment'),
(3062, 26, 3610, 'Payment'),
(3063, 26, 3611, 'Payment'),
(3064, 26, 3617, 'Payment'),
(3065, 26, 3618, 'Payment'),
(3066, 26, 3624, 'Payment'),
(3067, 26, 3625, 'Payment'),
(3068, 26, 3627, 'Payment'),
(3069, 26, 3628, 'Payment'),
(3070, 26, 3633, 'Payment'),
(3071, 26, 3635, 'Payment'),
(3072, 26, 3636, 'Payment'),
(3073, 26, 3640, 'Payment'),
(3074, 26, 3641, 'Payment'),
(3075, 26, 3642, 'Payment'),
(3076, 26, 3643, 'Payment'),
(3077, 26, 3645, 'Payment'),
(3078, 26, 3646, 'Payment'),
(3079, 26, 3648, 'Payment'),
(3080, 26, 3649, 'Payment'),
(3081, 26, 3652, 'Payment'),
(3082, 26, 3653, 'Payment'),
(3083, 26, 3659, 'Payment'),
(3084, 26, 3661, 'Payment'),
(3085, 26, 3667, 'Payment'),
(3086, 26, 3668, 'Payment'),
(3087, 26, 3673, 'Payment'),
(3088, 26, 3674, 'Payment'),
(3089, 26, 3682, 'Payment'),
(3090, 26, 3683, 'Payment'),
(3091, 26, 3692, 'Payment'),
(3092, 26, 3693, 'Payment'),
(3093, 26, 3700, 'Payment'),
(3094, 26, 3701, 'Payment'),
(3095, 26, 3702, 'Payment'),
(3096, 26, 3715, 'Payment'),
(3097, 26, 3716, 'Payment'),
(3098, 26, 3726, 'Payment'),
(3099, 26, 3727, 'Payment'),
(3100, 26, 3738, 'Payment'),
(3101, 26, 3739, 'Payment'),
(3102, 26, 3740, 'Payment'),
(3103, 26, 3741, 'Payment'),
(3104, 26, 3749, 'Payment'),
(3105, 26, 3750, 'Payment'),
(3106, 26, 3758, 'Payment'),
(3107, 26, 3759, 'Payment'),
(3108, 26, 3765, 'Payment'),
(3109, 26, 3766, 'Payment'),
(3110, 26, 3780, 'Payment'),
(3111, 26, 3782, 'Payment'),
(3112, 26, 3783, 'Payment'),
(3113, 26, 3790, 'Payment'),
(3114, 26, 3791, 'Payment'),
(3115, 26, 3801, 'Payment'),
(3116, 26, 3804, 'Payment'),
(3117, 26, 3805, 'Payment'),
(3118, 26, 3806, 'Payment'),
(3119, 26, 3813, 'Payment'),
(3120, 26, 3814, 'Payment'),
(3121, 26, 3820, 'Payment'),
(3122, 26, 3821, 'Payment'),
(3123, 26, 3822, 'Payment'),
(3124, 26, 3825, 'Payment'),
(3125, 26, 3829, 'Payment'),
(3126, 26, 3831, 'Payment'),
(3127, 26, 3836, 'Payment'),
(3128, 26, 3839, 'Payment'),
(3129, 26, 3844, 'Payment'),
(3130, 26, 3845, 'Payment'),
(3131, 26, 3846, 'Payment'),
(3132, 26, 3853, 'Payment'),
(3133, 26, 3854, 'Payment'),
(3134, 26, 3856, 'Payment'),
(3135, 26, 3857, 'Payment'),
(3136, 26, 3860, 'Payment'),
(3137, 26, 3861, 'Payment'),
(3138, 26, 3870, 'Payment'),
(3139, 26, 3871, 'Payment'),
(3140, 26, 3878, 'Payment'),
(3141, 26, 3880, 'Payment'),
(3142, 26, 3887, 'Payment'),
(3143, 26, 3888, 'Payment'),
(3144, 26, 3891, 'Payment'),
(3145, 26, 3892, 'Payment'),
(3146, 26, 3896, 'Payment'),
(3147, 26, 3899, 'Payment'),
(3148, 26, 3900, 'Payment'),
(3149, 26, 3906, 'Payment'),
(3150, 26, 3908, 'Payment'),
(3151, 26, 3910, 'Payment'),
(3152, 26, 3911, 'Payment'),
(3153, 26, 3920, 'Payment'),
(3154, 26, 3921, 'Payment'),
(3155, 26, 3932, 'Payment'),
(3156, 26, 3933, 'Payment'),
(3157, 26, 3937, 'Payment'),
(3158, 26, 3942, 'Payment'),
(3159, 26, 3944, 'Payment'),
(3160, 26, 3945, 'Payment'),
(3161, 26, 3949, 'Payment'),
(3162, 26, 3950, 'Payment'),
(3163, 26, 3954, 'Payment'),
(3164, 26, 3959, 'Payment'),
(3165, 26, 3961, 'Payment'),
(3166, 26, 3962, 'Payment'),
(3167, 26, 3965, 'Payment'),
(3168, 26, 3966, 'Payment'),
(3169, 26, 3969, 'Payment'),
(3170, 26, 3970, 'Payment'),
(3171, 26, 3971, 'Payment'),
(3172, 26, 3973, 'Payment'),
(3173, 26, 3975, 'Payment'),
(3174, 26, 3976, 'Payment'),
(3175, 26, 3979, 'Payment'),
(3176, 26, 3980, 'Payment'),
(3177, 26, 3981, 'Payment'),
(3178, 26, 3983, 'Payment'),
(3179, 26, 3988, 'Payment'),
(3180, 26, 3990, 'Payment'),
(3181, 26, 3991, 'Payment'),
(3182, 26, 3992, 'Payment'),
(3183, 26, 3996, 'Payment'),
(3184, 26, 3997, 'Payment'),
(3185, 26, 4007, 'Payment'),
(3186, 26, 4008, 'Payment'),
(3187, 26, 4009, 'Payment'),
(3188, 26, 4011, 'Payment'),
(3189, 26, 4012, 'Payment'),
(3190, 26, 4013, 'Payment'),
(3191, 26, 4023, 'Payment'),
(3192, 26, 4024, 'Payment'),
(3193, 26, 4029, 'Payment'),
(3194, 26, 4030, 'Payment'),
(3195, 26, 4038, 'Payment'),
(3196, 26, 4039, 'Payment'),
(3197, 26, 4044, 'Payment'),
(3198, 26, 4045, 'Payment'),
(3199, 26, 4053, 'Payment'),
(3200, 26, 4054, 'Payment'),
(3201, 26, 4065, 'Payment'),
(3202, 26, 4066, 'Payment'),
(3203, 26, 4077, 'Payment'),
(3204, 26, 4078, 'Payment'),
(3205, 26, 4079, 'Payment'),
(3206, 26, 4090, 'Payment'),
(3207, 26, 4091, 'Payment'),
(3208, 26, 4101, 'Payment'),
(3209, 26, 4102, 'Payment'),
(3210, 26, 4104, 'Payment'),
(3211, 26, 4105, 'Payment'),
(3212, 26, 4110, 'Payment'),
(3213, 26, 4112, 'Payment'),
(3214, 26, 4121, 'Payment'),
(3215, 26, 4122, 'Payment'),
(3216, 26, 4123, 'Payment'),
(3217, 26, 4126, 'Payment'),
(3218, 26, 4127, 'Payment'),
(3219, 26, 4136, 'Payment'),
(3220, 26, 4137, 'Payment'),
(3221, 26, 4138, 'Payment'),
(3222, 26, 4140, 'Payment'),
(3223, 26, 4143, 'Payment'),
(3224, 26, 4144, 'Payment'),
(3225, 26, 4154, 'Payment'),
(3226, 26, 4155, 'Payment'),
(3227, 26, 4159, 'Payment'),
(3228, 26, 4160, 'Payment'),
(3229, 26, 4167, 'Payment'),
(3230, 26, 4168, 'Payment'),
(3231, 26, 4174, 'Payment'),
(3232, 26, 4175, 'Payment'),
(3233, 26, 4181, 'Payment'),
(3234, 26, 4183, 'Payment'),
(3235, 26, 4192, 'Payment'),
(3236, 26, 4193, 'Payment'),
(3237, 26, 4198, 'Payment'),
(3238, 26, 4199, 'Payment'),
(3239, 26, 4202, 'Payment'),
(3240, 26, 4209, 'Payment'),
(3241, 26, 4210, 'Payment'),
(3242, 26, 4219, 'Payment'),
(3243, 26, 4220, 'Payment'),
(3244, 26, 4223, 'Payment'),
(3245, 26, 4224, 'Payment'),
(3246, 26, 4227, 'Payment'),
(3247, 26, 4229, 'Payment'),
(3248, 26, 4230, 'Payment'),
(3249, 26, 4231, 'Payment'),
(3250, 26, 4236, 'Payment'),
(3251, 26, 4237, 'Payment'),
(3252, 26, 4240, 'Payment'),
(3253, 26, 4242, 'Payment'),
(3254, 26, 4249, 'Payment'),
(3255, 26, 4250, 'Payment'),
(3256, 26, 4252, 'Payment'),
(3257, 26, 4253, 'Payment'),
(3258, 26, 4255, 'Payment'),
(3259, 26, 4256, 'Payment'),
(3260, 26, 4259, 'Payment'),
(3261, 26, 4260, 'Payment'),
(3262, 26, 4268, 'Payment'),
(3263, 26, 4269, 'Payment'),
(3264, 26, 4272, 'Payment'),
(3265, 26, 4273, 'Payment'),
(3266, 26, 4276, 'Payment'),
(3267, 26, 4278, 'Payment'),
(3268, 26, 4279, 'Payment'),
(3269, 26, 4280, 'Payment'),
(3270, 26, 4281, 'Payment'),
(3271, 26, 4283, 'Payment'),
(3272, 26, 4285, 'Payment'),
(3273, 26, 4288, 'Payment'),
(3274, 26, 4290, 'Payment'),
(3275, 26, 4295, 'Payment'),
(3276, 26, 4296, 'Payment'),
(3277, 26, 4302, 'Payment'),
(3278, 26, 4304, 'Payment'),
(3279, 26, 4309, 'Payment'),
(3280, 26, 4310, 'Payment'),
(3281, 26, 4315, 'Payment'),
(3282, 26, 4316, 'Payment'),
(3283, 26, 4318, 'Payment'),
(3284, 26, 4319, 'Payment'),
(3285, 26, 4324, 'Payment'),
(3286, 26, 4326, 'Payment'),
(3287, 26, 4327, 'Payment'),
(3288, 26, 4336, 'Payment'),
(3289, 26, 4337, 'Payment'),
(3290, 26, 4344, 'Payment'),
(3291, 26, 4346, 'Payment'),
(3292, 26, 4348, 'Payment'),
(3293, 26, 4349, 'Payment'),
(3294, 26, 4350, 'Payment'),
(3295, 26, 4351, 'Payment'),
(3296, 26, 4357, 'Payment'),
(3297, 26, 4358, 'Payment'),
(3298, 26, 4360, 'Payment'),
(3299, 26, 4361, 'Payment'),
(3300, 26, 4362, 'Payment'),
(3301, 26, 4364, 'Payment'),
(3302, 26, 4371, 'Payment'),
(3303, 26, 4372, 'Payment'),
(3304, 26, 4373, 'Payment'),
(3305, 26, 4374, 'Payment'),
(3306, 26, 4378, 'Payment'),
(3307, 26, 4379, 'Payment'),
(3308, 26, 4384, 'Payment'),
(3309, 26, 4385, 'Payment'),
(3310, 26, 4390, 'Payment'),
(3311, 26, 4391, 'Payment'),
(3312, 26, 4397, 'Payment'),
(3313, 26, 4398, 'Payment'),
(3314, 26, 4401, 'Payment'),
(3315, 26, 4402, 'Payment'),
(3316, 26, 4408, 'Payment'),
(3317, 26, 4409, 'Payment'),
(3318, 26, 4410, 'Payment'),
(3319, 26, 4411, 'Payment'),
(3320, 26, 4413, 'Payment'),
(3321, 26, 4414, 'Payment'),
(3322, 26, 4415, 'Payment'),
(3323, 26, 4417, 'Payment'),
(3324, 26, 4421, 'Payment'),
(3325, 26, 4422, 'Payment'),
(3326, 26, 4425, 'Payment'),
(3327, 26, 4427, 'Payment'),
(3328, 26, 4428, 'Payment'),
(3329, 26, 4429, 'Payment'),
(3330, 26, 4432, 'Payment'),
(3331, 26, 4433, 'Payment'),
(3332, 26, 4435, 'Payment'),
(3333, 26, 4436, 'Payment'),
(3334, 26, 4441, 'Payment'),
(3335, 26, 4442, 'Payment'),
(3336, 26, 4444, 'Payment'),
(3337, 26, 4445, 'Payment'),
(3338, 26, 4446, 'Payment'),
(3339, 26, 4449, 'Payment'),
(3340, 26, 4450, 'Payment'),
(3341, 26, 4452, 'Payment'),
(3342, 26, 4453, 'Payment'),
(3343, 26, 4454, 'Payment'),
(3344, 26, 4455, 'Payment'),
(3345, 26, 4460, 'Payment'),
(3346, 26, 4461, 'Payment'),
(3347, 26, 4462, 'Payment'),
(3348, 26, 4464, 'Payment'),
(3349, 26, 4465, 'Payment'),
(3350, 26, 4467, 'Payment'),
(3351, 26, 4469, 'Payment'),
(3352, 26, 4471, 'Payment'),
(3353, 26, 4474, 'Payment'),
(3354, 26, 4475, 'Payment'),
(3355, 26, 4476, 'Payment'),
(3356, 26, 4478, 'Payment'),
(3357, 26, 4479, 'Payment'),
(3358, 26, 4480, 'Payment'),
(3359, 26, 4482, 'Payment'),
(3360, 26, 4484, 'Payment'),
(3361, 26, 4485, 'Payment'),
(3362, 26, 4486, 'Payment'),
(3364, 26, 4487, 'Payment'),
(3365, 26, 4488, 'Payment'),
(3366, 26, 4489, 'Payment'),
(3435, 26, 4554, 'Payment'),
(3436, 26, 4569, 'Payment'),
(3437, 26, 4568, 'Payment'),
(3535, 9, 15, 'User'),
(3536, 9, 21, 'User'),
(3537, 9, 23, 'User'),
(3538, 9, 24, 'User'),
(3539, 9, 28, 'User'),
(3540, 9, 32, 'User'),
(3541, 9, 33, 'User'),
(3542, 9, 41, 'User'),
(3543, 9, 45, 'User'),
(3544, 9, 52, 'User'),
(3545, 9, 53, 'User'),
(3546, 9, 55, 'User'),
(3547, 9, 58, 'User'),
(3548, 9, 60, 'User'),
(3549, 9, 65, 'User'),
(3550, 9, 68, 'User'),
(3551, 9, 71, 'User'),
(3552, 9, 74, 'User'),
(3553, 9, 75, 'User'),
(3554, 9, 77, 'User'),
(3555, 9, 79, 'User'),
(3556, 9, 81, 'User'),
(3557, 9, 90, 'User'),
(3558, 9, 91, 'User'),
(3559, 9, 92, 'User'),
(3560, 9, 93, 'User'),
(3561, 9, 96, 'User'),
(3562, 9, 97, 'User'),
(3563, 9, 100, 'User'),
(3564, 9, 105, 'User'),
(3565, 9, 114, 'User'),
(3566, 9, 116, 'User'),
(3567, 9, 119, 'User'),
(3568, 9, 133, 'User'),
(3569, 9, 137, 'User'),
(3570, 9, 141, 'User'),
(3571, 9, 173, 'User'),
(3572, 9, 174, 'User'),
(3573, 9, 175, 'User'),
(3574, 9, 186, 'User'),
(3575, 9, 192, 'User'),
(3576, 9, 196, 'User'),
(3577, 9, 201, 'User'),
(3578, 9, 203, 'User'),
(3579, 9, 206, 'User'),
(3580, 9, 211, 'User'),
(3581, 9, 213, 'User'),
(3582, 9, 216, 'User'),
(3583, 9, 218, 'User'),
(3584, 9, 227, 'User'),
(3585, 9, 229, 'User'),
(3586, 9, 230, 'User'),
(3587, 9, 238, 'User'),
(3588, 9, 241, 'User'),
(3589, 9, 250, 'User'),
(3590, 9, 265, 'User'),
(3591, 9, 268, 'User'),
(3592, 9, 283, 'User'),
(3593, 9, 284, 'User'),
(3594, 9, 286, 'User'),
(3595, 9, 287, 'User'),
(3596, 9, 298, 'User'),
(3597, 22, 300, 'User'),
(3598, 26, 4631, 'Payment'),
(3599, 26, 4652, 'Payment');

-- --------------------------------------------------------

--
-- Структура таблицы `Property_Text`
--

CREATE TABLE `Property_Text` (
  `id` int(11) NOT NULL,
  `property_id` int(11) NOT NULL,
  `value` text NOT NULL,
  `model_name` varchar(100) NOT NULL,
  `object_id` int(11) NOT NULL
) ENGINE=InnoDB DEFAULT CHARSET=utf8;

--
-- Дамп данных таблицы `Property_Text`
--

INSERT INTO `Property_Text` (`id`, `property_id`, `value`, `model_name`, `object_id`) VALUES
(925, 19, '600 + 300р, за апрель абонент. плата внесена', 'User', 18),
(926, 19, 'по Матеусу оплата, ', 'User', 19),
(927, 19, 'по 350р уроки', 'User', 21),
(928, 19, 'по 350р уроки', 'User', 23),
(929, 19, '2 апреля поговорить с таранник', 'User', 25),
(930, 19, '2500р за 7 уроков', 'User', 26),
(931, 19, '2500р за 7 уроков', 'User', 27),
(932, 19, 'по 350 р; ', 'User', 28),
(933, 19, 'по 350р', 'User', 29),
(934, 19, 'оплата по егорову владу', 'User', 30),
(935, 19, '350р за инд урок', 'User', 36),
(936, 19, 'сказала засчитать остаток уроков', 'User', 37),
(937, 19, 'по 350 руб с 02.04', 'User', 39),
(938, 19, 'индив по 350р ', 'User', 43),
(939, 19, 'по 350 руб с 02.04, может ходить либо в 13-30, либо в 17-00', 'User', 48),
(940, 19, 'по 350 руб с 02.04', 'User', 52),
(941, 19, 'оплата общая с лыловой анной', 'User', 56),
(942, 19, 'по 350 руб с 02.04', 'User', 58),
(943, 19, '400 + 300р, за март абонплата внесена', 'User', 60),
(944, 19, 'платит 2600р за 8 уроков', 'User', 67),
(945, 19, 'остаток списать', 'User', 72),
(946, 19, 'ушел на неопределенный срок', 'User', 79),
(947, 19, 'поурочно платит', 'User', 90),
(948, 19, 'оплату вносит частями. предупредили что занятий не будет. не против ходить дальше на скрипку', 'User', 95),
(949, 19, 'по арчибасовой насте оплата', 'User', 96),
(950, 19, 'долг по оплате за пропуски, должны были приехать внести оплату, на звонки не отвечают, из расписания исключены', 'User', 103),
(951, 19, 'поур по 300р за 30 мин', 'User', 107),
(952, 19, '4 урока в остатке, не ходит до лета', 'User', 111),
(953, 19, 'по 350 руб с 02.04', 'User', 115),
(954, 19, 'по 350 руб с 02.04', 'User', 116),
(955, 19, 'по 350р индив уроки', 'User', 126),
(956, 19, 'сменный график', 'User', 127),
(957, 19, '400 + 300р, за апрель абонплата внесена', 'User', 133),
(958, 19, 'внесено 2 рубля', 'User', 136),
(959, 19, 'по 300 р по 30 мин', 'User', 137),
(960, 19, 'Не пытаться менять время в графике', 'User', 142),
(961, 19, 'по 3000 за 8 урок', 'User', 144),
(962, 19, 'звонить маме', 'User', 149),
(963, 19, 'не звонить, сам наберет. может только на 19.00 заниматься', 'User', 150),
(964, 19, '4 урока 06.04 начислены ошибочно', 'User', 163),
(965, 19, '01.06.18 весь остаток уроков сгорает', 'User', 166),
(966, 19, 'сменный график', 'User', 176),
(967, 19, 'оплата по Лагутину Алексею', 'User', 181),
(968, 19, 'поур 400, в абонементе по 300р', 'User', 185),
(969, 19, '19.03 весь остаток уроков сгорает', 'User', 186),
(970, 19, 'папе стараться не звонить', 'User', 188),
(971, 19, 'папе не звонить', 'User', 193),
(972, 19, 'занимается на арфе', 'User', 198),
(973, 19, 'с февраля по сменному графику будет ходить', 'User', 205),
(974, 19, 'на фоно по сменному графику', 'User', 209),
(975, 19, 'сменный график', 'User', 214),
(976, 19, 'в конце мая планирует возобновить занятия', 'User', 216),
(977, 19, '2500р за 7 уроков', 'User', 222),
(978, 19, 'за долг обещают перевести оплату 1600 руб.', 'User', 226),
(979, 19, 'занятия по серт 096', 'User', 227),
(980, 19, 'срок действия абонемента вышел, должны вносить оплату по-новой', 'User', 229),
(981, 19, 'срок действия абонемента вышел, должны вносить оплату по-новой', 'User', 235),
(982, 19, 'отсутствует до 8 числа, перед занятием должна внести оплату', 'User', 236),
(983, 19, 'взять анкету', 'User', 240),
(984, 19, 'по сертификату 61, взять анкету', 'User', 244),
(985, 19, 'сменный график', 'User', 249),
(986, 19, 'раньше 18:00 ходить не может. может ходить на 15:00', 'User', 250),
(987, 19, 'записалась на урок 17.03 у Рымареву, потом отменила - проблемы на работе, сказала сама наберет', 'User', 251),
(988, 19, 'взять анкету', 'User', 254),
(989, 19, 'поставить в график с апреля', 'User', 258),
(990, 19, 'ему подарили абонемент (до 23.05), должен позвонить записаться', 'User', 262),
(991, 19, 'сменный график', 'User', 269),
(992, 19, 'платит поурочно', 'User', 273),
(993, 19, 'фламенко', 'User', 278),
(994, 19, 'просит как можно раньше ставить уроки', 'User', 288),
(995, 19, 'поурочно пла', 'User', 289),
(996, 19, 'Хотят по ср на 19:00', 'User', 299),
(997, 19, 'сменный график. может в пн, вт. ср, пт иногда в четверг на щорса и на мичурина.', 'User', 300),
(998, 19, 'Тестовые заметки', 'User', 298);

-- --------------------------------------------------------

--
-- Структура таблицы `Property_Text_Assigment`
--

CREATE TABLE `Property_Text_Assigment` (
  `id` int(11) NOT NULL,
  `property_id` int(11) NOT NULL,
  `object_id` int(11) NOT NULL,
  `model_name` text NOT NULL
) ENGINE=InnoDB DEFAULT CHARSET=utf8;

--
-- Дамп данных таблицы `Property_Text_Assigment`
--

INSERT INTO `Property_Text_Assigment` (`id`, `property_id`, `object_id`, `model_name`) VALUES
(1, 19, 5, 'User_Group'),
(355, 4, 4, 'Structure'),
(930, 19, 18, 'User'),
(931, 19, 19, 'User'),
(932, 19, 21, 'User'),
(933, 19, 23, 'User'),
(934, 19, 25, 'User'),
(935, 19, 26, 'User'),
(936, 19, 27, 'User'),
(937, 19, 28, 'User'),
(938, 19, 29, 'User'),
(939, 19, 30, 'User'),
(940, 19, 36, 'User'),
(941, 19, 37, 'User'),
(942, 19, 39, 'User'),
(943, 19, 43, 'User'),
(944, 19, 48, 'User'),
(945, 19, 52, 'User'),
(946, 19, 56, 'User'),
(947, 19, 58, 'User'),
(948, 19, 60, 'User'),
(949, 19, 67, 'User'),
(950, 19, 72, 'User'),
(951, 19, 79, 'User'),
(952, 19, 90, 'User'),
(953, 19, 95, 'User'),
(954, 19, 96, 'User'),
(955, 19, 103, 'User'),
(956, 19, 107, 'User'),
(957, 19, 111, 'User'),
(958, 19, 115, 'User'),
(959, 19, 116, 'User'),
(960, 19, 126, 'User'),
(961, 19, 127, 'User'),
(962, 19, 133, 'User'),
(963, 19, 136, 'User'),
(964, 19, 137, 'User'),
(965, 19, 142, 'User'),
(966, 19, 144, 'User'),
(967, 19, 149, 'User'),
(968, 19, 150, 'User'),
(969, 19, 163, 'User'),
(970, 19, 166, 'User'),
(971, 19, 176, 'User'),
(972, 19, 181, 'User'),
(973, 19, 185, 'User'),
(974, 19, 186, 'User'),
(975, 19, 188, 'User'),
(976, 19, 193, 'User'),
(977, 19, 198, 'User'),
(978, 19, 205, 'User'),
(979, 19, 209, 'User'),
(980, 19, 214, 'User'),
(981, 19, 216, 'User'),
(982, 19, 222, 'User'),
(983, 19, 226, 'User'),
(984, 19, 227, 'User'),
(985, 19, 229, 'User'),
(986, 19, 235, 'User'),
(987, 19, 236, 'User'),
(988, 19, 240, 'User'),
(989, 19, 244, 'User'),
(990, 19, 249, 'User'),
(991, 19, 250, 'User'),
(992, 19, 251, 'User'),
(993, 19, 254, 'User'),
(994, 19, 258, 'User'),
(995, 19, 262, 'User'),
(996, 19, 269, 'User'),
(997, 19, 273, 'User'),
(998, 19, 278, 'User'),
(999, 19, 288, 'User'),
(1000, 19, 289, 'User'),
(1001, 19, 299, 'User'),
(1002, 19, 300, 'User');

-- --------------------------------------------------------

--
-- Структура таблицы `Schedule_Group`
--

CREATE TABLE `Schedule_Group` (
  `id` int(11) NOT NULL,
  `title` varchar(255) NOT NULL DEFAULT '',
  `teacher_id` int(11) NOT NULL,
  `duration` time NOT NULL
) ENGINE=InnoDB DEFAULT CHARSET=utf8;

--
-- Дамп данных таблицы `Schedule_Group`
--

INSERT INTO `Schedule_Group` (`id`, `title`, `teacher_id`, `duration`) VALUES
(1, 'курс теории', 2, '01:30:00'),
(2, 'Гитара Диля+Маша', 2, '01:00:00'),
(3, 'Групповое скрипка', 6, '00:00:00'),
(4, 'Гитара группа', 2, '00:00:00'),
(5, 'Гитара Вика+Игорь', 2, '00:00:00'),
(6, 'Лисуненко и Курлюкова', 14, '00:00:00'),
(7, 'Гитара Харченко и Салтыкова', 2, '00:00:00'),
(8, 'Котельниковы. Гитара', 14, '00:00:00'),
(9, 'Гитара Никита+ДБ', 162, '00:00:00'),
(14, 'Тест 456', 9, '00:45:00'),
(15, 'Тест 2', 11, '01:30:00');

-- --------------------------------------------------------

--
-- Структура таблицы `Schedule_Group_Assignment`
--

CREATE TABLE `Schedule_Group_Assignment` (
  `id` int(11) NOT NULL,
  `group_id` int(11) NOT NULL,
  `user_id` int(11) NOT NULL
) ENGINE=InnoDB DEFAULT CHARSET=utf8;

--
-- Дамп данных таблицы `Schedule_Group_Assignment`
--

INSERT INTO `Schedule_Group_Assignment` (`id`, `group_id`, `user_id`) VALUES
(3, 3, 176),
(4, 4, 201),
(5, 5, 257),
(6, 5, 258),
(7, 7, 291),
(8, 7, 292),
(9, 8, 301),
(10, 8, 302),
(11, 9, 307),
(12, 9, 308),
(15, 8, 285),
(16, 8, 291),
(52, 2, 123),
(53, 2, 116);

-- --------------------------------------------------------

--
-- Структура таблицы `Structure`
--

CREATE TABLE `Structure` (
  `id` int(11) NOT NULL,
  `title` varchar(150) DEFAULT NULL,
  `parent_id` int(11) NOT NULL DEFAULT '0',
  `path` varchar(100) DEFAULT NULL,
  `action` varchar(100) DEFAULT NULL,
  `template_id` int(11) DEFAULT NULL,
  `description` text,
  `children_name` varchar(255) DEFAULT NULL,
  `active` int(11) NOT NULL DEFAULT '1',
  `menu_id` int(11) NOT NULL,
  `sorting` int(11) NOT NULL DEFAULT '0',
  `meta_title` varchar(100) DEFAULT NULL,
  `meta_description` text,
  `meta_keywords` varchar(100) DEFAULT NULL
) ENGINE=InnoDB DEFAULT CHARSET=utf8;

--
-- Дамп данных таблицы `Structure`
--

INSERT INTO `Structure` (`id`, `title`, `parent_id`, `path`, `action`, `template_id`, `description`, `children_name`, `active`, `menu_id`, `sorting`, `meta_title`, `meta_description`, `meta_keywords`) VALUES
(1, 'Магазин', 0, 'shop', 'catalog', 5, 'Интернет-магазин', 'Structure_Item', 1, 0, 1000, '', '', ''),
(2, 'Спорт', 1, 'sport', 'catalog', 5, '', 'Structure_Item', 1, 0, 0, '', '', ''),
(3, 'Теннис', 2, 'tennis', 'catalog', 5, '', 'Structure_Item', 1, 0, 0, '', '', ''),
(4, 'Футбол', 2, 'football', 'catalog', 5, '', 'Structure_Item', 1, 0, 0, '', '', ''),
(5, 'Панель управления musadm', 0, '', 'musadm/index', 4, '', '', 1, 1, 10, '', '', ''),
(6, 'Административный раздел', 0, 'admin', 'admin/index', 3, '', '', 1, 0, 0, '', '', ''),
(7, 'Пользователи', 5, 'user', 'musadm/user/index', 4, '', 'User_Group', 1, 1, 10, '', '', ''),
(8, 'Иерархия классов', 9, 'models', 'documentation/models', 1, 'Общая структура системы. Описание стандартных классов, их свойств и методов.', '', 1, 0, 0, '', '', ''),
(9, 'Документация', 0, 'documentation', 'documentation/index', 1, 'Руководство по использованию системы', '', 1, 0, 100, '', '', ''),
(14, 'Вход', 5, 'authorize', 'musadm/authorize', 1, '', '', 1, 0, 0, '', '', ''),
(19, 'Скрипт обновления данных о пользователях', 0, 'refreshusers', 'index', 5, 'Раздел для тестирования различного функционала или отладки ', '', 1, 0, 1000, NULL, NULL, NULL),
(20, 'Авторизация', 6, 'authorize', 'admin/auth', 3, 'Страница авторизации для административного раздела', '', 1, 0, 0, NULL, NULL, NULL),
(22, 'Группы', 5, 'groups', 'musadm/group/group', 4, '', 'Structure_Item', 1, 1, 20, NULL, NULL, NULL),
(23, 'Расписание', 5, 'schedule', 'musadm/index', 4, '', 'Structure_Item', 1, 1, 30, NULL, NULL, NULL),
(24, 'Баланс', 5, 'balance', 'musadm/balance/balance', 4, '', 'Structure_Item', 1, 1, 0, NULL, NULL, NULL),
(26, 'test', 0, 'test', 'test', 5, '', 'Structure_Item', 1, 0, 1000, NULL, NULL, NULL),
(27, 'Архив', 7, 'archive', 'musadm/user/archive', 4, '', 'Structure_Item', 1, 1, 0, NULL, NULL, NULL),
(28, 'Лиды', 5, 'lids', 'musadm/lid/lid', 4, '', 'Structure_Item', 1, 1, 0, NULL, NULL, NULL),
(29, 'Тарифы', 5, 'tarif', 'musadm/tarif/tarif', 4, '', 'Structure_Item', 1, 1, 0, NULL, NULL, NULL);

-- --------------------------------------------------------

--
-- Структура таблицы `Structure_Item`
--

CREATE TABLE `Structure_Item` (
  `id` int(11) NOT NULL,
  `title` varchar(150) NOT NULL,
  `parent_id` int(11) NOT NULL DEFAULT '0',
  `description` text,
  `active` int(11) NOT NULL DEFAULT '1',
  `meta_title` varchar(100) DEFAULT NULL,
  `meta_description` text,
  `meta_keywords` varchar(100) DEFAULT NULL,
  `path` varchar(50) DEFAULT NULL,
  `sorting` int(11) NOT NULL DEFAULT '0'
) ENGINE=InnoDB DEFAULT CHARSET=utf8;

--
-- Дамп данных таблицы `Structure_Item`
--

INSERT INTO `Structure_Item` (`id`, `title`, `parent_id`, `description`, `active`, `meta_title`, `meta_description`, `meta_keywords`, `path`, `sorting`) VALUES
(1, 'Футбольный мячь', 4, '', 1, 'SEO title', 'SEO описание', 'SEO ключевые слова', '1', 0),
(2, 'Кросовки Nike', 4, '', 1, '', '', '', '2', 0),
(7, 'Новый элемент', 4, NULL, 1, NULL, NULL, NULL, '123', 100);

-- --------------------------------------------------------

--
-- Структура таблицы `User`
--

CREATE TABLE `User` (
  `id` int(11) NOT NULL,
  `name` varchar(255) NOT NULL DEFAULT '',
  `surname` varchar(255) NOT NULL DEFAULT '',
  `patronimyc` varchar(255) NOT NULL DEFAULT '',
  `phone_number` varchar(255) NOT NULL DEFAULT '',
  `email` varchar(255) NOT NULL DEFAULT '',
  `login` varchar(255) NOT NULL,
  `password` varchar(255) NOT NULL,
  `group_id` int(11) NOT NULL DEFAULT '2',
  `register_date` date NOT NULL,
  `active` int(11) NOT NULL DEFAULT '1',
  `superuser` int(11) NOT NULL DEFAULT '0'
) ENGINE=InnoDB DEFAULT CHARSET=utf8;

--
-- Дамп данных таблицы `User`
--

INSERT INTO `User` (`id`, `name`, `surname`, `patronimyc`, `phone_number`, `email`, `login`, `password`, `group_id`, `register_date`, `active`, `superuser`) VALUES
(1, 'Егор', 'Козырев', 'Алексеевич', '8-980-378-28-56', 'creative27016@gmail.com', 'alexoufx', '4a7d1ed414474e4033ac29ccb8653d9b', 1, '2018-04-24', 1, 1),
(2, 'Александр', 'Булгаков', '', '+79087801122', '', 'БА', 'd93591bdf7860e1e4ee2fca799911215', 4, '2018-04-24', 1, 0),
(3, 'Оксана', 'Полтева', '', '+79205764079', '', 'ПО', 'd93591bdf7860e1e4ee2fca799911215', 4, '2018-04-24', 1, 0),
(4, 'Алина', 'Романович', '', '+79192882062', '', 'РА', 'd93591bdf7860e1e4ee2fca799911215', 4, '2018-04-24', 1, 0),
(5, 'Артур', 'Герус', 'Андреевич', '30-18-77', '', 'd', '8277e0910d750195b448797616e091ad', 1, '2018-04-24', 1, 1),
(6, 'Дарья', 'Черных', '', '+79155665673', '', 'ЧД', '01cfcd4f6b8770febfb40cb906715822', 4, '2018-04-24', 1, 0),
(7, 'Руслан', 'Галяутдинов', '', '+79202090014', '', 'ГР', 'd93591bdf7860e1e4ee2fca799911215', 4, '2018-04-24', 1, 0),
(8, 'Карина', 'Белякова', '', '+79155601114', '', 'БК', 'd93591bdf7860e1e4ee2fca799911215', 4, '2018-04-24', 1, 0),
(9, 'Владимир', 'Варжавинов', '', '+79606336651', '', 'ВВ', 'd93591bdf7860e1e4ee2fca799911215', 4, '2018-04-24', 1, 0),
(10, 'Вадим', 'Фёдоров', '', '+79092019737', '', 'ФВ', 'd93591bdf7860e1e4ee2fca799911215', 4, '2018-04-24', 1, 0),
(11, 'Андрей', 'Матвиенко', '', '+79045311244', '', 'МА', 'd93591bdf7860e1e4ee2fca799911215', 4, '2018-04-24', 1, 0),
(12, 'Андрей', 'Жуйков', '', '+79040872458', '', 'ЖА', 'd93591bdf7860e1e4ee2fca799911215', 4, '2018-04-24', 1, 0),
(13, 'Айарпи', 'Джилавян', '', '+79606371162', '', 'ДА', 'd93591bdf7860e1e4ee2fca799911215', 4, '2018-04-24', 1, 0),
(14, 'Иван', 'Рымарев', '', '+79040904607', '', 'РИ', 'd93591bdf7860e1e4ee2fca799911215', 4, '2018-04-24', 1, 0),
(15, 'Максим', 'Рябых ', '', '+79611640794', '', 'РяМа', '81dc9bdb52d04dc20036dbd8313ed055', 5, '2018-04-24', 1, 0),
(16, 'Евгений', 'Байдиков', '', '9511340707', '', 'БаЕв', '81dc9bdb52d04dc20036dbd8313ed055', 5, '2018-04-24', 1, 0),
(17, 'Дмитрий', 'Тетюхин', '', '9107419097, мама9103295637', '', 'ТеДи', '81dc9bdb52d04dc20036dbd8313ed055', 5, '2018-04-24', 1, 0),
(18, 'Оксана', 'Захарова', '', '9511406093', '', 'ЗаОк', '81dc9bdb52d04dc20036dbd8313ed055', 5, '2018-04-24', 1, 0),
(19, 'Чавес', 'Дебора', '', '9205967925', '', 'ДеЧа', '81dc9bdb52d04dc20036dbd8313ed055', 5, '2018-04-24', 1, 0),
(20, 'Михаил', 'Диченко', '', '9040822225', '', 'ДиМи', '81dc9bdb52d04dc20036dbd8313ed055', 5, '2018-04-24', 0, 0),
(21, 'Дарья', 'Ведерникова', '', '9192884237', '', 'ВеДа', '81dc9bdb52d04dc20036dbd8313ed055', 5, '2018-04-24', 1, 0),
(22, 'Юлия', 'Савенкова', '', '9606323377', '', 'СаЮл', '81dc9bdb52d04dc20036dbd8313ed055', 5, '2018-04-24', 1, 0),
(23, 'Юлия', 'Дворецкая', '', '9155636799', '', 'ДвЮл', '81dc9bdb52d04dc20036dbd8313ed055', 5, '2018-04-24', 1, 0),
(24, 'Михаил', 'Кравцов', '', '9102237815, мама 9155274452', '', 'КрМи', '81dc9bdb52d04dc20036dbd8313ed055', 5, '2018-04-24', 1, 0),
(25, 'Ангелина', 'Тараник', '', '9803753021 папа', '', 'ТаАн', '81dc9bdb52d04dc20036dbd8313ed055', 5, '2018-04-24', 0, 0),
(26, 'Мария', 'Котова', '', '9192213076', '', 'КоПо', '81dc9bdb52d04dc20036dbd8313ed055', 5, '2018-04-24', 1, 0),
(27, 'Аврора', 'Мочалова', '', '9202002087', '', 'МоАв', '81dc9bdb52d04dc20036dbd8313ed055', 5, '2018-04-24', 1, 0),
(28, 'Карина', 'Чумак', '', '9092020721', '', 'ЧуКа', '81dc9bdb52d04dc20036dbd8313ed055', 5, '2018-04-24', 1, 0),
(29, 'Дмитрий', 'Сидлецкий', '', '9205792055', '', 'СиДм', '81dc9bdb52d04dc20036dbd8313ed055', 5, '2018-04-24', 1, 0),
(30, 'Денис', 'Егоров', '', '9155730675', '', 'ЕгДе', '81dc9bdb52d04dc20036dbd8313ed055', 5, '2018-04-24', 1, 0),
(31, 'Варвара', 'Худасова', '', '9087814060', '', 'ХуВа', '81dc9bdb52d04dc20036dbd8313ed055', 5, '2018-04-24', 0, 0),
(32, 'Ирина', 'Васильченко', '', '9092055444', '', 'ВаИр', '81dc9bdb52d04dc20036dbd8313ed055', 5, '2018-04-24', 1, 0),
(33, 'Даниил', 'Немыкин', '', '9065654967', '', 'НеДа', '81dc9bdb52d04dc20036dbd8313ed055', 5, '2018-04-24', 1, 0),
(34, 'Андрей', 'Кузьмичев', '', '9040908554, мама9511592054', '', 'КуАн', '81dc9bdb52d04dc20036dbd8313ed055', 5, '2018-04-24', 1, 0),
(35, 'Ксения', 'Игнатова', '', '9040941155', '', 'ИгКс', '81dc9bdb52d04dc20036dbd8313ed055', 5, '2018-04-24', 1, 0),
(36, 'Мария', 'Косухина', '', '9202065482, 9192850039', '', 'КоМа', '81dc9bdb52d04dc20036dbd8313ed055', 5, '2018-04-24', 1, 0),
(37, 'Марина', 'Орлова', '', '9066005833', '', 'ОрМа', '81dc9bdb52d04dc20036dbd8313ed055', 5, '2018-04-24', 0, 0),
(38, 'Алиса', 'Дорохова', '', '9155750794', '', 'ДоАл', '81dc9bdb52d04dc20036dbd8313ed055', 5, '2018-04-24', 1, 0),
(39, 'Константин', 'Баландин', '', '9524349900', '', 'БаКо', '81dc9bdb52d04dc20036dbd8313ed055', 5, '2018-04-24', 1, 0),
(40, 'Анна', 'Корнеева', '', '9805291851', '', 'КоАн', '81dc9bdb52d04dc20036dbd8313ed055', 5, '2018-04-24', 0, 0),
(41, 'Светлана', 'Лукашова', '', '9511469962', '', 'ЛуСв', '81dc9bdb52d04dc20036dbd8313ed055', 5, '2018-04-24', 1, 0),
(42, 'София', 'Корнеева ', '', '9805291851', '', 'КоСо', '81dc9bdb52d04dc20036dbd8313ed055', 5, '2018-04-24', 0, 0),
(43, 'Диляра', 'Новак', '', '9606404124', '', 'НоДи', '81dc9bdb52d04dc20036dbd8313ed055', 5, '2018-04-24', 1, 0),
(44, 'Лия', 'Склярова', '', '9092094948', '', 'СкЛи', '81dc9bdb52d04dc20036dbd8313ed055', 5, '2018-04-24', 0, 0),
(45, 'Елизавета', 'Потатушкина', '', '9155764370', '', 'ПоЕл', '81dc9bdb52d04dc20036dbd8313ed055', 5, '2018-04-24', 1, 0),
(46, 'Евгения', 'Цветкова', '', '9611777964', '', 'ЦвЕв', '81dc9bdb52d04dc20036dbd8313ed055', 5, '2018-04-24', 0, 0),
(47, 'Алина', 'Глебова', '', '9805253750', '', 'ГлАн', '81dc9bdb52d04dc20036dbd8313ed055', 5, '2018-04-24', 1, 0),
(48, 'Алексей', 'Горошко', '', '9192822866', '', 'ГоАл', '81dc9bdb52d04dc20036dbd8313ed055', 5, '2018-04-24', 1, 0),
(49, 'Виолетта', 'Корсакова', '', 'мама9192250899, 9194365532', '', 'КоВи', '81dc9bdb52d04dc20036dbd8313ed055', 5, '2018-04-24', 1, 0),
(50, 'Екатерина', 'Лозовская', '', '9606753635', '', 'ЛоЕк', '81dc9bdb52d04dc20036dbd8313ed055', 5, '2018-04-24', 0, 0),
(51, 'Наталья', 'Павлик', '', '9066048283', '', 'ПаНа', '81dc9bdb52d04dc20036dbd8313ed055', 5, '2018-04-24', 0, 0),
(52, 'Анастасия', 'Арчибасова', '', '9606262562', '', 'АрАн', '81dc9bdb52d04dc20036dbd8313ed055', 5, '2018-04-24', 1, 0),
(53, 'Виктория', 'Думанова', '', '9205665205', '', 'ДуВи', '81dc9bdb52d04dc20036dbd8313ed055', 5, '2018-04-24', 1, 0),
(54, 'Ольга', 'Малькова', '', '9102258020', '', 'МаОл', '81dc9bdb52d04dc20036dbd8313ed055', 5, '2018-04-24', 1, 0),
(55, 'Алёна', 'Баймакова', '', '9092043065', '', 'БаАл', '81dc9bdb52d04dc20036dbd8313ed055', 5, '2018-04-24', 1, 0),
(56, 'Алиса', 'Лылова', '', '', '', 'ЛыАл', '81dc9bdb52d04dc20036dbd8313ed055', 5, '2018-04-24', 1, 0),
(57, 'Константин', 'Клёсов', '', '9040816850', '', 'КлКо', '81dc9bdb52d04dc20036dbd8313ed055', 5, '2018-04-24', 1, 0),
(58, 'Анна', 'Лылова', '', '9192273040', '', 'ЛыАн', '81dc9bdb52d04dc20036dbd8313ed055', 5, '2018-04-24', 1, 0),
(59, 'Владимир', 'Кузнецов', '', '9205750117', '', 'КуВл', '81dc9bdb52d04dc20036dbd8313ed055', 5, '2018-04-24', 0, 0),
(60, 'Владислав', 'Егоров ', '', '9155730675мама, 9803937117мама', '', 'ЕгВл', '81dc9bdb52d04dc20036dbd8313ed055', 5, '2018-04-24', 1, 0),
(61, 'Анастасия', 'Жарикова', '', '9087820943', '', 'ЖаАн', '81dc9bdb52d04dc20036dbd8313ed055', 5, '2018-04-24', 1, 0),
(62, 'София', 'Курбатова', '', '9087870319', '', 'КуСо', '81dc9bdb52d04dc20036dbd8313ed055', 5, '2018-04-24', 0, 0),
(63, 'Анастасия', 'Пыркина', '', '9056737739', '', 'ПыАн', '81dc9bdb52d04dc20036dbd8313ed055', 5, '2018-04-24', 1, 0),
(64, 'Оксана', 'Зиневич', '', '9194374668', '', 'ЗиОк', '81dc9bdb52d04dc20036dbd8313ed055', 5, '2018-04-24', 1, 0),
(65, 'Екатерина', 'Кобзева', '', '9524331330', '', 'КоЕк', '81dc9bdb52d04dc20036dbd8313ed055', 5, '2018-04-24', 1, 0),
(66, 'Кирилл', 'Катаржнов', '', '9517624136', '', 'КаКи', '81dc9bdb52d04dc20036dbd8313ed055', 5, '2018-04-24', 0, 0),
(67, 'Жаломба', 'Селештино', '', '9155297143', '', 'СеЖа', '81dc9bdb52d04dc20036dbd8313ed055', 5, '2018-04-24', 1, 0),
(68, 'Ася', 'Дугнист', '', '9087867792', '', 'ДуАс', '81dc9bdb52d04dc20036dbd8313ed055', 5, '2018-04-24', 1, 0),
(69, 'Кирилл', 'Пивнев', '', '9524399874', '', 'ПиКи', '81dc9bdb52d04dc20036dbd8313ed055', 5, '2018-04-24', 1, 0),
(70, 'Ангелина', 'Клочева', '', '9205815530', '', 'КлАн', '81dc9bdb52d04dc20036dbd8313ed055', 5, '2018-04-24', 0, 0),
(71, 'Кристина', 'Гудкова', '', '9995190691', '', 'ГуКр', '81dc9bdb52d04dc20036dbd8313ed055', 5, '2018-04-24', 0, 0),
(72, 'Елена', 'Сухобрус', '', '9036424424', '', 'СуЕл', '81dc9bdb52d04dc20036dbd8313ed055', 5, '2018-04-24', 0, 0),
(73, 'Мурадлы', 'Фидан', '', 'мама9524205114, 9803261145', '', 'ФиМу', '81dc9bdb52d04dc20036dbd8313ed055', 5, '2018-04-24', 0, 0),
(74, 'Марина', 'Ерофеева', '', '9205896526', '', 'ЕрМа', '81dc9bdb52d04dc20036dbd8313ed055', 5, '2018-04-24', 0, 0),
(75, 'Наталья', 'Васильева', '', '9192877530', '', 'ВаНа', '81dc9bdb52d04dc20036dbd8313ed055', 5, '2018-04-24', 1, 0),
(76, 'Юлианна', 'Пронина', '', '9202653722', '', 'ПрЮл', '81dc9bdb52d04dc20036dbd8313ed055', 5, '2018-04-24', 0, 0),
(77, 'Наталья', 'Масс', '', '9606267288', '', 'МаНа', '81dc9bdb52d04dc20036dbd8313ed055', 5, '2018-04-24', 1, 0),
(78, 'Светлана', 'Исаева', '', '9102264633', '', 'ИсСв', '81dc9bdb52d04dc20036dbd8313ed055', 5, '2018-04-24', 1, 0),
(79, 'Анатолий', 'Самокиша', '', '9205768223, папа9623082588', '', 'СаАн', '81dc9bdb52d04dc20036dbd8313ed055', 5, '2018-04-24', 0, 0),
(80, 'Светлана', 'Саак', '', '9202001717', '', 'СаСв', '81dc9bdb52d04dc20036dbd8313ed055', 5, '2018-04-24', 1, 0),
(81, 'Ирина', 'Шилова', '', '9102288507', '', 'ШиИр', '81dc9bdb52d04dc20036dbd8313ed055', 5, '2018-04-24', 1, 0),
(82, 'Алина', 'Малькова', '', '9040862858', '', 'МаАл', '81dc9bdb52d04dc20036dbd8313ed055', 5, '2018-04-24', 1, 0),
(83, 'Оксана', 'Гринько', '', '9103263030', '', 'ГрОк', '81dc9bdb52d04dc20036dbd8313ed055', 5, '2018-04-24', 1, 0),
(84, 'Владислав', 'Цунаев', '', '9803255558', '', 'ЦуВл', '81dc9bdb52d04dc20036dbd8313ed055', 5, '2018-04-24', 0, 0),
(85, 'Екатерина', 'Швецова', '', '9087811417', '', 'ШвЕк', '81dc9bdb52d04dc20036dbd8313ed055', 5, '2018-04-24', 1, 0),
(86, 'Яна', 'Акиньшина', '', '89511357177', '', 'АкЯн', '81dc9bdb52d04dc20036dbd8313ed055', 5, '2018-04-24', 1, 0),
(87, 'Юлия', 'Фролова', '', 'мама9611737216, 9606305470', '', 'ФрЮл', '81dc9bdb52d04dc20036dbd8313ed055', 5, '2018-04-24', 1, 0),
(88, 'Алина', 'Гунько', '', '9103611195', '', 'ГуАл', '81dc9bdb52d04dc20036dbd8313ed055', 5, '2018-04-24', 0, 0),
(89, 'Ольга', 'Славная', '', '9040877121', '', 'СлОл', '81dc9bdb52d04dc20036dbd8313ed055', 5, '2018-04-24', 0, 0),
(90, 'Юлия', 'Довбыш', '', '9066004550', '', 'ДоЮл', '81dc9bdb52d04dc20036dbd8313ed055', 5, '2018-04-24', 1, 0),
(91, 'Анна', 'Ермолина', '', '9092035014', '', 'ЕрАн', '81dc9bdb52d04dc20036dbd8313ed055', 5, '2018-04-24', 1, 0),
(92, 'Сергей', 'Миронов', '', '9155257009 9087897257, мама 9803242721', '', 'МиСе', '81dc9bdb52d04dc20036dbd8313ed055', 5, '2018-04-24', 1, 0),
(93, 'Маргарита', 'Кононова', '', '9194375899', '', 'КонМа', '81dc9bdb52d04dc20036dbd8313ed055', 5, '2018-04-24', 1, 0),
(94, 'Ксения', 'Миженина', '', '9107372122', '', 'МиКс', '81dc9bdb52d04dc20036dbd8313ed055', 5, '2018-04-24', 1, 0),
(95, 'Дарья', 'Еремина', '', '9087811270', '', 'ЕрДа', '81dc9bdb52d04dc20036dbd8313ed055', 5, '2018-04-24', 1, 0),
(96, 'Анна', 'Арчибасова', '', '', '', 'АрчАн', '81dc9bdb52d04dc20036dbd8313ed055', 5, '2018-04-24', 1, 0),
(97, 'Сергей', 'Картамышев', '', '9045334421', '', 'КаСе', '81dc9bdb52d04dc20036dbd8313ed055', 5, '2018-04-24', 1, 0),
(98, 'Екатерина', 'Лаврова', '', 'анкет9045307762, осн9040883998 ', '', 'ЛаЕк', '81dc9bdb52d04dc20036dbd8313ed055', 5, '2018-04-24', 0, 0),
(99, 'Алексей', 'Евтушенко', '', '9087826599', '', 'ЕвАл', '81dc9bdb52d04dc20036dbd8313ed055', 5, '2018-04-24', 0, 0),
(100, 'Вадим', 'Баранов', '', '9155271114', '', 'БаВа', '81dc9bdb52d04dc20036dbd8313ed055', 5, '2018-04-24', 1, 0),
(101, 'Дмитрий', 'Тагиев', '', 'мама9045369383, 9080806456', '', 'ТаДм', '81dc9bdb52d04dc20036dbd8313ed055', 5, '2018-04-24', 1, 0),
(102, 'Юлия', 'Дель', '', '9805269096', '', 'ДеЮл', '81dc9bdb52d04dc20036dbd8313ed055', 5, '2018-04-24', 0, 0),
(103, 'Владислав', 'Краснов', '', '9202012313', '', 'КрВл', '81dc9bdb52d04dc20036dbd8313ed055', 5, '2018-04-24', 0, 0),
(104, 'Ирина', 'Пуляева', '', '9205825195, 9384065884', '', 'ПуИр', '81dc9bdb52d04dc20036dbd8313ed055', 5, '2018-04-24', 0, 0),
(105, 'Владислав', 'Шейченко', '', '9611704948, мама9036421971', '', 'ШеВл', '0c5ee874d959db97d11a16d9f4564e85', 5, '2018-04-24', 1, 0),
(106, 'Анастасия', 'Зубарева', '', '', '', 'ЗуАн', '81dc9bdb52d04dc20036dbd8313ed055', 5, '2018-04-24', 0, 0),
(107, 'Радмила', 'Мартынова', '', '9803772116, 9107414966', '', 'МаРа', '81dc9bdb52d04dc20036dbd8313ed055', 5, '2018-04-24', 1, 0),
(108, 'Ольга', 'Сырвачева', '', '9087890517', '', 'СыОл', '81dc9bdb52d04dc20036dbd8313ed055', 5, '2018-04-24', 0, 0),
(109, 'Вадим', 'Ляпин', '', '9155688019мама', '', 'ЛяВа', '81dc9bdb52d04dc20036dbd8313ed055', 5, '2018-04-24', 1, 0),
(110, 'Дарья', 'Сидорова', '', '9511326444', '', 'СиДа', '81dc9bdb52d04dc20036dbd8313ed055', 5, '2018-04-24', 1, 0),
(111, 'Екатерина', 'Раушенбах', '', '', '', 'РаЕк', '81dc9bdb52d04dc20036dbd8313ed055', 5, '2018-04-24', 0, 0),
(112, 'Павел', 'Сайганов', '', '+79290028122, +79040859023', '', 'СП', 'd93591bdf7860e1e4ee2fca799911215', 4, '2018-04-24', 1, 0),
(113, 'Марина', 'Резникова', '', '9304000564', '', 'РеМа', '81dc9bdb52d04dc20036dbd8313ed055', 5, '2018-04-24', 0, 0),
(114, 'Егор', 'Попов', '', '9194307480, 9155783090', '', 'ПоЕг', '81dc9bdb52d04dc20036dbd8313ed055', 5, '2018-04-24', 1, 0),
(115, 'Римма', 'Ремизова', '', '9202068712', '', 'РеРи', '81dc9bdb52d04dc20036dbd8313ed055', 5, '2018-04-24', 1, 0),
(116, 'Маргарита', 'Ремизова', '', '9202044725', '', 'РемМа', '81dc9bdb52d04dc20036dbd8313ed055', 5, '2018-04-24', 1, 0),
(117, 'Игорь', 'Самойлов', '', '9038845902', '', 'СаИг', '81dc9bdb52d04dc20036dbd8313ed055', 5, '2018-04-24', 0, 0),
(118, 'Елена', 'Сидоренко', '', '9192870280', '', 'СиЕл', '81dc9bdb52d04dc20036dbd8313ed055', 5, '2018-04-24', 0, 0),
(119, 'Анастасия', 'Сидорова', '', '9155750240', '', 'СиАн', '81dc9bdb52d04dc20036dbd8313ed055', 5, '2018-04-24', 1, 0),
(120, 'Дмитрий', 'Сорокин', '', '9611728486', '', 'СоДм', '81dc9bdb52d04dc20036dbd8313ed055', 5, '2018-04-24', 1, 0),
(121, 'Ольга', 'Тодощук', '', '9205545813', '', 'ТоОл', '81dc9bdb52d04dc20036dbd8313ed055', 5, '2018-04-24', 1, 0),
(122, 'Егор', 'Тулинов', '', 'мама9065668548', '', 'ТуЕг', '81dc9bdb52d04dc20036dbd8313ed055', 5, '2018-04-24', 1, 0),
(123, 'Александр', 'Токач', '', 'мама9103221771, 9103641033', '', 'ТоАл', '81dc9bdb52d04dc20036dbd8313ed055', 5, '2018-04-24', 1, 0),
(124, 'Наталья', 'Цыбенко', '', '9102206629', '', 'ЦыНа', '81dc9bdb52d04dc20036dbd8313ed055', 5, '2018-04-24', 0, 0),
(125, 'Марина', 'Цыкал', '', '9277440137, 9205921682', '', 'ЦыМа', '81dc9bdb52d04dc20036dbd8313ed055', 5, '2018-04-24', 1, 0),
(126, 'Алина', 'Ширшова', '', '9645813172, 9045300028', '', 'ШиАл', '81dc9bdb52d04dc20036dbd8313ed055', 5, '2018-04-24', 1, 0),
(127, 'Вадим', 'Пелихов', '', '9205626488', '', 'ПеВа', '81dc9bdb52d04dc20036dbd8313ed055', 5, '2018-04-24', 1, 0),
(128, 'Михаил', 'Лагуткин', '', '9524398242', '', 'ЛаМи', '81dc9bdb52d04dc20036dbd8313ed055', 5, '2018-04-24', 0, 0),
(129, 'Валентин', 'Слюсарев', '', '9040909913', '', 'СлВа', '81dc9bdb52d04dc20036dbd8313ed055', 5, '2018-04-24', 1, 0),
(130, 'Аким', 'Дмитриев', '', '9511411474', '', 'ДмАк', '81dc9bdb52d04dc20036dbd8313ed055', 5, '2018-04-24', 1, 0),
(131, 'Валерий', 'Нерсисян', '', '9803738628', '', 'НеВа', '81dc9bdb52d04dc20036dbd8313ed055', 5, '2018-04-24', 0, 0),
(132, 'Григорий', 'Орлов', '', '9103609153', '', 'ОрГр', '81dc9bdb52d04dc20036dbd8313ed055', 5, '2018-04-24', 1, 0),
(133, 'Санчес', 'Матеус', '', '9205967925', '', 'МаСа', '81dc9bdb52d04dc20036dbd8313ed055', 5, '2018-04-24', 1, 0),
(134, 'Владислав', 'Литвинов', '', '9205559706, мама 9205843920', '', 'ЛиВл', '81dc9bdb52d04dc20036dbd8313ed055', 5, '2018-04-24', 0, 0),
(135, 'Илья', 'Наумов', '', '9202046538', '', 'НаИл', '81dc9bdb52d04dc20036dbd8313ed055', 5, '2018-04-24', 0, 0),
(136, 'Дарина', 'Леонова', '', '9202009909', '', 'ЛеДа', '81dc9bdb52d04dc20036dbd8313ed055', 5, '2018-04-24', 0, 0),
(137, 'Алиса', 'Кудрявцева', '', '9517600055', '', 'КуАл', '81dc9bdb52d04dc20036dbd8313ed055', 5, '2018-04-24', 1, 0),
(138, 'Александр', 'Кравченко', '', '9205556546', '', 'КрАл', '81dc9bdb52d04dc20036dbd8313ed055', 5, '2018-04-24', 0, 0),
(139, 'Кирилл', 'Гнаповский', '', '9103667703', '', 'ГнКи', '81dc9bdb52d04dc20036dbd8313ed055', 5, '2018-04-24', 1, 0),
(140, 'Дарья', 'Остапенко', '', '9202079686, мама 9524312072', '', 'ОсДа', '81dc9bdb52d04dc20036dbd8313ed055', 5, '2018-04-24', 0, 0),
(141, 'Василий', 'Девятов', '', '9102267886, 9205699500', '', 'ДеВа', '81dc9bdb52d04dc20036dbd8313ed055', 5, '2018-04-24', 1, 0),
(142, 'Ярослав', 'Истрашкин', '', '9517692499мама', '', 'ИсЯр', '81dc9bdb52d04dc20036dbd8313ed055', 5, '2018-04-24', 0, 0),
(143, 'Арсений', 'Коренев', '', 'водитель 9103206069', '', 'КоАр', '81dc9bdb52d04dc20036dbd8313ed055', 5, '2018-04-24', 0, 0),
(144, 'Дмитрий', 'Климов', '', '9511525097', '', 'КлДм', '81dc9bdb52d04dc20036dbd8313ed055', 5, '2018-04-24', 1, 0),
(145, 'Ульяна', 'Егорова', '', '9155716692', '', 'ЕгУл', '81dc9bdb52d04dc20036dbd8313ed055', 5, '2018-04-24', 0, 0),
(146, 'Дарья', 'Дадыка', '', 'вк', '', 'ДаДа', '81dc9bdb52d04dc20036dbd8313ed055', 5, '2018-04-24', 0, 0),
(147, 'Александр', 'Гамза', '', '9125544369', '', 'ГаАл', '81dc9bdb52d04dc20036dbd8313ed055', 5, '2018-04-24', 0, 0),
(148, 'Валерия', 'Гончарова', '', '9155254048', '', 'ГоВа', '743eb81dee5d44b69d11e9739ac78b27', 5, '2018-04-24', 1, 0),
(149, 'Павел', 'Шуленин', '', 'мама9205698623, 9205733776', '', 'ШуПа', '81dc9bdb52d04dc20036dbd8313ed055', 5, '2018-04-24', 1, 0),
(150, 'Валерий', 'Бескровный', '', '9524231323', '', 'БеВа', '81dc9bdb52d04dc20036dbd8313ed055', 5, '2018-04-24', 1, 0),
(151, 'Татьяна', 'Орлова', '', '9056704351', '', 'ОрТа', '81dc9bdb52d04dc20036dbd8313ed055', 5, '2018-04-24', 0, 0),
(152, 'Вера', 'Мартынюк', '', '9045303768папа 89040929827', '', 'МаВе', '81dc9bdb52d04dc20036dbd8313ed055', 5, '2018-04-24', 1, 0),
(153, 'Ирина', 'Овсиенко', '', '9517613513', '', 'ОвИр', '81dc9bdb52d04dc20036dbd8313ed055', 5, '2018-04-24', 0, 0),
(154, 'Дмитрий', 'Бутенко', '', '9205541023', '', 'БуДм', '81dc9bdb52d04dc20036dbd8313ed055', 5, '2018-04-24', 0, 0),
(155, 'Артём', 'Серёгин', '', '', '', 'СеАр', '81dc9bdb52d04dc20036dbd8313ed055', 5, '2018-04-24', 0, 0),
(156, 'Иван', 'Дементьев', '', '9205925424', '', 'ДеИв', '81dc9bdb52d04dc20036dbd8313ed055', 5, '2018-04-24', 0, 0),
(157, 'Вячеслав', 'Раков', '', '+79107366746', '', 'РаВя', '81dc9bdb52d04dc20036dbd8313ed055', 5, '2018-04-24', 1, 0),
(158, 'Михаил', 'Михайленко', '', '+79087801127', '', 'МиМи', '81dc9bdb52d04dc20036dbd8313ed055', 5, '2018-04-24', 1, 0),
(159, 'Светлана', 'Свидовская', '', '9511363580', '', 'СвСв', '81dc9bdb52d04dc20036dbd8313ed055', 5, '2018-04-24', 0, 0),
(160, 'Станислав', 'Звонов', '', '9803711540, 9066009119', '', 'ЗвСт', '81dc9bdb52d04dc20036dbd8313ed055', 5, '2018-04-24', 1, 0),
(161, 'Егор', 'Крючков', '', '9202056051', '', 'КрЕг', '81dc9bdb52d04dc20036dbd8313ed055', 5, '2018-04-24', 0, 0),
(162, 'Виталий', 'Макеев', '', '9065663579', '', 'МВ', 'd93591bdf7860e1e4ee2fca799911215', 4, '2018-04-24', 1, 0),
(163, 'Герман', 'Семёнов', '', '9102204713', '', 'СеГе', '81dc9bdb52d04dc20036dbd8313ed055', 5, '2018-04-24', 1, 0),
(164, 'Ирина', 'Бойченко', '', '9148554126', '', 'БоИр', '81dc9bdb52d04dc20036dbd8313ed055', 5, '2018-04-24', 0, 0),
(165, 'Андрей', 'Ракитин', '', '9205720150', '', 'РаАн', '81dc9bdb52d04dc20036dbd8313ed055', 5, '2018-04-24', 0, 0),
(166, 'Дмитрий', 'Лебеденко', '', '9066059995', '', 'ЛеДм', '81dc9bdb52d04dc20036dbd8313ed055', 5, '2018-04-24', 0, 0),
(167, 'Денис', 'Гнездилов', '', '9192243506', '', 'ГнДе', '81dc9bdb52d04dc20036dbd8313ed055', 5, '2018-04-24', 1, 0),
(168, 'София', 'Полтева', '', '', '', 'ПолСо', '81dc9bdb52d04dc20036dbd8313ed055', 5, '2018-04-24', 1, 0),
(169, 'Оксана', 'Полтева', '', '', '', 'ПолОк', '81dc9bdb52d04dc20036dbd8313ed055', 5, '2018-04-24', 1, 0),
(170, 'сультация', 'кон', '', '', '', 'консул', '9ab436ca9482f1cfcaee53cc1a6ab7c1', 5, '2018-04-24', 1, 0),
(171, 'Илья', 'Солдаткин ', '', '9803886673', '', 'СоИл', '81dc9bdb52d04dc20036dbd8313ed055', 5, '2018-04-24', 0, 0),
(172, 'Ярослав', 'Лебеденко', '', '9038860555', '', 'ЛеЯр', '81dc9bdb52d04dc20036dbd8313ed055', 5, '2018-04-24', 1, 0),
(173, 'Виктория', 'Будько', '', '9087828685', '', 'БуВи', '81dc9bdb52d04dc20036dbd8313ed055', 5, '2018-04-24', 1, 0),
(174, 'Игорь', 'Качук', '', '9030246755', '', 'КаИг', '81dc9bdb52d04dc20036dbd8313ed055', 5, '2018-04-24', 1, 0),
(175, 'Лусине', 'Шахвердян', '', '9102287787', '', 'ШаЛу', '81dc9bdb52d04dc20036dbd8313ed055', 5, '2018-04-24', 1, 0),
(176, 'Вадим', 'Юдин', '', '9103231177', '', 'ЮдВа', '81dc9bdb52d04dc20036dbd8313ed055', 5, '2018-04-24', 0, 0),
(177, 'Елена', 'Щетинина', '', '9036420233', '', 'ЩеЕл', '81dc9bdb52d04dc20036dbd8313ed055', 5, '2018-04-24', 0, 0),
(178, 'Подготовка', 'Само', '', '', '', 'Самопод', '81dc9bdb52d04dc20036dbd8313ed055', 5, '2018-04-24', 1, 0),
(179, 'Маргарита', 'Харисова', '', '89155799809', '', 'ХаМа', '81dc9bdb52d04dc20036dbd8313ed055', 5, '2018-04-24', 0, 0),
(180, 'Алексей', 'Лагутин ', '', '89192221177', '', 'ЛаАл', '81dc9bdb52d04dc20036dbd8313ed055', 5, '2018-04-24', 1, 0),
(181, 'Елизавета', 'Лагутина', '', '', '', 'ЛаЕл', '81dc9bdb52d04dc20036dbd8313ed055', 5, '2018-04-24', 1, 0),
(182, 'Тест', 'Тест', '', '', '', 'тест', '81dc9bdb52d04dc20036dbd8313ed055', 4, '2018-04-24', 1, 0),
(183, 'Андрей', 'Кисенко', '', '89606326740', '', 'КиАн', '81dc9bdb52d04dc20036dbd8313ed055', 5, '2018-04-24', 1, 0),
(184, 'Ярослав', 'Гринякин', '', '89805211205мама 89087845511', '', 'ГрЯр', '81dc9bdb52d04dc20036dbd8313ed055', 5, '2018-04-24', 1, 0),
(185, 'Максим', 'Москаленко', '', '8-951-766-02-77', '', 'МоМа', '81dc9bdb52d04dc20036dbd8313ed055', 5, '2018-04-24', 1, 0),
(186, 'Дмитрий', 'Чаблин', '', '', '', 'ЧаДм', '81dc9bdb52d04dc20036dbd8313ed055', 5, '2018-04-24', 0, 0),
(187, 'Максим', 'Перепелица', '', '9155600680', '', 'ПеМа', '81dc9bdb52d04dc20036dbd8313ed055', 5, '2018-04-24', 0, 0),
(188, 'Александр', 'Щипцов', '', '9202003900, папа9250429770', '', 'ЩиАл', '81dc9bdb52d04dc20036dbd8313ed055', 5, '2018-04-24', 1, 0),
(189, 'Подготовка', 'Само', '', '', '', 'Само', 'd41d8cd98f00b204e9800998ecf8427e', 4, '2018-04-24', 1, 0),
(190, 'Павел', 'Логвинов', '', '89192871619 мама', '', 'НоПа', '81dc9bdb52d04dc20036dbd8313ed055', 5, '2018-04-24', 1, 0),
(191, 'Анна', 'Зинькова', '', '9102251201', '', 'ЗиАн', '81dc9bdb52d04dc20036dbd8313ed055', 5, '2018-04-24', 1, 0),
(192, 'Марина', 'Субботина ', '', '89205536278', '', 'СуМа', '81dc9bdb52d04dc20036dbd8313ed055', 5, '2018-04-24', 1, 0),
(193, 'Виктория', 'Рвачева ', '', 'мама89194324808, папа9290000886, 9155742281', '', 'РвВи', '81dc9bdb52d04dc20036dbd8313ed055', 5, '2018-04-24', 1, 0),
(194, 'Евгений', 'Петровский ', '', '89517670658,89103244086 мама', '', 'ПеЕв', '81dc9bdb52d04dc20036dbd8313ed055', 5, '2018-04-24', 1, 0),
(195, 'Лариса', 'Зырянова', '', '89045349415', '', 'ЗыЛа', '81dc9bdb52d04dc20036dbd8313ed055', 5, '2018-04-24', 0, 0),
(196, 'Виктория', 'Бугаева', '', ' 89103275764', '', 'БугВи', '81dc9bdb52d04dc20036dbd8313ed055', 5, '2018-04-24', 1, 0),
(197, 'Владислав', 'Хрипунов', '', '89107451425', '', 'ХрВл', '81dc9bdb52d04dc20036dbd8313ed055', 5, '2018-04-24', 0, 0),
(198, 'Наталья', 'Глущенко ', '', '89507136447', '', 'ГлНа', '81dc9bdb52d04dc20036dbd8313ed055', 5, '2018-04-24', 1, 0),
(199, 'Артем', 'Ломакович', '', '89606254054мама', '', 'ЛоАр', '81dc9bdb52d04dc20036dbd8313ed055', 5, '2018-04-24', 1, 0),
(200, 'Даниил', 'Матвеенко ', '', '89611727212', '', 'МаДа', '81dc9bdb52d04dc20036dbd8313ed055', 5, '2018-04-24', 0, 0),
(201, 'Мария', 'Рамазанова', '', '89103698305', '', 'РаМа', '81dc9bdb52d04dc20036dbd8313ed055', 5, '2018-04-24', 0, 0),
(202, 'Владислав', 'Гобелко', '', '9511594339', '', 'ГоВл', '81dc9bdb52d04dc20036dbd8313ed055', 5, '2018-04-24', 0, 0),
(203, 'Никита', 'Рузакин', '', '9511596862', '', 'РуНи', '81dc9bdb52d04dc20036dbd8313ed055', 5, '2018-04-24', 0, 0),
(204, 'София', 'Степаненко', '', '9511581710мама, 9511582956бабушка', '', 'СтСо', '81dc9bdb52d04dc20036dbd8313ed055', 5, '2018-04-24', 1, 0),
(205, 'Юлия', 'Белкина', '', '9803740377', '', 'БеЮл', '81dc9bdb52d04dc20036dbd8313ed055', 5, '2018-04-24', 0, 0),
(206, 'Татьяна', 'Камнева', '', '9040918558', '', 'КаТа', '81dc9bdb52d04dc20036dbd8313ed055', 5, '2018-04-24', 1, 0),
(207, 'Степан', 'Лисуненко', '', '9066083197, 9092006939', '', 'ЛиСт', '81dc9bdb52d04dc20036dbd8313ed055', 5, '2018-04-24', 1, 0),
(208, 'Дарья', 'Курдюкова', '', '9103249006', '', 'КуДа', '81dc9bdb52d04dc20036dbd8313ed055', 5, '2018-04-24', 1, 0),
(209, 'Вероника', 'Варёшина', '', '89803756977', '', 'ВаВе', '81dc9bdb52d04dc20036dbd8313ed055', 5, '2018-04-24', 0, 0),
(210, 'Татьяна', 'Шмелева', '', '9103269964', '', 'ШмТа', '81dc9bdb52d04dc20036dbd8313ed055', 5, '2018-04-24', 0, 0),
(211, 'Алексей', 'Бочаров', '', '', '', 'БоАл', '81dc9bdb52d04dc20036dbd8313ed055', 5, '2018-04-24', 0, 0),
(212, 'Вадим', 'Тихонов', '', '89038845555', '', 'ТиВа', '81dc9bdb52d04dc20036dbd8313ed055', 5, '2018-04-24', 0, 0),
(213, 'Евгения', 'Тулупова', '', '89066084042мама,  89606368035', '', 'ТуЕв', '81dc9bdb52d04dc20036dbd8313ed055', 5, '2018-04-24', 1, 0),
(214, 'Артём', 'Филатов', '', '9092050324', '', 'ФиАр', '81dc9bdb52d04dc20036dbd8313ed055', 5, '2018-04-24', 1, 0),
(215, 'Ольга', 'Гоменнюк ', '', '89202066147', '', 'ГоОл', '81dc9bdb52d04dc20036dbd8313ed055', 5, '2018-04-24', 0, 0),
(216, 'Ангелина', 'Статинова', '', '9507179331', '', 'СтАн', '81dc9bdb52d04dc20036dbd8313ed055', 5, '2018-04-24', 0, 0),
(217, 'Галина', 'Салтыкова ', '', '89155255941', '', 'СаГа', '81dc9bdb52d04dc20036dbd8313ed055', 5, '2018-04-24', 1, 0),
(218, 'Павел', 'Харченко', '', '89192809111 89155255941', '', 'ХаПа', '81dc9bdb52d04dc20036dbd8313ed055', 5, '2018-04-24', 1, 0),
(219, 'Анастасия', 'Федорова ', '', '9065668812', '', 'ФеАн', '81dc9bdb52d04dc20036dbd8313ed055', 5, '2018-04-24', 0, 0),
(220, 'Валерия', 'Журакова', '', 'валерия9517665598, 9040985488, 9507129046', '', 'ЖуВа', '81dc9bdb52d04dc20036dbd8313ed055', 5, '2018-04-24', 1, 0),
(221, 'Виолетта', 'Шапошникова', '', '9103207761мама', '', 'ШаВи', '81dc9bdb52d04dc20036dbd8313ed055', 5, '2018-04-24', 1, 0),
(222, 'Александра', 'Мочалова', '', '', '', 'МоАл', '81dc9bdb52d04dc20036dbd8313ed055', 5, '2018-04-24', 1, 0),
(223, 'Владислава', 'Котельникова', '', '9066085215', '', 'КоВл', '81dc9bdb52d04dc20036dbd8313ed055', 5, '2018-04-24', 1, 0),
(224, 'Павел', 'Котельников', '', '9066085215', '', 'КоПа', '81dc9bdb52d04dc20036dbd8313ed055', 5, '2018-04-24', 1, 0),
(225, 'Виталий', 'Чепурных', '', '9040857580', '', 'ЧеВи', '81dc9bdb52d04dc20036dbd8313ed055', 5, '2018-04-24', 1, 0),
(226, 'Станислав', 'Лукаш', '', '89092029210', '', 'СтЛу', '81dc9bdb52d04dc20036dbd8313ed055', 5, '2018-04-24', 1, 0),
(227, 'Илья', 'Гудов', '', '9092018952', '', 'ГуИл', '81dc9bdb52d04dc20036dbd8313ed055', 5, '2018-04-24', 1, 0),
(228, 'Ирина', 'Витковская', '', '9155646210', '', 'ВиИр', '81dc9bdb52d04dc20036dbd8313ed055', 5, '2018-04-24', 1, 0),
(229, 'Карина', 'Власенко', '', '89194322588', '', 'ВлКа', '81dc9bdb52d04dc20036dbd8313ed055', 5, '2018-04-24', 0, 0),
(230, 'Николай', 'Бурлаков', '', '9205853425', '', 'БуНи', '81dc9bdb52d04dc20036dbd8313ed055', 5, '2018-04-24', 1, 0),
(231, 'Руслан', 'Исмаинов', '', '9103615681', '', 'ИсРу', '81dc9bdb52d04dc20036dbd8313ed055', 5, '2018-04-24', 0, 0),
(232, 'Эльвира', 'Алексеенко', '', '9205592799', '', 'АлЭл', '81dc9bdb52d04dc20036dbd8313ed055', 5, '2018-04-24', 1, 0),
(233, 'Никита', 'Калинский', '', '89103262850', '', 'КаНи', '81dc9bdb52d04dc20036dbd8313ed055', 5, '2018-04-24', 1, 0),
(234, 'Алина', 'Смирнова', '', '89803826884', '', 'СмАл', '81dc9bdb52d04dc20036dbd8313ed055', 5, '2018-04-24', 1, 0),
(235, 'Евгения', 'Шеховонова ', '', '89051733534', '', 'ШеЕв', '81dc9bdb52d04dc20036dbd8313ed055', 5, '2018-04-24', 0, 0),
(236, 'Галина', 'Синегубова ', 'Александровна', '89045305856', '', 'СиГа', '81dc9bdb52d04dc20036dbd8313ed055', 5, '2018-04-24', 1, 0),
(237, 'Марина', 'Овсянникова', '', '89192293607', '', 'ОвМа', '81dc9bdb52d04dc20036dbd8313ed055', 5, '2018-04-24', 1, 0),
(238, 'Анастасия', 'Присяжнюк', '', '89524319720', '', 'ПрАн', '81dc9bdb52d04dc20036dbd8313ed055', 5, '2018-04-24', 1, 0),
(239, 'Полина', 'Котова', '', 'мама9045300066, 9045307959', '', 'КотПо', '81dc9bdb52d04dc20036dbd8313ed055', 5, '2018-04-24', 1, 0),
(240, 'Тимофей', 'Воронцов', '', '9155627706', '', 'ВоТи', '81dc9bdb52d04dc20036dbd8313ed055', 5, '2018-04-24', 0, 0),
(241, 'Лилия', 'Сапельник', '', '89805263090', '', 'СаЛи', '81dc9bdb52d04dc20036dbd8313ed055', 5, '2018-04-24', 1, 0),
(242, 'Илья', 'Каленик', '', '89155799510', '', 'КаИл', '81dc9bdb52d04dc20036dbd8313ed055', 5, '2018-04-24', 1, 0),
(243, 'Виолетта', 'Яркова', '', '89087805623', '', 'ЯрВи', '81dc9bdb52d04dc20036dbd8313ed055', 5, '2018-04-24', 1, 0),
(244, 'Владимир', 'Дуюн', '', '9040882772', '', 'ДуВл', '81dc9bdb52d04dc20036dbd8313ed055', 5, '2018-04-24', 1, 0),
(245, 'Евгений', 'Лобанов', '', '9606300001', '', 'ЛоЕв', '81dc9bdb52d04dc20036dbd8313ed055', 5, '2018-04-24', 1, 0),
(246, 'Татьяна', 'Рябухина', '', '9103623751, папа9040962985', '', 'РяТа', '81dc9bdb52d04dc20036dbd8313ed055', 5, '2018-04-24', 0, 0),
(247, 'Анастасия', 'Петкевич', '', '9205968524', '', 'ПеАн', '81dc9bdb52d04dc20036dbd8313ed055', 5, '2018-04-24', 1, 0),
(248, 'Людмила', 'Романова', '', '9066068213', '', 'РоЛю', '81dc9bdb52d04dc20036dbd8313ed055', 5, '2018-04-24', 1, 0),
(249, 'Лариса', 'Малявина', '', '', '', 'МаЛа', '81dc9bdb52d04dc20036dbd8313ed055', 5, '2018-04-24', 1, 0),
(250, 'Виктория', 'Глебова', '', '89040890974', '', 'ГлВи', '81dc9bdb52d04dc20036dbd8313ed055', 5, '2018-04-24', 1, 0),
(251, 'Галина', 'Кривопускова', '', '89205715555', '', 'КрГа', '81dc9bdb52d04dc20036dbd8313ed055', 5, '2018-04-24', 0, 0),
(252, 'Иван', 'Козицкий', '', '9103690506мама, 9103690702', '', 'КоИв', '81dc9bdb52d04dc20036dbd8313ed055', 5, '2018-04-24', 1, 0),
(253, 'Ирина', 'Зеберт', '', '9107378048', '', 'ЗеИр', '81dc9bdb52d04dc20036dbd8313ed055', 5, '2018-04-24', 0, 0),
(254, 'Михаил', 'Гоков', '', '9511441299', '', 'ГоМи', '81dc9bdb52d04dc20036dbd8313ed055', 5, '2018-04-24', 1, 0),
(255, 'Людмила', 'Масалова', '', '9192882702', '', 'МаЛю', '81dc9bdb52d04dc20036dbd8313ed055', 5, '2018-04-24', 0, 0),
(256, 'Софья', 'Шашкина', '', '9103208181', '', 'ШаСо', '81dc9bdb52d04dc20036dbd8313ed055', 5, '2018-04-24', 1, 0),
(257, 'Иван', 'Фуглаев', '', '9155238777', '', 'ФуИв', '81dc9bdb52d04dc20036dbd8313ed055', 5, '2018-04-24', 1, 0),
(258, 'Алексей', 'Сагайдаков', '', '9290030432', '', 'СаАл', '81dc9bdb52d04dc20036dbd8313ed055', 5, '2018-04-24', 0, 0),
(259, 'Наталья', 'Туманова', '', '9511348922', '', 'ТуНа', '81dc9bdb52d04dc20036dbd8313ed055', 5, '2018-04-24', 0, 0),
(260, 'Елизавета', 'Пелихова', '', '89102276832мама 89805217963', '', 'ПеЕл', '81dc9bdb52d04dc20036dbd8313ed055', 5, '2018-04-24', 1, 0),
(261, 'Даниил', 'Селиванов', '', '890092069999', '', 'СеДа', '81dc9bdb52d04dc20036dbd8313ed055', 5, '2018-04-24', 0, 0),
(262, 'Дмитрий', 'Левицкий', '', '9192864956', '', 'ЛиДм', '81dc9bdb52d04dc20036dbd8313ed055', 5, '2018-04-24', 1, 0),
(263, 'Анастасия', 'Дурнева ', '', '89155657784, 9107450283- папа не вкурсе', '', 'ДуАн', '81dc9bdb52d04dc20036dbd8313ed055', 5, '2018-04-24', 1, 0),
(264, 'Игорь', 'Попов', '', '9102269781', '', 'ПоИг', '81dc9bdb52d04dc20036dbd8313ed055', 5, '2018-04-24', 1, 0),
(265, 'Илья', 'Слинко ', '', '9202002648', '', 'СлИл', '81dc9bdb52d04dc20036dbd8313ed055', 5, '2018-04-24', 1, 0),
(266, 'Дмитрий', 'Данко', '', '89155601367', '', 'ДаМа', '81dc9bdb52d04dc20036dbd8313ed055', 5, '2018-04-24', 1, 0),
(267, 'Ярослав', 'Сиухин', '', '89045318640', '', 'СиЯр', '81dc9bdb52d04dc20036dbd8313ed055', 5, '2018-04-24', 1, 0),
(268, 'Ксения', 'Доронина', '', '89680639616', '', 'ДоКс', '81dc9bdb52d04dc20036dbd8313ed055', 5, '2018-04-24', 1, 0),
(269, 'Ксения', 'Сальтевская', '', '89040949409', '', 'СаКс', '81dc9bdb52d04dc20036dbd8313ed055', 5, '2018-04-24', 0, 0),
(270, 'Андрей', 'Головин', '', '89511342322', '', 'ГоАн', '81dc9bdb52d04dc20036dbd8313ed055', 5, '2018-04-24', 1, 0),
(271, 'Богдан', 'Семенов', '', '9103267647', '', 'СеБо', '81dc9bdb52d04dc20036dbd8313ed055', 5, '2018-04-24', 1, 0),
(272, 'Владимир', 'Чеботарев ', '', '9517613394, 89511489928 мама', '', 'ЧеВл', '81dc9bdb52d04dc20036dbd8313ed055', 5, '2018-04-24', 0, 0),
(273, 'Инна', 'Гикалова', '', '9192838849 мама9517604641', '', 'ГиИн', '81dc9bdb52d04dc20036dbd8313ed055', 5, '2018-04-24', 1, 0),
(274, 'Ольга', 'Красенькова ', '', '89511484424', '', 'КрОл', '81dc9bdb52d04dc20036dbd8313ed055', 5, '2018-04-24', 0, 0),
(275, 'Елена', 'Герасимова ', '', '89087828317', '', 'ПрЕл', '81dc9bdb52d04dc20036dbd8313ed055', 5, '2018-04-24', 0, 0),
(276, 'Михаил', 'Макаренко ', '', '89155611592', '', 'МиМа', '81dc9bdb52d04dc20036dbd8313ed055', 5, '2018-04-24', 1, 0),
(277, 'Алевтина', 'Андреева', '', '89205513925', '', 'АлАн', '81dc9bdb52d04dc20036dbd8313ed055', 5, '2018-04-24', 1, 0),
(278, 'Анна', 'Мазикина', '', '89066050285 89524294634', '', 'МаАн', '81dc9bdb52d04dc20036dbd8313ed055', 5, '2018-04-24', 0, 0),
(279, 'Ольга', 'Кириченко', '', '89511339371', '', 'КиОл', '81dc9bdb52d04dc20036dbd8313ed055', 5, '2018-04-24', 1, 0),
(280, 'Ольга', 'Кузьминова', '', '9155286269', '', 'КуОл', '81dc9bdb52d04dc20036dbd8313ed055', 5, '2018-04-24', 1, 0),
(281, 'Татьяна', 'Долженко', '', '89524379867', '', 'ДоТа', '81dc9bdb52d04dc20036dbd8313ed055', 5, '2018-04-24', 1, 0),
(282, 'Андрэ', 'София ', '', '89092067755', '', 'СоАн', '81dc9bdb52d04dc20036dbd8313ed055', 5, '2018-04-24', 1, 0),
(283, 'Диана', 'Адиятулина ', '', '89205828904', '', 'АдДи', '81dc9bdb52d04dc20036dbd8313ed055', 5, '2018-04-24', 1, 0),
(284, 'Екатерина', 'Денисова', '', '89606299236', '', 'ДеЕк', '81dc9bdb52d04dc20036dbd8313ed055', 5, '2018-04-24', 1, 0),
(285, 'Виктор', 'Ерофеев', '', '89805288059', '', 'ЕрВи', '81dc9bdb52d04dc20036dbd8313ed055', 5, '2018-04-24', 0, 0),
(286, 'Никита ', 'Усачев', '', '89997002498', '', 'УсНи', '81dc9bdb52d04dc20036dbd8313ed055', 5, '2018-04-24', 1, 0),
(287, 'Екатерина', 'Кузнецова', '', '89803762501', '', 'КуЕк', '81dc9bdb52d04dc20036dbd8313ed055', 5, '2018-04-24', 1, 0),
(288, 'Валерий', 'Литвиненко ', '', '89056795800', '', 'ЛиВа', '81dc9bdb52d04dc20036dbd8313ed055', 5, '2018-04-24', 1, 0),
(289, 'Ярослава', 'Крысенко ', '', '89092068385', '', 'КрЯр', '81dc9bdb52d04dc20036dbd8313ed055', 5, '2018-04-24', 1, 0),
(290, 'Вячеслав', 'Флоринский ', '', '89103603958', '', 'флвя', '81dc9bdb52d04dc20036dbd8313ed055', 5, '2018-04-24', 1, 0),
(291, 'Анна', 'Красноперова', '', '89803728486', '', 'КрАн', '81dc9bdb52d04dc20036dbd8313ed055', 5, '2018-04-24', 1, 0),
(293, 'Наталья', 'Колесник', '', '89202054165', '', 'КоНа', '81dc9bdb52d04dc20036dbd8313ed055', 5, '2018-04-24', 1, 0),
(294, 'Сергей', 'Дробот', '', '+79511393505', '', 'ДрСе', '81dc9bdb52d04dc20036dbd8313ed055', 5, '2018-04-24', 1, 0),
(295, 'Виталия', 'Прилищ ', '', '', '', 'ПрВи', '81dc9bdb52d04dc20036dbd8313ed055', 5, '2018-04-24', 1, 0),
(296, 'Мария', 'Кириченко', '', '', '', 'КиМа', '81dc9bdb52d04dc20036dbd8313ed055', 5, '2018-04-24', 1, 0),
(297, 'Елена', 'Руднева', '', '89803787063', '', 'РуЕл', '81dc9bdb52d04dc20036dbd8313ed055', 5, '2018-04-24', 1, 0),
(298, 'Артем', 'Уваров ', '', '89102280212 89507196302 мама89511349074', '', 'УвАр', '81dc9bdb52d04dc20036dbd8313ed055', 5, '2018-04-24', 1, 0),
(299, 'Сергей', 'Толстой', '', '89606356824', '', 'ТоСе', '81dc9bdb52d04dc20036dbd8313ed055', 5, '2018-04-24', 1, 0),
(300, 'Максат', 'Тулекеев', '', '89065680443', '', 'ТуМа', '81dc9bdb52d04dc20036dbd8313ed055', 5, '2018-04-24', 1, 0),
(301, 'Менеджер', 'Менеджер', '', '5261256561256', '', 'manager', '4a7d1ed414474e4033ac29ccb8653d9b', 2, '2018-04-27', 1, 0);

-- --------------------------------------------------------

--
-- Структура таблицы `User_Group`
--

CREATE TABLE `User_Group` (
  `id` int(11) NOT NULL,
  `title` varchar(50) NOT NULL,
  `path` varchar(255) DEFAULT NULL,
  `children_name` varchar(255) DEFAULT NULL,
  `sorting` int(11) NOT NULL
) ENGINE=InnoDB DEFAULT CHARSET=utf8;

--
-- Дамп данных таблицы `User_Group`
--

INSERT INTO `User_Group` (`id`, `title`, `path`, `children_name`, `sorting`) VALUES
(1, 'Администраторы', 'admin', 'User', 0),
(2, 'Менеджеры', 'manager', 'User', 10),
(4, 'Учителя', 'teacher', 'User', 30),
(5, 'Клиенты', 'client', 'User', 40);

--
-- Индексы сохранённых таблиц
--

--
-- Индексы таблицы `Admin_Form`
--
ALTER TABLE `Admin_Form`
  ADD PRIMARY KEY (`id`);

--
-- Индексы таблицы `Admin_Form_Modelname`
--
ALTER TABLE `Admin_Form_Modelname`
  ADD PRIMARY KEY (`id`);

--
-- Индексы таблицы `Admin_Form_Type`
--
ALTER TABLE `Admin_Form_Type`
  ADD PRIMARY KEY (`id`);

--
-- Индексы таблицы `Admin_Menu`
--
ALTER TABLE `Admin_Menu`
  ADD PRIMARY KEY (`id`);

--
-- Индексы таблицы `Constant`
--
ALTER TABLE `Constant`
  ADD PRIMARY KEY (`id`);

--
-- Индексы таблицы `Constant_Dir`
--
ALTER TABLE `Constant_Dir`
  ADD PRIMARY KEY (`id`);

--
-- Индексы таблицы `Constant_Type`
--
ALTER TABLE `Constant_Type`
  ADD PRIMARY KEY (`id`);

--
-- Индексы таблицы `Lid`
--
ALTER TABLE `Lid`
  ADD PRIMARY KEY (`id`);

--
-- Индексы таблицы `Lid_Comment`
--
ALTER TABLE `Lid_Comment`
  ADD PRIMARY KEY (`id`);

--
-- Индексы таблицы `Page_Menu`
--
ALTER TABLE `Page_Menu`
  ADD PRIMARY KEY (`id`);

--
-- Индексы таблицы `Page_Template`
--
ALTER TABLE `Page_Template`
  ADD PRIMARY KEY (`id`);

--
-- Индексы таблицы `Page_Template_Dir`
--
ALTER TABLE `Page_Template_Dir`
  ADD PRIMARY KEY (`id`);

--
-- Индексы таблицы `Payment`
--
ALTER TABLE `Payment`
  ADD PRIMARY KEY (`id`);

--
-- Индексы таблицы `Payment_Tarif`
--
ALTER TABLE `Payment_Tarif`
  ADD PRIMARY KEY (`id`);

--
-- Индексы таблицы `Property`
--
ALTER TABLE `Property`
  ADD PRIMARY KEY (`id`);

--
-- Индексы таблицы `Property_Bool`
--
ALTER TABLE `Property_Bool`
  ADD PRIMARY KEY (`id`);

--
-- Индексы таблицы `Property_Bool_Assigment`
--
ALTER TABLE `Property_Bool_Assigment`
  ADD PRIMARY KEY (`id`);

--
-- Индексы таблицы `Property_Dir`
--
ALTER TABLE `Property_Dir`
  ADD PRIMARY KEY (`id`);

--
-- Индексы таблицы `Property_Int`
--
ALTER TABLE `Property_Int`
  ADD PRIMARY KEY (`id`);

--
-- Индексы таблицы `Property_Int_Assigment`
--
ALTER TABLE `Property_Int_Assigment`
  ADD PRIMARY KEY (`id`);

--
-- Индексы таблицы `Property_List`
--
ALTER TABLE `Property_List`
  ADD PRIMARY KEY (`id`);

--
-- Индексы таблицы `Property_List_Assigment`
--
ALTER TABLE `Property_List_Assigment`
  ADD PRIMARY KEY (`id`);

--
-- Индексы таблицы `Property_List_Values`
--
ALTER TABLE `Property_List_Values`
  ADD PRIMARY KEY (`id`);

--
-- Индексы таблицы `Property_String`
--
ALTER TABLE `Property_String`
  ADD PRIMARY KEY (`id`);

--
-- Индексы таблицы `Property_String_Assigment`
--
ALTER TABLE `Property_String_Assigment`
  ADD PRIMARY KEY (`id`);

--
-- Индексы таблицы `Property_Text`
--
ALTER TABLE `Property_Text`
  ADD PRIMARY KEY (`id`);

--
-- Индексы таблицы `Property_Text_Assigment`
--
ALTER TABLE `Property_Text_Assigment`
  ADD PRIMARY KEY (`id`);

--
-- Индексы таблицы `Schedule_Group`
--
ALTER TABLE `Schedule_Group`
  ADD PRIMARY KEY (`id`);

--
-- Индексы таблицы `Schedule_Group_Assignment`
--
ALTER TABLE `Schedule_Group_Assignment`
  ADD PRIMARY KEY (`id`);

--
-- Индексы таблицы `Structure`
--
ALTER TABLE `Structure`
  ADD PRIMARY KEY (`id`);

--
-- Индексы таблицы `Structure_Item`
--
ALTER TABLE `Structure_Item`
  ADD PRIMARY KEY (`id`);

--
-- Индексы таблицы `User`
--
ALTER TABLE `User`
  ADD PRIMARY KEY (`id`);

--
-- Индексы таблицы `User_Group`
--
ALTER TABLE `User_Group`
  ADD PRIMARY KEY (`id`);

--
-- AUTO_INCREMENT для сохранённых таблиц
--

--
-- AUTO_INCREMENT для таблицы `Admin_Form`
--
ALTER TABLE `Admin_Form`
  MODIFY `id` int(11) NOT NULL AUTO_INCREMENT, AUTO_INCREMENT=110;

--
-- AUTO_INCREMENT для таблицы `Admin_Form_Modelname`
--
ALTER TABLE `Admin_Form_Modelname`
  MODIFY `id` int(11) NOT NULL AUTO_INCREMENT, AUTO_INCREMENT=24;

--
-- AUTO_INCREMENT для таблицы `Admin_Form_Type`
--
ALTER TABLE `Admin_Form_Type`
  MODIFY `id` int(11) NOT NULL AUTO_INCREMENT, AUTO_INCREMENT=9;

--
-- AUTO_INCREMENT для таблицы `Admin_Menu`
--
ALTER TABLE `Admin_Menu`
  MODIFY `id` int(11) NOT NULL AUTO_INCREMENT, AUTO_INCREMENT=21;

--
-- AUTO_INCREMENT для таблицы `Constant`
--
ALTER TABLE `Constant`
  MODIFY `id` int(11) NOT NULL AUTO_INCREMENT, AUTO_INCREMENT=7;

--
-- AUTO_INCREMENT для таблицы `Constant_Dir`
--
ALTER TABLE `Constant_Dir`
  MODIFY `id` int(11) NOT NULL AUTO_INCREMENT, AUTO_INCREMENT=5;

--
-- AUTO_INCREMENT для таблицы `Constant_Type`
--
ALTER TABLE `Constant_Type`
  MODIFY `id` int(11) NOT NULL AUTO_INCREMENT, AUTO_INCREMENT=4;

--
-- AUTO_INCREMENT для таблицы `Lid`
--
ALTER TABLE `Lid`
  MODIFY `id` int(11) NOT NULL AUTO_INCREMENT, AUTO_INCREMENT=68;

--
-- AUTO_INCREMENT для таблицы `Lid_Comment`
--
ALTER TABLE `Lid_Comment`
  MODIFY `id` int(11) NOT NULL AUTO_INCREMENT, AUTO_INCREMENT=55;

--
-- AUTO_INCREMENT для таблицы `Page_Menu`
--
ALTER TABLE `Page_Menu`
  MODIFY `id` int(11) NOT NULL AUTO_INCREMENT, AUTO_INCREMENT=2;

--
-- AUTO_INCREMENT для таблицы `Page_Template`
--
ALTER TABLE `Page_Template`
  MODIFY `id` int(11) NOT NULL AUTO_INCREMENT, AUTO_INCREMENT=6;

--
-- AUTO_INCREMENT для таблицы `Page_Template_Dir`
--
ALTER TABLE `Page_Template_Dir`
  MODIFY `id` int(11) NOT NULL AUTO_INCREMENT, AUTO_INCREMENT=2;

--
-- AUTO_INCREMENT для таблицы `Payment`
--
ALTER TABLE `Payment`
  MODIFY `id` int(11) NOT NULL AUTO_INCREMENT, AUTO_INCREMENT=4674;

--
-- AUTO_INCREMENT для таблицы `Payment_Tarif`
--
ALTER TABLE `Payment_Tarif`
  MODIFY `id` int(11) NOT NULL AUTO_INCREMENT, AUTO_INCREMENT=39;

--
-- AUTO_INCREMENT для таблицы `Property`
--
ALTER TABLE `Property`
  MODIFY `id` int(11) NOT NULL AUTO_INCREMENT, AUTO_INCREMENT=28;

--
-- AUTO_INCREMENT для таблицы `Property_Bool`
--
ALTER TABLE `Property_Bool`
  MODIFY `id` int(11) NOT NULL AUTO_INCREMENT, AUTO_INCREMENT=634;

--
-- AUTO_INCREMENT для таблицы `Property_Bool_Assigment`
--
ALTER TABLE `Property_Bool_Assigment`
  MODIFY `id` int(11) NOT NULL AUTO_INCREMENT, AUTO_INCREMENT=633;

--
-- AUTO_INCREMENT для таблицы `Property_Dir`
--
ALTER TABLE `Property_Dir`
  MODIFY `id` int(11) NOT NULL AUTO_INCREMENT, AUTO_INCREMENT=7;

--
-- AUTO_INCREMENT для таблицы `Property_Int`
--
ALTER TABLE `Property_Int`
  MODIFY `id` int(11) NOT NULL AUTO_INCREMENT, AUTO_INCREMENT=14010;

--
-- AUTO_INCREMENT для таблицы `Property_Int_Assigment`
--
ALTER TABLE `Property_Int_Assigment`
  MODIFY `id` int(11) NOT NULL AUTO_INCREMENT, AUTO_INCREMENT=13978;

--
-- AUTO_INCREMENT для таблицы `Property_List`
--
ALTER TABLE `Property_List`
  MODIFY `id` int(11) NOT NULL AUTO_INCREMENT, AUTO_INCREMENT=626;

--
-- AUTO_INCREMENT для таблицы `Property_List_Assigment`
--
ALTER TABLE `Property_List_Assigment`
  MODIFY `id` int(11) NOT NULL AUTO_INCREMENT, AUTO_INCREMENT=383;

--
-- AUTO_INCREMENT для таблицы `Property_List_Values`
--
ALTER TABLE `Property_List_Values`
  MODIFY `id` int(11) NOT NULL AUTO_INCREMENT, AUTO_INCREMENT=84;

--
-- AUTO_INCREMENT для таблицы `Property_String`
--
ALTER TABLE `Property_String`
  MODIFY `id` int(11) NOT NULL AUTO_INCREMENT, AUTO_INCREMENT=3756;

--
-- AUTO_INCREMENT для таблицы `Property_String_Assigment`
--
ALTER TABLE `Property_String_Assigment`
  MODIFY `id` int(11) NOT NULL AUTO_INCREMENT, AUTO_INCREMENT=3600;

--
-- AUTO_INCREMENT для таблицы `Property_Text`
--
ALTER TABLE `Property_Text`
  MODIFY `id` int(11) NOT NULL AUTO_INCREMENT, AUTO_INCREMENT=999;

--
-- AUTO_INCREMENT для таблицы `Property_Text_Assigment`
--
ALTER TABLE `Property_Text_Assigment`
  MODIFY `id` int(11) NOT NULL AUTO_INCREMENT, AUTO_INCREMENT=1003;

--
-- AUTO_INCREMENT для таблицы `Schedule_Group`
--
ALTER TABLE `Schedule_Group`
  MODIFY `id` int(11) NOT NULL AUTO_INCREMENT, AUTO_INCREMENT=16;

--
-- AUTO_INCREMENT для таблицы `Schedule_Group_Assignment`
--
ALTER TABLE `Schedule_Group_Assignment`
  MODIFY `id` int(11) NOT NULL AUTO_INCREMENT, AUTO_INCREMENT=54;

--
-- AUTO_INCREMENT для таблицы `Structure`
--
ALTER TABLE `Structure`
  MODIFY `id` int(11) NOT NULL AUTO_INCREMENT, AUTO_INCREMENT=30;

--
-- AUTO_INCREMENT для таблицы `Structure_Item`
--
ALTER TABLE `Structure_Item`
  MODIFY `id` int(11) NOT NULL AUTO_INCREMENT, AUTO_INCREMENT=8;

--
-- AUTO_INCREMENT для таблицы `User`
--
ALTER TABLE `User`
  MODIFY `id` int(11) NOT NULL AUTO_INCREMENT, AUTO_INCREMENT=302;

--
-- AUTO_INCREMENT для таблицы `User_Group`
--
ALTER TABLE `User_Group`
  MODIFY `id` int(11) NOT NULL AUTO_INCREMENT, AUTO_INCREMENT=6;
COMMIT;

/*!40101 SET CHARACTER_SET_CLIENT=@OLD_CHARACTER_SET_CLIENT */;
/*!40101 SET CHARACTER_SET_RESULTS=@OLD_CHARACTER_SET_RESULTS */;
/*!40101 SET COLLATION_CONNECTION=@OLD_COLLATION_CONNECTION */;
