-- phpMyAdmin SQL Dump
-- version 4.8.0.1
-- https://www.phpmyadmin.net/
--
-- Хост: localhost
-- Время создания: Апр 22 2018 г., 01:05
-- Версия сервера: 5.5.53
-- Версия PHP: 7.0.14

SET SQL_MODE = "NO_AUTO_VALUE_ON_ZERO";
SET AUTOCOMMIT = 0;
START TRANSACTION;
SET time_zone = "+00:00";


/*!40101 SET @OLD_CHARACTER_SET_CLIENT=@@CHARACTER_SET_CLIENT */;
/*!40101 SET @OLD_CHARACTER_SET_RESULTS=@@CHARACTER_SET_RESULTS */;
/*!40101 SET @OLD_COLLATION_CONNECTION=@@COLLATION_CONNECTION */;
/*!40101 SET NAMES utf8mb4 */;

--
-- База данных: `core`
--

-- --------------------------------------------------------

--
-- Структура таблицы `Admin_Form`
--

CREATE TABLE `Admin_Form` (
  `id` int(11) NOT NULL,
  `model_id` int(11) NOT NULL,
  `title` varchar(150) NOT NULL DEFAULT '',
  `var_name` varchar(50) NOT NULL DEFAULT '',
  `maxlength` int(11) DEFAULT NULL,
  `type_id` int(11) NOT NULL DEFAULT '0',
  `active` int(11) NOT NULL DEFAULT '1',
  `required` int(11) NOT NULL DEFAULT '0',
  `sorting` int(11) NOT NULL DEFAULT '0',
  `list_name` varchar(50) DEFAULT NULL,
  `value` text
) ENGINE=InnoDB DEFAULT CHARSET=utf8;

--
-- Дамп данных таблицы `Admin_Form`
--

INSERT INTO `Admin_Form` (`id`, `model_id`, `title`, `var_name`, `maxlength`, `type_id`, `active`, `required`, `sorting`, `list_name`, `value`) VALUES
(1, 1, 'Заголовок', 'title', 150, 2, 1, 1, 1, '', ''),
(2, 1, 'Путь', 'path', 100, 2, 1, 0, 2, '', ''),
(3, 1, 'Активость', 'active', 0, 3, 1, 0, 3, '', ''),
(4, 1, 'Файл обработчик', 'action', 100, 2, 1, 1, 4, '', ''),
(5, 1, 'Родительский раздел', 'parentId', 0, 4, 1, 0, 5, 'Structures', ''),
(6, 1, 'Макет', 'template_id', 0, 4, 1, 1, 6, 'Templates', ''),
(7, 1, 'Описание', 'description', 2000, 5, 1, 0, 7, '', ''),
(8, 2, 'Название', 'title', 150, 2, 1, 1, 1, '', ''),
(9, 2, 'Путь', 'path', 50, 2, 1, 0, 2, '', ''),
(10, 1, 'Сортировка', 'sorting', 0, 1, 1, 0, 8, '', '0'),
(12, 2, 'Сортировка', 'sorting', 0, 1, 1, 0, 4, '', '0'),
(13, 2, 'Активность', 'active', 0, 3, 1, 0, 3, '', ''),
(14, 2, 'Родительский раздел', 'parentId', 0, 4, 1, 0, 3, 'Structures', ''),
(15, 3, 'Заголовок', 'title', 150, 2, 1, 1, 1, '', ''),
(16, 3, 'Название константы (в верхнем регистре)', 'name', 150, 2, 1, 1, 2, '', ''),
(17, 3, 'Описание', 'description', 2000, 5, 1, 0, 3, '', ''),
(19, 3, 'Значение', 'value', 2000, 5, 1, 1, 4, '', ''),
(20, 3, 'Тип значения', 'valueType', 0, 4, 1, 0, 5, 'ConstantTypes', ''),
(21, 3, 'Активность', 'active', 0, 3, 1, 0, 3, '', ''),
(22, 3, 'Родительская директория', 'dir', 0, 4, 1, 0, 4, 'ConstantDirsForC', ''),
(23, 4, 'Заголовок', 'title', 150, 2, 1, 1, 1, '', ''),
(24, 4, 'Описание', 'description', 2000, 5, 1, 0, 2, '', ''),
(25, 4, 'Родительский раздел', 'parentId', 0, 4, 1, 0, 3, 'ConstantDirsForD', ''),
(26, 4, 'Сортировка', 'sorting', 0, 1, 1, 0, 4, '', '0'),
(27, 6, 'Название группы', 'title', 50, 2, 1, 1, 0, '', ''),
(28, 6, 'Сортировка', 'sorting', 0, 1, 1, 0, 0, '', '0'),
(29, 5, 'Имя', 'name', 50, 2, 1, 1, 0, '', ''),
(30, 5, 'Фамилия', 'surname', 50, 2, 1, 1, 10, '', ''),
(31, 5, 'Отчество', 'patronimyc', 50, 2, 1, 0, 20, '', ''),
(32, 5, 'Номер телефона', 'phoneNumber', 100, 2, 1, 0, 30, '', ''),
(33, 5, 'Логин', 'login', 50, 2, 1, 1, 40, '', ''),
(34, 5, 'Пароль', 'pass1', 50, 6, 1, 0, 50, '', ''),
(35, 5, 'Повторите пароль', 'pass2', 50, 6, 1, 0, 60, '', ''),
(36, 7, 'Название модели', 'model_name', 255, 2, 1, 1, 20, '', ''),
(37, 7, 'Заголовок', 'model_title', 150, 2, 1, 1, 10, '', ''),
(38, 7, 'Сортировка', 'model_sorting', 0, 1, 1, 0, 30, '', ''),
(39, 10, 'Заголовок', 'title', 150, 2, 1, 1, 10, '', ''),
(40, 10, 'Название переменной (сеттера)', 'varName', 50, 2, 1, 1, 20, '', ''),
(41, 10, 'Родительская модель', 'model_id', 0, 4, 1, 0, 30, 'AdminFormModelnames', ''),
(42, 10, 'Максимальная длинна поля', 'maxlength', 0, 1, 1, 0, 40, '', '0'),
(43, 10, 'Тип поля', 'type_id', 0, 4, 1, 0, 50, 'AdminFormTypes', ''),
(44, 10, 'Активность', 'active', 0, 3, 1, 0, 60, '', '1'),
(45, 10, 'Сортировка', 'sorting', 0, 1, 1, 0, 70, '', '0'),
(46, 10, 'Название списка', 'listName', 50, 2, 1, 0, 80, '', ''),
(47, 10, 'Значение', 'value', 2000, 5, 1, 0, 90, '', ''),
(49, 10, 'Обязательное поле', 'required', 0, 3, 1, 0, 100, '', ''),
(50, 12, 'Название', 'title', 150, 2, 1, 1, 10, '', ''),
(51, 12, 'Название тэга', 'tag_name', 50, 2, 1, 0, 20, '', ''),
(52, 12, 'Активность', 'active', 0, 3, 1, 0, 30, '', ''),
(53, 12, 'Тип', 'type', 0, 4, 1, 1, 40, 'PropertyTypes', ''),
(54, 12, 'Описание', 'description', 5000, 5, 1, 0, 50, '', ''),
(55, 12, 'Родительская дирректория', 'dir', 0, 4, 1, 0, 60, 'PropertyDirs', ''),
(56, 12, 'Сортировка', 'sorting', 0, 1, 1, 0, 70, '', '0'),
(57, 6, 'Путь', 'path', 255, 2, 1, 1, 30, '', ''),
(58, 6, 'Дочерние объекты', 'children_name', 255, 2, 1, 0, 40, '', 'User'),
(59, 1, 'Дочерние объекты', 'children_name', 255, 2, 1, 0, 7, '', 'Structure_Item'),
(61, 5, 'Группа', 'groupId', 0, 4, 1, 0, 32, 'UserGroups', ''),
(63, 5, 'Активность', 'active', 0, 3, 1, 0, 31, '', '1'),
(64, 1, 'Меню', 'menuId', 0, 4, 1, 0, 4, 'Menu', ''),
(65, 14, 'id свойства', 'property_id', 0, 4, 1, 0, 0, 'Properties', ''),
(66, 14, 'Значение', 'value', 100, 5, 1, 1, 0, '', ''),
(67, 14, 'Сортировка', 'sorting', 0, 1, 1, 0, 0, '', '0'),
(68, 12, 'Множественное свойство', 'multiple', 0, 3, 1, 0, 42, '', ''),
(69, 12, 'Значение по умолчанию', 'defaultValue', 5000, 5, 1, 0, 43, '', ''),
(70, 15, 'Заголовок', 'title', 255, 2, 1, 1, 10, '', ''),
(71, 15, 'Название модели (класса обработчика)', 'model', 255, 2, 1, 1, 20, '', ''),
(72, 15, 'Родительский пункт', 'parent_id', 0, 4, 1, 0, 30, 'AdminMenuParent', ''),
(73, 15, 'Активность', 'active', 0, 3, 1, 0, 40, '', '1'),
(74, 15, 'Сортировка', 'sorting', 0, 1, 1, 0, 50, '', '0'),
(75, 16, 'Название', 'title', 255, 2, 1, 1, 10, '', ''),
(76, 16, 'Родительская директория', 'dir', 0, 4, 1, 0, 20, 'PageTemplateDir', ''),
(77, 16, 'Родительский макет', 'parent_id', 0, 4, 1, 0, 30, 'PageTemplate', ''),
(78, 17, 'Заголовок', 'title', 255, 2, 1, 1, 10, '', ''),
(79, 17, 'Родительская директория', 'dir', 0, 4, 1, 0, 20, 'PageTemplateDir', ''),
(80, 17, 'Описание', 'description', 5000, 5, 1, 0, 30, '', '');

-- --------------------------------------------------------

--
-- Структура таблицы `Admin_Form_Modelname`
--

CREATE TABLE `Admin_Form_Modelname` (
  `id` int(11) NOT NULL,
  `model_name` varchar(150) NOT NULL,
  `model_title` varchar(255) NOT NULL,
  `model_sorting` int(11) NOT NULL,
  `indexing` int(11) NOT NULL DEFAULT '1'
) ENGINE=InnoDB DEFAULT CHARSET=utf8;

--
-- Дамп данных таблицы `Admin_Form_Modelname`
--

INSERT INTO `Admin_Form_Modelname` (`id`, `model_name`, `model_title`, `model_sorting`, `indexing`) VALUES
(1, 'Structure', 'Структуры', 10, 1),
(2, 'Structure_Item', 'Элементы структур', 20, 1),
(3, 'Constant', 'Константы', 30, 1),
(4, 'Constant_Dir', 'Дирректории констант', 40, 1),
(5, 'User', 'Пользователи', 50, 1),
(6, 'User_Group', 'Группы пользователей', 60, 1),
(7, 'Admin_Form_Modelname', '', 0, 0),
(10, 'Admin_Form', '', 0, 0),
(12, 'Property', 'Дополнительные свойства', 70, 1),
(13, 'Property_Dir', 'Директории доп. свойств', 80, 1),
(14, 'Property_List_Values', 'Списки доп. свойств', 90, 1),
(15, 'Admin_Menu', 'Админ. меню', 100, 1),
(16, 'Page_Template', 'Макет', 22, 1),
(17, 'Page_Template_Dir', 'Директория макетов', 23, 1);

-- --------------------------------------------------------

--
-- Структура таблицы `Admin_Form_Type`
--

CREATE TABLE `Admin_Form_Type` (
  `id` int(11) NOT NULL,
  `title` varchar(50) NOT NULL,
  `input_type` varchar(50) NOT NULL
) ENGINE=InnoDB DEFAULT CHARSET=utf8;

--
-- Дамп данных таблицы `Admin_Form_Type`
--

INSERT INTO `Admin_Form_Type` (`id`, `title`, `input_type`) VALUES
(1, 'Число', 'number'),
(2, 'Строка', 'text'),
(3, 'Флажок', 'checkbox'),
(4, 'Список', ''),
(5, 'Текст', ''),
(6, 'Пароль', 'password');

-- --------------------------------------------------------

--
-- Структура таблицы `Admin_Menu`
--

CREATE TABLE `Admin_Menu` (
  `id` int(11) NOT NULL,
  `title` varchar(255) NOT NULL,
  `model` varchar(255) NOT NULL,
  `parent_id` int(11) NOT NULL DEFAULT '0',
  `active` int(11) NOT NULL DEFAULT '1',
  `sorting` int(11) NOT NULL DEFAULT '0'
) ENGINE=InnoDB DEFAULT CHARSET=utf8;

--
-- Дамп данных таблицы `Admin_Menu`
--

INSERT INTO `Admin_Menu` (`id`, `title`, `model`, `parent_id`, `active`, `sorting`) VALUES
(2, 'Структуры', 'Structure', 7, 1, 10),
(3, 'Пользователи', 'User', 7, 1, 40),
(4, 'Константы', 'Constant', 7, 1, 30),
(5, 'Формы редактирования', 'Form', 7, 1, 50),
(6, 'Макеты', 'Template', 7, 1, 20),
(7, 'Система', 'Main', 0, 1, 10),
(8, 'Musicmethod', 'Musicmethod', 0, 1, 10),
(9, 'Платежи', 'Payment', 8, 1, 10),
(11, 'Лиды', 'Lid', 8, 1, 30),
(12, 'Сертификаты', 'Sertificates', 8, 1, 40),
(13, 'Дополнительные свойства', 'Property', 7, 1, 45),
(14, 'Списки', 'List', 7, 1, 42),
(15, 'Задачи', 'Task', 8, 1, 20),
(16, 'Журнал изменений', 'Log', 8, 1, 50),
(17, 'Пункты админ. меню', 'Menu', 7, 1, 60),
(18, 'Статистика', 'Statistic', 8, 1, 5);

-- --------------------------------------------------------

--
-- Структура таблицы `Constant`
--

CREATE TABLE `Constant` (
  `id` int(11) NOT NULL,
  `title` varchar(150) NOT NULL,
  `name` varchar(150) NOT NULL,
  `description` text NOT NULL,
  `value` varchar(150) NOT NULL,
  `value_type` int(11) NOT NULL,
  `dir` int(11) NOT NULL DEFAULT '0',
  `active` int(11) NOT NULL DEFAULT '0',
  `sorting` int(11) NOT NULL DEFAULT '0'
) ENGINE=InnoDB DEFAULT CHARSET=utf8;

--
-- Дамп данных таблицы `Constant`
--

INSERT INTO `Constant` (`id`, `title`, `name`, `description`, `value`, `value_type`, `dir`, `active`, `sorting`) VALUES
(4, 'Пагинация в админ. разделе', 'SHOW_LIMIT', 'Лимит показов количества структур и объектов структур', '10', 1, 1, 1, 0),
(5, 'kjn', 'knmlkm', '', '2', 1, 4, 1, 0),
(6, 'Время запоминания пользователя', 'REMEMBER_USER_TIME', 'Значение константы указывает количество дней, на которое будет \"запомнен\" пользователь при авторизации. При отсутствии данной константы или её значения будет использовано время по умолчанию (10 дней).', '10', 1, 1, 1, 0);

-- --------------------------------------------------------

--
-- Структура таблицы `Constant_Dir`
--

CREATE TABLE `Constant_Dir` (
  `id` int(11) NOT NULL,
  `title` varchar(150) NOT NULL,
  `description` text,
  `parent_id` int(11) NOT NULL DEFAULT '0',
  `sorting` int(11) NOT NULL DEFAULT '0'
) ENGINE=InnoDB DEFAULT CHARSET=utf8;

--
-- Дамп данных таблицы `Constant_Dir`
--

INSERT INTO `Constant_Dir` (`id`, `title`, `description`, `parent_id`, `sorting`) VALUES
(1, 'Системные константы', 'Константы содержащие основные настройки системы', 0, 0),
(2, 'Тестовый раздел констант', 'Описание тестового раздела констант', 0, 0),
(3, 'Вложенность второго уровня', '123', 2, 0),
(4, 'Вложенность третьего уровня', '123', 3, 0);

-- --------------------------------------------------------

--
-- Структура таблицы `Constant_Type`
--

CREATE TABLE `Constant_Type` (
  `id` int(11) NOT NULL,
  `title` varchar(20) NOT NULL
) ENGINE=InnoDB DEFAULT CHARSET=utf8;

--
-- Дамп данных таблицы `Constant_Type`
--

INSERT INTO `Constant_Type` (`id`, `title`) VALUES
(1, 'int'),
(2, 'float'),
(3, 'bool');

-- --------------------------------------------------------

--
-- Структура таблицы `Page_Menu`
--

CREATE TABLE `Page_Menu` (
  `id` int(11) NOT NULL,
  `title` varchar(255) NOT NULL
) ENGINE=InnoDB DEFAULT CHARSET=utf8;

--
-- Дамп данных таблицы `Page_Menu`
--

INSERT INTO `Page_Menu` (`id`, `title`) VALUES
(1, 'Главное меню Musicmethod');

-- --------------------------------------------------------

--
-- Структура таблицы `Page_Template`
--

CREATE TABLE `Page_Template` (
  `id` int(11) NOT NULL,
  `title` varchar(255) NOT NULL,
  `parent_id` int(11) NOT NULL DEFAULT '0',
  `dir` int(11) NOT NULL DEFAULT '0'
) ENGINE=InnoDB DEFAULT CHARSET=utf8;

--
-- Дамп данных таблицы `Page_Template`
--

INSERT INTO `Page_Template` (`id`, `title`, `parent_id`, `dir`) VALUES
(1, 'Авторизация ', 0, 1),
(3, 'Административный раздел', 0, 0),
(4, 'Главный макет musadm', 0, 1),
(5, 'Пустой макет', 0, 0);

-- --------------------------------------------------------

--
-- Структура таблицы `Page_Template_Dir`
--

CREATE TABLE `Page_Template_Dir` (
  `id` int(11) NOT NULL,
  `title` varchar(255) NOT NULL,
  `description` text NOT NULL,
  `dir` int(11) NOT NULL DEFAULT '0'
) ENGINE=InnoDB DEFAULT CHARSET=utf8;

--
-- Дамп данных таблицы `Page_Template_Dir`
--

INSERT INTO `Page_Template_Dir` (`id`, `title`, `description`, `dir`) VALUES
(1, 'Musicmethod', '', 0);

-- --------------------------------------------------------

--
-- Структура таблицы `Payment`
--

CREATE TABLE `Payment` (
  `id` int(11) NOT NULL,
  `user` int(11) NOT NULL,
  `type` int(11) NOT NULL,
  `datetime` datetime NOT NULL,
  `value` int(11) NOT NULL,
  `description` text
) ENGINE=InnoDB DEFAULT CHARSET=utf8;

--
-- Дамп данных таблицы `Payment`
--

INSERT INTO `Payment` (`id`, `user`, `type`, `datetime`, `value`, `description`) VALUES
(1, 15, 1, '2017-12-27 21:41:01', 3000, ''),
(2, 15, 0, '2017-12-27 21:41:12', 3000, 'Оплата индивидуального пакета'),
(3, 15, 0, '2018-01-09 18:48:01', 0, 'Присутствовал на занятии'),
(4, 15, 0, '2018-01-11 14:28:51', 0, 'Присутствовал на занятии'),
(5, 15, 0, '2018-01-18 16:25:51', 0, 'Присутствовал на занятии'),
(6, 15, 0, '2018-01-25 18:02:14', 0, 'Присутствовал на занятии'),
(7, 15, 0, '2018-01-30 16:27:17', 0, 'Присутствовал на занятии'),
(8, 15, 0, '2018-02-01 15:16:51', 0, 'Присутствовал на занятии'),
(9, 15, 0, '2018-02-06 16:01:30', 0, 'Присутствовал на занятии'),
(10, 15, 0, '2018-02-08 17:09:38', 0, 'Присутствовал на занятии'),
(11, 15, 1, '2018-02-15 14:59:22', 3000, 'сегодня первый урок по новому абонементу'),
(12, 15, 0, '2018-02-15 15:07:28', 3000, 'Оплата индивидуального пакета'),
(13, 15, 0, '2018-02-15 15:40:03', 0, 'Присутствовал на занятии'),
(14, 15, 0, '2018-02-22 19:33:22', 0, 'Присутствовал на занятии'),
(15, 15, 0, '2018-03-01 15:52:53', 0, 'Присутствовал на занятии'),
(16, 15, 0, '2018-03-15 15:26:36', 0, 'Присутствовал на занятии'),
(17, 15, 0, '2018-03-22 15:04:34', 0, 'Присутствовал на занятии'),
(18, 15, 0, '2018-03-27 14:53:43', 0, 'Присутствовал на занятии'),
(19, 15, 0, '2018-04-03 15:55:27', 0, 'Присутствовал на занятии'),
(20, 15, 0, '2018-04-10 15:50:01', 0, 'Присутствовал на занятии'),
(21, 15, 0, '2018-04-17 16:39:19', 0, 'Присутствовал на занятии'),
(22, 16, 1, '2018-01-08 17:40:57', 1600, ''),
(23, 16, 0, '2018-01-08 17:43:01', 1600, 'Оплата индивидуального пакета'),
(24, 16, 0, '2018-01-08 17:43:14', 1600, 'Оплата индивидуального пакета'),
(25, 16, 0, '2018-01-08 18:00:47', 0, 'Присутствовал на занятии'),
(26, 16, 0, '2018-01-15 20:31:05', 0, 'Присутствовал на занятии'),
(27, 16, 0, '2018-01-22 18:45:43', 0, 'Присутствовал на занятии'),
(28, 16, 0, '2018-01-29 18:43:34', 0, 'Присутствовал на занятии'),
(29, 16, 0, '2018-02-05 18:34:24', 0, 'Присутствовал на занятии'),
(30, 16, 1, '2018-02-05 19:17:48', 1600, ''),
(31, 16, 0, '2018-02-12 18:09:49', 0, 'Присутствовал на занятии'),
(32, 16, 0, '2018-02-16 18:51:07', 0, 'Присутствовал на занятии'),
(33, 16, 0, '2018-02-19 19:47:02', 0, 'Присутствовал на занятии'),
(34, 16, 1, '2018-02-26 17:45:12', 3000, 'на 25 было 0 занятий'),
(35, 16, 0, '2018-02-26 17:46:42', 3000, 'Оплата индивидуального пакета'),
(36, 16, 0, '2018-02-26 18:24:16', 0, 'Присутствовал на занятии'),
(37, 16, 1, '2018-03-04 17:42:24', 200, 'компенсация за позднюю отмену занятия Студией 01.03'),
(38, 16, 0, '2018-03-05 18:44:33', 0, 'Присутствовал на занятии'),
(39, 16, 0, '2018-03-12 18:48:19', 0, 'Присутствовал на занятии'),
(40, 16, 0, '2018-03-15 22:30:19', 0, 'Присутствовал на занятии'),
(41, 16, 0, '2018-03-19 18:29:36', 0, 'Присутствовал на занятии'),
(42, 16, 0, '2018-03-22 18:33:18', 0, 'Присутствовал на занятии'),
(43, 16, 0, '2018-03-26 21:13:43', 0, 'Присутствовал на занятии'),
(44, 16, 0, '2018-03-29 14:46:01', 0, 'Присутствовал на занятии'),
(45, 16, 1, '2018-04-02 17:45:06', 3000, 'на 1.02 было 0'),
(46, 16, 0, '2018-04-02 18:28:55', 0, 'Присутствовал на занятии'),
(47, 16, 0, '2018-04-03 13:43:52', 3000, 'Оплата индивидуального пакета'),
(48, 16, 0, '2018-04-05 16:44:27', 0, 'Присутствовал на занятии'),
(49, 16, 0, '2018-04-09 18:15:01', 0, 'Присутствовал на занятии'),
(50, 16, 0, '2018-04-16 18:35:12', 0, 'Присутствовал на занятии'),
(51, 16, 0, '2018-04-19 23:32:07', 0, 'Присутствовал на занятии'),
(52, 17, 1, '2017-12-28 19:29:35', 1, ''),
(53, 17, 0, '2017-12-28 19:29:58', 1, 'Оплата индивидуального пакета'),
(54, 17, 0, '2018-01-08 16:22:13', 0, 'Присутствовал на занятии'),
(55, 17, 0, '2018-01-10 16:04:31', 0, 'Присутствовал на занятии'),
(56, 17, 0, '2018-01-15 15:58:10', 0, 'Присутствовал на занятии'),
(57, 17, 0, '2018-01-17 15:57:54', 0, 'Присутствовал на занятии'),
(58, 17, 0, '2018-01-22 15:53:33', 0, 'Отсутствовал на занятии'),
(59, 17, 0, '2018-01-24 15:43:57', 0, 'Присутствовал на занятии'),
(60, 17, 0, '2018-01-29 15:56:03', 0, 'Присутствовал на занятии'),
(61, 17, 1, '2018-01-30 17:15:07', 3000, ''),
(62, 17, 0, '2018-01-30 17:15:47', 3000, 'Оплата индивидуального пакета'),
(63, 17, 0, '2018-01-31 16:07:15', 0, 'Присутствовал на занятии'),
(64, 17, 0, '2018-02-05 14:47:29', 0, 'Отсутствовал на занятии'),
(65, 17, 0, '2018-02-07 15:41:37', 0, 'Присутствовал на занятии'),
(66, 17, 0, '2018-02-12 18:09:27', 0, 'Отсутствовал на занятии'),
(67, 17, 0, '2018-02-14 15:44:20', 0, 'Присутствовал на занятии'),
(68, 17, 0, '2018-02-19 17:31:42', 0, 'Присутствовал на занятии'),
(69, 17, 0, '2018-02-21 14:51:22', 0, 'Отсутствовал на занятии'),
(70, 17, 0, '2018-02-26 15:47:31', 0, 'Присутствовал на занятии'),
(71, 17, 0, '2018-02-28 15:53:07', 0, 'Присутствовал на занятии'),
(72, 17, 1, '2018-03-04 15:28:49', 3000, 'первый урок 05 марта'),
(73, 17, 0, '2018-03-05 17:36:22', 0, 'Присутствовал на занятии'),
(74, 17, 0, '2018-03-05 21:23:47', 3000, 'Оплата индивидуального пакета'),
(75, 17, 0, '2018-03-07 13:28:51', 0, 'Отсутствовал на занятии'),
(76, 17, 0, '2018-03-12 18:49:37', 0, 'Присутствовал на занятии'),
(77, 17, 0, '2018-03-14 15:55:10', 0, 'Присутствовал на занятии'),
(78, 17, 0, '2018-03-19 15:51:59', 0, 'Присутствовал на занятии'),
(79, 17, 0, '2018-03-21 17:14:40', 0, 'Присутствовал на занятии'),
(80, 17, 0, '2018-03-28 15:48:48', 0, 'Присутствовал на занятии'),
(81, 17, 0, '2018-04-02 16:30:01', 0, 'Присутствовал на занятии'),
(82, 17, 0, '2018-04-04 16:33:26', 0, 'Отсутствовал на занятии'),
(83, 17, 0, '2018-04-09 15:39:30', 0, 'Присутствовал на занятии'),
(84, 17, 1, '2018-04-11 10:25:13', 3200, 'на 10.04 в остатке -1'),
(85, 17, 0, '2018-04-11 15:49:56', 0, 'Присутствовал на занятии'),
(86, 17, 0, '2018-04-11 16:51:27', 3200, 'Оплата индивидуального пакета'),
(87, 17, 0, '2018-04-18 15:41:14', 0, 'Присутствовал на занятии'),
(88, 18, 0, '2018-01-10 18:44:01', 0, 'Присутствовал на занятии'),
(89, 18, 1, '2018-01-10 19:29:21', 300, ''),
(90, 18, 0, '2018-01-10 19:29:54', 300, 'Оплата индивидуального пакета'),
(91, 18, 1, '2018-01-15 19:28:04', 300, ''),
(92, 18, 0, '2018-01-15 20:30:48', 0, 'Присутствовал на занятии'),
(93, 18, 0, '2018-01-17 19:01:17', 0, 'Присутствовал на занятии'),
(94, 18, 1, '2018-01-17 19:38:19', 300, ''),
(95, 18, 0, '2018-01-18 16:34:05', 300, 'Оплата индивидуального пакета'),
(96, 18, 0, '2018-01-18 16:34:11', 300, 'Оплата индивидуального пакета'),
(97, 18, 0, '2018-01-22 18:45:20', 0, 'Присутствовал на занятии'),
(98, 18, 1, '2018-01-22 19:27:14', 300, ''),
(99, 18, 0, '2018-01-24 18:37:54', 0, 'Присутствовал на занятии'),
(100, 18, 1, '2018-01-24 19:39:26', 300, ''),
(101, 18, 0, '2018-01-24 19:41:27', 300, 'Оплата индивидуального пакета'),
(102, 18, 0, '2018-01-24 19:41:48', 300, 'Оплата индивидуального пакета'),
(103, 18, 0, '2018-01-29 18:44:02', 0, 'Присутствовал на занятии'),
(104, 18, 1, '2018-01-29 19:28:28', 1000, ''),
(105, 18, 0, '2018-01-29 20:23:48', 300, 'Оплата индивидуального пакета'),
(106, 18, 0, '2018-01-31 19:32:06', 0, 'Присутствовал на занятии'),
(107, 18, 0, '2018-02-01 16:22:50', 300, 'Оплата индивидуального пакета'),
(108, 18, 0, '2018-02-05 18:38:54', 0, 'Присутствовал на занятии'),
(109, 18, 0, '2018-02-05 19:27:43', 300, 'Оплата индивидуального пакета'),
(110, 18, 1, '2018-02-05 19:28:48', 600, ''),
(111, 18, 0, '2018-02-05 19:29:56', 700, 'Оплата индивидуального пакета'),
(112, 18, 0, '2018-02-07 18:45:27', 0, 'Присутствовал на занятии'),
(113, 18, 0, '2018-02-12 10:57:31', 0, 'Присутствовал на занятии'),
(114, 18, 1, '2018-02-12 19:31:55', 600, ''),
(115, 18, 0, '2018-02-12 21:06:26', 300, 'Оплата индивидуального пакета'),
(116, 18, 0, '2018-02-14 19:20:57', 0, 'Присутствовал на занятии'),
(117, 18, 1, '2018-02-14 19:32:35', 1000, 'было 300 и по нулям'),
(118, 18, 0, '2018-02-14 20:56:33', 300, 'Оплата индивидуального пакета'),
(119, 18, 0, '2018-02-19 19:47:19', 0, 'Присутствовал на занятии'),
(120, 18, 0, '2018-02-19 20:00:58', 300, 'Оплата индивидуального пакета'),
(121, 18, 0, '2018-02-21 18:52:22', 0, 'Присутствовал на занятии'),
(122, 18, 0, '2018-02-22 22:46:59', 300, 'Оплата индивидуального пакета'),
(123, 18, 0, '2018-02-26 19:33:29', 0, 'Присутствовал на занятии'),
(124, 18, 1, '2018-02-26 19:35:17', 1000, 'на 26 число -1 занятие'),
(125, 18, 0, '2018-02-27 18:21:24', 300, 'Оплата индивидуального пакета'),
(126, 18, 0, '2018-02-28 19:08:02', 0, 'Присутствовал на занятии'),
(127, 18, 0, '2018-02-28 23:16:35', 500, 'Оплата индивидуального пакета'),
(128, 18, 0, '2018-02-28 23:16:43', 400, 'Оплата индивидуального пакета'),
(129, 18, 0, '2018-02-28 23:18:48', 0, 'Присутствовал на занятии'),
(130, 18, 0, '2018-03-05 18:45:05', 0, 'Присутствовал на занятии'),
(131, 18, 1, '2018-03-05 19:37:45', 400, 'на балансе было 200, поэтому это за сегодняшний урок довнесла и + за следующий 300'),
(132, 18, 0, '2018-03-05 19:39:17', 300, 'Оплата индивидуального пакета'),
(133, 18, 0, '2018-03-07 18:44:01', 0, 'Присутствовал на занятии'),
(134, 18, 0, '2018-03-08 16:47:34', 300, 'Оплата индивидуального пакета'),
(135, 18, 0, '2018-03-12 18:50:17', 0, 'Присутствовал на занятии'),
(136, 18, 1, '2018-03-12 22:28:03', 600, 'за два урока, один прошел сегодня'),
(137, 18, 0, '2018-03-12 22:45:34', 300, 'Оплата индивидуального пакета'),
(138, 18, 0, '2018-03-12 22:46:06', 300, 'Оплата индивидуального пакета'),
(139, 18, 0, '2018-03-14 19:27:24', 0, 'Присутствовал на занятии'),
(140, 18, 0, '2018-03-19 19:24:15', 0, 'Присутствовал на занятии'),
(141, 18, 0, '2018-03-21 18:49:36', 0, 'Присутствовал на занятии'),
(142, 18, 1, '2018-03-21 19:30:17', 1000, 'за 12 и 21 марта. в остатке 400р'),
(143, 18, 0, '2018-03-21 23:39:04', 300, 'Оплата индивидуального пакета'),
(144, 18, 0, '2018-03-21 23:39:17', 300, 'Оплата индивидуального пакета'),
(145, 18, 0, '2018-03-26 21:13:13', 0, 'Присутствовал на занятии'),
(146, 18, 0, '2018-03-27 15:19:32', 300, 'Оплата индивидуального пакета'),
(147, 18, 0, '2018-03-28 18:53:18', 0, 'Присутствовал на занятии'),
(148, 18, 1, '2018-03-29 18:07:54', 200, 'за занятие 28 марта'),
(149, 18, 0, '2018-03-29 18:08:47', 300, 'Оплата индивидуального пакета'),
(150, 18, 0, '2018-04-04 18:33:24', 0, 'Присутствовал на занятии'),
(151, 18, 1, '2018-04-04 19:28:38', 900, '600абон.плат+300 за 04.04'),
(152, 18, 0, '2018-04-05 16:41:52', 900, 'Оплата индивидуального пакета'),
(153, 18, 0, '2018-04-09 18:35:59', 0, 'Присутствовал на занятии'),
(154, 18, 1, '2018-04-09 19:27:30', 300, ''),
(155, 18, 0, '2018-04-09 19:27:47', 300, 'Оплата индивидуального пакета'),
(156, 18, 0, '2018-04-11 18:57:20', 0, 'Присутствовал на занятии'),
(157, 18, 1, '2018-04-11 19:28:08', 300, ''),
(158, 18, 0, '2018-04-11 19:56:39', 300, 'Оплата индивидуального пакета'),
(159, 18, 0, '2018-04-16 18:35:40', 0, 'Присутствовал на занятии'),
(160, 18, 1, '2018-04-16 19:30:16', 600, ''),
(161, 18, 0, '2018-04-17 14:44:25', 300, 'Оплата индивидуального пакета'),
(162, 18, 0, '2018-04-18 16:53:11', 300, 'Оплата индивидуального пакета'),
(163, 19, 0, '2018-01-07 14:06:17', 0, 'Присутствовал на занятии'),
(164, 19, 1, '2018-01-07 14:25:58', 300, ''),
(165, 19, 0, '2018-01-07 14:27:30', 300, 'Оплата индивидуального пакета'),
(166, 19, 0, '2018-01-10 18:39:30', 0, 'Отсутствовал на занятии'),
(167, 19, 1, '2018-01-14 13:09:12', 450, ''),
(168, 19, 0, '2018-01-14 13:33:46', 0, 'Присутствовал на занятии'),
(169, 19, 0, '2018-01-17 18:36:16', 0, 'Отсутствовал на занятии'),
(170, 19, 0, '2018-01-21 14:38:43', 0, 'Отсутствовал на занятии'),
(171, 19, 0, '2018-01-24 18:13:29', 0, 'Присутствовал на занятии'),
(172, 19, 1, '2018-01-24 18:58:48', 450, ''),
(173, 19, 0, '2018-01-28 13:06:14', 0, 'Присутствовал на занятии'),
(174, 19, 1, '2018-01-28 14:12:51', 300, ''),
(175, 19, 1, '2018-01-31 18:01:19', 300, ''),
(176, 19, 0, '2018-01-31 18:09:22', 0, 'Присутствовал на занятии'),
(177, 19, 0, '2018-02-04 14:19:34', 0, 'Отсутствовал на занятии'),
(178, 19, 0, '2018-02-06 19:21:15', 1500, 'Оплата индивидуального пакета'),
(179, 19, 0, '2018-02-07 19:33:10', 0, 'Отсутствовал на занятии'),
(180, 19, 0, '2018-02-07 20:52:17', 0, 'Отсутствовал на занятии'),
(181, 19, 0, '2018-02-14 18:37:49', 0, 'Отсутствовал на занятии'),
(182, 19, 1, '2018-02-17 15:08:20', 1, ''),
(183, 19, 0, '2018-02-17 15:08:45', 1, 'Оплата индивидуального пакета'),
(184, 19, 0, '2018-02-21 13:36:01', 0, 'Отсутствовал на занятии'),
(185, 19, 0, '2018-02-25 16:25:10', 0, 'Присутствовал на занятии'),
(186, 19, 1, '2018-02-25 17:12:08', 1, ''),
(187, 19, 1, '2018-02-25 17:12:12', 1, ''),
(188, 19, 0, '2018-02-27 18:32:44', 1, 'Оплата индивидуального пакета'),
(189, 19, 0, '2018-03-04 16:33:20', 0, 'Присутствовал на занятии'),
(190, 19, 0, '2018-03-04 21:22:26', 1, 'Оплата индивидуального пакета'),
(191, 19, 1, '2018-03-18 14:29:40', 300, 'за сегодня'),
(192, 19, 0, '2018-03-18 15:07:48', 0, 'Присутствовал на занятии'),
(193, 19, 0, '2018-03-19 10:40:44', 300, 'Оплата индивидуального пакета'),
(194, 19, 1, '2018-03-25 14:35:10', 300, ''),
(195, 19, 0, '2018-03-25 14:36:30', 300, 'Оплата индивидуального пакета'),
(196, 19, 0, '2018-03-25 15:28:35', 0, 'Присутствовал на занятии'),
(197, 19, 1, '2018-04-08 14:38:04', 300, ''),
(198, 19, 0, '2018-04-08 15:30:16', 0, 'Присутствовал на занятии'),
(199, 19, 0, '2018-04-08 15:41:37', 300, 'Оплата индивидуального пакета'),
(200, 19, 0, '2018-04-15 16:29:31', 0, 'Отсутствовал на занятии'),
(201, 20, 1, '2017-12-28 19:14:31', 1, ''),
(202, 20, 0, '2017-12-28 19:14:44', 0, 'Оплата индивидуального пакета'),
(203, 20, 0, '2018-01-10 13:46:51', 0, 'Присутствовал на занятии'),
(204, 20, 0, '2018-01-17 13:20:15', 0, 'Присутствовал на занятии'),
(205, 20, 0, '2018-01-24 13:17:04', 0, 'Присутствовал на занятии'),
(206, 21, 1, '2017-12-28 19:08:27', 1, ''),
(207, 21, 0, '2017-12-28 19:08:47', 0, 'Оплата индивидуального пакета'),
(208, 21, 0, '2017-12-28 19:08:55', 0, 'Оплата индивидуального пакета'),
(209, 21, 0, '2017-12-28 19:11:15', 0, 'Присутствовал на занятии'),
(210, 21, 0, '2018-01-12 18:05:47', 0, 'Присутствовал на занятии'),
(211, 21, 0, '2018-01-21 16:00:14', 0, 'Присутствовал на занятии'),
(212, 22, 1, '2017-12-29 18:09:52', 3000, ''),
(213, 22, 0, '2017-12-31 00:18:43', 3000, 'Оплата индивидуального пакета'),
(214, 22, 0, '2018-01-08 15:28:38', 0, 'Присутствовал на занятии'),
(215, 22, 0, '2018-01-15 15:57:57', 0, 'Присутствовал на занятии'),
(216, 22, 0, '2018-01-22 14:39:42', 0, 'Присутствовал на занятии'),
(217, 22, 0, '2018-01-29 15:55:42', 0, 'Присутствовал на занятии'),
(218, 22, 0, '2018-02-05 14:47:05', 0, 'Присутствовал на занятии'),
(219, 22, 0, '2018-02-12 14:37:21', 0, 'Присутствовал на занятии'),
(220, 22, 0, '2018-02-19 14:52:02', 0, 'Присутствовал на занятии'),
(221, 22, 0, '2018-02-26 14:39:33', 0, 'Присутствовал на занятии'),
(222, 22, 1, '2018-03-04 16:11:36', 3000, 'отсчет с 05.03'),
(223, 22, 0, '2018-03-04 16:13:37', 3000, 'Оплата индивидуального пакета'),
(224, 22, 0, '2018-03-05 17:35:08', 0, 'Присутствовал на занятии'),
(225, 22, 0, '2018-03-07 12:44:16', 0, 'Присутствовал на занятии'),
(226, 22, 0, '2018-03-12 14:42:14', 0, 'Присутствовал на занятии'),
(227, 22, 0, '2018-03-14 13:43:07', 0, 'Присутствовал на занятии'),
(228, 22, 0, '2018-03-19 14:41:20', 0, 'Присутствовал на занятии'),
(229, 22, 0, '2018-03-21 14:41:51', 0, 'Присутствовал на занятии'),
(230, 22, 0, '2018-03-26 21:12:44', 0, 'Присутствовал на занятии'),
(231, 22, 0, '2018-03-28 11:30:14', 0, 'Присутствовал на занятии'),
(232, 22, 1, '2018-03-29 18:09:55', 3000, 'на 28.03 было 0'),
(233, 22, 0, '2018-03-29 20:42:35', 3000, 'Оплата индивидуального пакета'),
(234, 22, 0, '2018-04-02 14:44:13', 0, 'Присутствовал на занятии'),
(235, 22, 0, '2018-04-09 14:38:30', 0, 'Присутствовал на занятии'),
(236, 22, 0, '2018-04-11 13:47:42', 0, 'Присутствовал на занятии'),
(237, 22, 0, '2018-04-18 13:00:00', 0, 'Присутствовал на занятии'),
(238, 23, 1, '2017-12-28 19:12:26', 1400, ''),
(239, 23, 0, '2017-12-28 19:13:31', 1400, 'Оплата индивидуального пакета'),
(240, 23, 0, '2018-01-15 20:31:24', 0, 'Присутствовал на занятии'),
(241, 23, 0, '2018-01-22 19:51:56', 0, 'Присутствовал на занятии'),
(242, 23, 0, '2018-01-29 20:26:14', 0, 'Присутствовал на занятии'),
(243, 23, 0, '2018-02-02 17:17:49', 0, 'Присутствовал на занятии'),
(244, 23, 0, '2018-02-09 16:29:51', 0, 'Присутствовал на занятии'),
(245, 23, 1, '2018-02-09 16:59:19', 1400, ''),
(246, 23, 0, '2018-02-09 17:01:20', 1400, 'Оплата индивидуального пакета'),
(247, 23, 0, '2018-02-16 16:19:01', 0, 'Присутствовал на занятии'),
(248, 23, 0, '2018-03-02 18:41:03', 0, 'Присутствовал на занятии'),
(249, 23, 0, '2018-03-23 16:17:51', 0, 'Присутствовал на занятии'),
(250, 23, 0, '2018-03-30 17:00:29', 0, 'Присутствовал на занятии'),
(251, 23, 1, '2018-03-30 17:03:32', 1400, 'сегодня первый урок по новому абонементу'),
(252, 23, 0, '2018-03-30 17:06:21', 1400, 'Оплата индивидуального пакета'),
(253, 23, 0, '2018-04-06 17:15:42', 0, 'Присутствовал на занятии'),
(254, 23, 0, '2018-04-13 17:19:13', 0, 'Присутствовал на занятии'),
(255, 23, 0, '2018-04-20 17:51:43', 0, 'Присутствовал на занятии'),
(256, 24, 1, '2017-12-28 19:21:44', 1, ''),
(257, 24, 0, '2017-12-28 19:22:10', 0, 'Оплата индивидуального пакета'),
(258, 24, 0, '2018-01-10 12:27:19', 0, 'Присутствовал на занятии'),
(259, 24, 0, '2018-01-15 12:59:54', 0, 'Присутствовал на занятии'),
(260, 24, 0, '2018-01-17 12:04:28', 0, 'Присутствовал на занятии'),
(261, 24, 0, '2018-01-22 12:53:43', 0, 'Присутствовал на занятии'),
(262, 24, 0, '2018-01-24 13:16:41', 0, 'Присутствовал на занятии'),
(263, 24, 0, '2018-01-29 14:21:24', 0, 'Присутствовал на занятии'),
(264, 24, 0, '2018-01-31 14:26:17', 0, 'Отсутствовал на занятии'),
(265, 24, 0, '2018-02-05 12:52:11', 0, 'Присутствовал на занятии'),
(266, 24, 1, '2018-02-05 13:26:37', 2999, ''),
(267, 24, 0, '2018-02-05 13:27:32', 3000, 'Оплата индивидуального пакета'),
(268, 24, 0, '2018-02-07 12:59:40', 0, 'Присутствовал на занятии'),
(269, 24, 0, '2018-02-12 12:32:43', 0, 'Присутствовал на занятии'),
(270, 24, 0, '2018-02-14 11:35:06', 0, 'Присутствовал на занятии'),
(271, 24, 0, '2018-02-19 13:03:00', 0, 'Присутствовал на занятии'),
(272, 24, 0, '2018-02-21 13:33:41', 0, 'Присутствовал на занятии'),
(273, 24, 0, '2018-02-26 12:54:29', 0, 'Присутствовал на занятии'),
(274, 24, 0, '2018-02-28 11:43:41', 0, 'Присутствовал на занятии'),
(275, 24, 0, '2018-03-05 13:14:47', 0, 'Присутствовал на занятии'),
(276, 24, 0, '2018-03-07 11:47:28', 0, 'Присутствовал на занятии'),
(277, 24, 1, '2018-03-07 12:26:59', 3000, 'на 08.03 проведено 5,5 часов по текущему абонементу'),
(278, 24, 0, '2018-03-07 12:29:45', 3000, 'Оплата индивидуального пакета'),
(279, 24, 0, '2018-03-12 12:50:51', 0, 'Присутствовал на занятии'),
(280, 24, 0, '2018-03-14 12:00:36', 0, 'Присутствовал на занятии'),
(281, 24, 0, '2018-03-19 12:46:16', 0, 'Присутствовал на занятии'),
(282, 24, 0, '2018-03-21 14:42:33', 0, 'Присутствовал на занятии'),
(283, 24, 1, '2018-03-26 12:40:06', 3000, 'на 25.03 в остатке -1.5'),
(284, 24, 0, '2018-03-26 12:42:11', 0, 'Присутствовал на занятии'),
(285, 24, 0, '2018-03-26 20:32:39', 3000, 'Оплата индивидуального пакета'),
(286, 24, 0, '2018-03-28 11:37:34', 0, 'Присутствовал на занятии'),
(287, 24, 0, '2018-04-02 12:38:25', 0, 'Присутствовал на занятии'),
(288, 24, 0, '2018-04-11 11:37:27', 0, 'Присутствовал на занятии'),
(289, 24, 0, '2018-04-16 11:26:02', 0, 'Присутствовал на занятии'),
(290, 24, 0, '2018-04-18 13:00:24', 0, 'Присутствовал на занятии'),
(291, 25, 1, '2017-12-28 19:24:00', 1, ''),
(292, 25, 0, '2017-12-28 19:24:32', 1, 'Оплата индивидуального пакета'),
(293, 25, 0, '2018-01-10 11:23:08', 0, 'Присутствовал на занятии'),
(294, 25, 0, '2018-01-22 12:53:08', 0, 'Присутствовал на занятии'),
(295, 25, 1, '2018-01-26 17:19:36', 2000, ''),
(296, 25, 0, '2018-01-27 15:24:15', 2000, 'Оплата индивидуального пакета'),
(297, 25, 0, '2018-01-29 11:19:07', 0, 'Присутствовал на занятии'),
(298, 25, 0, '2018-02-05 12:51:32', 0, 'Присутствовал на занятии'),
(299, 25, 0, '2018-02-12 10:58:13', 0, 'Присутствовал на занятии'),
(300, 25, 0, '2018-02-19 11:26:37', 0, 'Присутствовал на занятии'),
(301, 25, 0, '2018-03-05 13:15:26', 0, 'Присутствовал на занятии'),
(302, 25, 1, '2018-03-08 20:24:30', 2000, 'на момент оплаты было по нулям'),
(303, 25, 0, '2018-03-08 22:43:54', 2000, 'Оплата индивидуального пакета'),
(304, 25, 0, '2018-03-12 12:50:07', 0, 'Присутствовал на занятии'),
(305, 25, 0, '2018-03-19 12:45:38', 0, 'Отсутствовал на занятии'),
(306, 25, 0, '2018-03-26 11:33:44', 0, 'Отсутствовал на занятии'),
(307, 26, 1, '2017-12-28 19:16:52', 1, ''),
(308, 26, 0, '2017-12-28 19:17:14', 0, 'Оплата индивидуального пакета'),
(309, 26, 0, '2018-01-10 15:25:06', 0, 'Присутствовал на занятии'),
(310, 26, 0, '2018-01-15 13:39:25', 0, 'Присутствовал на занятии'),
(311, 26, 1, '2018-01-17 13:11:35', 2499, ''),
(312, 26, 0, '2018-01-17 14:06:41', 0, 'Присутствовал на занятии'),
(313, 26, 0, '2018-01-18 20:02:00', 2500, 'Оплата индивидуального пакета'),
(314, 26, 0, '2018-01-22 14:39:21', 0, 'Присутствовал на занятии'),
(315, 26, 0, '2018-01-24 13:41:39', 0, 'Присутствовал на занятии'),
(316, 26, 0, '2018-01-29 14:21:57', 0, 'Присутствовал на занятии'),
(317, 26, 0, '2018-01-31 16:06:45', 0, 'Присутствовал на занятии'),
(318, 26, 0, '2018-02-05 13:59:04', 0, 'Присутствовал на занятии'),
(319, 26, 0, '2018-02-07 20:09:58', 0, 'Присутствовал на занятии'),
(320, 26, 0, '2018-02-12 10:58:49', 0, 'Отсутствовал на занятии'),
(321, 26, 0, '2018-02-14 15:43:34', 0, 'Присутствовал на занятии'),
(322, 26, 0, '2018-02-19 14:51:34', 0, 'Присутствовал на занятии'),
(323, 26, 1, '2018-02-21 11:11:26', 2500, 'было -3.5'),
(324, 26, 0, '2018-02-21 13:41:06', 2500, 'Оплата индивидуального пакета'),
(325, 26, 0, '2018-02-21 14:50:42', 0, 'Присутствовал на занятии'),
(326, 26, 0, '2018-02-26 13:57:27', 0, 'Присутствовал на занятии'),
(327, 26, 0, '2018-02-28 14:06:49', 0, 'Присутствовал на занятии'),
(328, 26, 0, '2018-03-05 14:06:01', 0, 'Присутствовал на занятии'),
(329, 26, 1, '2018-03-12 11:46:29', 2500, 'на 11.03 на балансе -0,5'),
(330, 26, 0, '2018-03-12 14:43:01', 0, 'Присутствовал на занятии'),
(331, 26, 0, '2018-03-12 22:45:27', 2500, 'Оплата индивидуального пакета'),
(332, 26, 0, '2018-03-14 13:42:22', 0, 'Присутствовал на занятии'),
(333, 26, 0, '2018-03-19 13:47:56', 0, 'Присутствовал на занятии'),
(334, 26, 0, '2018-04-02 14:04:01', 0, 'Присутствовал на занятии'),
(335, 26, 0, '2018-04-04 19:35:28', 0, 'Присутствовал на занятии'),
(336, 26, 0, '2018-04-09 14:38:56', 0, 'Присутствовал на занятии'),
(337, 26, 0, '2018-04-11 13:58:39', 0, 'Присутствовал на занятии'),
(338, 26, 0, '2018-04-15 14:02:44', 0, 'Присутствовал на занятии'),
(339, 26, 0, '2018-04-16 19:25:53', 0, 'Отсутствовал на занятии'),
(340, 26, 0, '2018-04-18 15:40:50', 0, 'Присутствовал на занятии'),
(341, 27, 1, '2017-12-28 19:25:57', 1, ''),
(342, 27, 0, '2017-12-28 19:26:20', 1, 'Оплата индивидуального пакета'),
(343, 27, 0, '2018-01-07 15:18:39', 0, ' не пришла'),
(344, 27, 0, '2018-01-10 15:24:55', 0, 'Присутствовал на занятии'),
(345, 27, 0, '2018-01-12 18:05:11', 0, 'Присутствовал на занятии'),
(346, 27, 0, '2018-01-17 15:58:19', 0, 'Присутствовал на занятии'),
(347, 27, 1, '2018-01-19 17:02:36', 2500, 'за 7 уроков'),
(348, 27, 0, '2018-01-19 18:34:22', 0, 'Присутствовал на занятии'),
(349, 27, 0, '2018-01-20 12:21:30', 2500, 'Оплата индивидуального пакета'),
(350, 27, 0, '2018-01-24 15:33:40', 0, 'Присутствовал на занятии'),
(351, 27, 0, '2018-01-26 19:40:20', 0, 'Присутствовал на занятии'),
(352, 27, 0, '2018-01-31 16:06:59', 0, 'Присутствовал на занятии'),
(353, 27, 0, '2018-02-02 17:18:10', 0, 'Присутствовал на занятии'),
(354, 27, 0, '2018-02-07 13:00:19', 0, 'Отсутствовал на занятии'),
(355, 27, 1, '2018-02-08 14:39:53', 2500, ''),
(356, 27, 0, '2018-02-08 14:40:27', 2500, 'Оплата индивидуального пакета'),
(357, 27, 0, '2018-02-09 17:13:30', 0, 'Присутствовал на занятии'),
(358, 27, 0, '2018-02-14 15:43:12', 0, 'Присутствовал на занятии'),
(359, 27, 0, '2018-02-16 18:28:52', 0, 'Присутствовал на занятии'),
(360, 27, 0, '2018-02-21 14:51:02', 0, 'Присутствовал на занятии'),
(361, 27, 1, '2018-02-23 14:50:27', 200, 'компенсация за позднюю отмену занятия Студией'),
(362, 27, 0, '2018-02-25 12:01:31', 0, 'Присутствовал на занятии'),
(363, 27, 0, '2018-02-28 15:06:07', 0, 'Присутствовал на занятии'),
(364, 27, 0, '2018-03-02 18:41:38', 0, 'Присутствовал на занятии'),
(365, 27, 0, '2018-03-07 18:43:16', 0, 'Отсутствовал на занятии'),
(366, 27, 0, '2018-03-14 14:47:33', 0, 'Присутствовал на занятии'),
(367, 27, 0, '2018-03-15 12:42:53', 200, 'Оплата индивидуального пакета'),
(368, 27, 1, '2018-03-16 16:57:56', 2500, 'на 15.03 в остатке -1'),
(369, 27, 0, '2018-03-16 17:05:53', 2500, 'Оплата индивидуального пакета'),
(370, 27, 0, '2018-03-16 18:40:09', 0, 'Присутствовал на занятии'),
(371, 27, 0, '2018-03-21 17:16:03', 0, 'Присутствовал на занятии'),
(372, 27, 0, '2018-03-23 18:27:25', 0, 'Присутствовал на занятии'),
(373, 27, 0, '2018-03-30 17:42:01', 0, 'Присутствовал на занятии'),
(374, 27, 0, '2018-04-04 16:33:51', 0, 'Присутствовал на занятии'),
(375, 27, 0, '2018-04-06 17:15:20', 0, 'Присутствовал на занятии'),
(376, 27, 0, '2018-04-11 14:58:45', 0, 'Присутствовал на занятии'),
(377, 27, 1, '2018-04-13 15:04:56', 2500, 'на 12.04 -1 занятие'),
(378, 27, 0, '2018-04-13 15:06:23', 2500, 'Оплата индивидуального пакета'),
(379, 27, 0, '2018-04-13 17:20:02', 0, 'Присутствовал на занятии'),
(380, 27, 0, '2018-04-18 15:40:24', 0, 'Присутствовал на занятии'),
(381, 28, 1, '2017-12-28 19:28:24', 1, ''),
(382, 28, 0, '2017-12-28 19:28:44', 1, 'Оплата индивидуального пакета'),
(383, 28, 0, '2018-01-08 18:00:19', 0, 'Присутствовал на занятии'),
(384, 28, 0, '2018-01-10 17:01:47', 0, 'уточнить расписание'),
(385, 28, 0, '2018-01-15 16:49:40', 0, 'Присутствовал на занятии'),
(386, 28, 0, '2018-01-17 19:00:32', 0, 'Присутствовал на занятии'),
(387, 28, 0, '2018-01-22 18:45:02', 0, 'Присутствовал на занятии'),
(388, 28, 0, '2018-01-24 18:37:10', 0, 'Присутствовал на занятии'),
(389, 28, 1, '2018-01-29 16:23:34', 3000, ''),
(390, 28, 0, '2018-01-29 16:24:08', 3000, 'Оплата индивидуального пакета'),
(391, 28, 0, '2018-01-29 16:42:15', 0, 'Присутствовал на занятии'),
(392, 28, 0, '2018-02-05 12:51:53', 0, 'Присутствовал на занятии'),
(393, 28, 0, '2018-02-07 20:14:07', 0, 'Присутствовал на занятии'),
(394, 28, 0, '2018-02-12 10:58:31', 0, 'Присутствовал на занятии'),
(395, 28, 0, '2018-02-14 11:34:49', 0, 'Присутствовал на занятии'),
(396, 28, 0, '2018-02-19 17:31:19', 0, 'Присутствовал на занятии'),
(397, 28, 0, '2018-02-21 16:59:30', 0, 'Присутствовал на занятии'),
(398, 28, 0, '2018-02-28 11:25:14', 0, 'Отсутствовал на занятии'),
(399, 28, 1, '2018-03-04 21:38:53', 200, 'переплата'),
(400, 28, 1, '2018-03-05 16:24:24', 3000, ''),
(401, 28, 0, '2018-03-05 16:25:50', 2800, 'Оплата индивидуального пакета'),
(402, 28, 0, '2018-03-05 16:26:20', 350, 'Оплата индивидуального пакета'),
(403, 28, 0, '2018-03-05 17:35:47', 0, 'Присутствовал на занятии'),
(404, 28, 0, '2018-03-07 18:37:13', 0, 'Присутствовал на занятии'),
(405, 28, 0, '2018-03-12 18:48:57', 0, 'Присутствовал на занятии'),
(406, 28, 0, '2018-03-14 16:59:55', 0, 'Присутствовал на занятии'),
(407, 28, 0, '2018-03-19 12:45:01', 0, 'Присутствовал на занятии'),
(408, 28, 0, '2018-03-21 17:15:27', 0, 'Присутствовал на занятии'),
(409, 28, 0, '2018-03-26 21:14:11', 0, 'Присутствовал на занятии'),
(410, 28, 0, '2018-03-28 16:40:13', 0, 'Присутствовал на занятии'),
(411, 28, 0, '2018-04-02 16:30:26', 0, 'Присутствовал на занятии'),
(412, 28, 1, '2018-04-04 16:24:26', 2800, 'на 03.04 -1.5 занятия'),
(413, 28, 0, '2018-04-04 16:26:51', 2800, 'Оплата индивидуального пакета'),
(414, 28, 0, '2018-04-04 16:33:01', 0, 'Присутствовал на занятии'),
(415, 28, 0, '2018-04-09 18:14:32', 0, 'Присутствовал на занятии'),
(416, 28, 0, '2018-04-11 16:32:17', 0, 'Присутствовал на занятии'),
(417, 29, 1, '2017-12-28 19:30:39', 1, ''),
(418, 29, 0, '2017-12-28 19:31:07', 1, 'Оплата индивидуального пакета'),
(419, 29, 0, '2018-01-05 14:41:36', 0, 'Присутствовал на занятии'),
(420, 29, 0, '2018-01-07 14:47:12', 0, 'Присутствовал на занятии'),
(421, 29, 0, '2018-01-10 17:58:08', 0, 'Присутствовал на занятии'),
(422, 29, 0, '2018-01-14 13:59:33', 0, 'Присутствовал на занятии'),
(423, 29, 0, '2018-01-17 19:01:00', 0, 'Присутствовал на занятии'),
(424, 29, 0, '2018-01-19 18:34:40', 0, 'Присутствовал на занятии'),
(425, 29, 0, '2018-01-24 18:38:10', 0, 'Присутствовал на занятии'),
(426, 29, 0, '2018-01-26 19:37:58', 0, 'Присутствовал на занятии'),
(427, 29, 1, '2018-01-31 17:36:44', 3000, ''),
(428, 29, 0, '2018-01-31 19:31:50', 0, 'Присутствовал на занятии'),
(429, 29, 0, '2018-02-02 12:39:41', 2800, 'Оплата индивидуального пакета'),
(430, 29, 0, '2018-02-03 00:22:52', 0, 'Присутствовал на занятии'),
(431, 29, 0, '2018-02-07 18:45:08', 0, 'Присутствовал на занятии'),
(432, 29, 0, '2018-02-09 18:42:04', 0, 'Присутствовал на занятии'),
(433, 29, 0, '2018-02-14 19:20:41', 0, 'Присутствовал на занятии'),
(434, 29, 0, '2018-02-25 13:40:07', 0, 'Присутствовал на занятии'),
(435, 29, 0, '2018-02-28 19:07:41', 0, 'Присутствовал на занятии'),
(436, 29, 0, '2018-03-02 18:42:44', 0, 'Присутствовал на занятии'),
(437, 29, 1, '2018-03-02 18:43:07', 2600, 'сегодня седьмое занятие по текущему абонементу'),
(438, 29, 0, '2018-03-02 18:47:52', 2800, 'Оплата индивидуального пакета'),
(439, 29, 0, '2018-03-09 16:10:19', 0, 'Отсутствовал на занятии'),
(440, 29, 0, '2018-03-14 17:42:18', 0, 'Присутствовал на занятии'),
(441, 29, 0, '2018-03-16 18:38:56', 0, 'Присутствовал на занятии'),
(442, 29, 0, '2018-03-21 18:48:57', 0, 'Присутствовал на занятии'),
(443, 29, 0, '2018-03-23 18:27:00', 0, 'Присутствовал на занятии'),
(444, 29, 0, '2018-03-28 18:53:43', 0, 'Отсутствовал на занятии'),
(445, 29, 1, '2018-03-30 13:26:04', 200, ''),
(446, 29, 0, '2018-03-30 15:15:15', 200, 'Оплата индивидуального пакета'),
(447, 29, 1, '2018-04-04 17:50:43', 200, ''),
(448, 29, 1, '2018-04-04 17:53:06', 3150, 'за 9 занятий, сегодня 4-е проведено'),
(449, 29, 0, '2018-04-04 17:56:54', 200, 'Оплата индивидуального пакета'),
(450, 29, 0, '2018-04-04 17:57:54', 2800, 'Оплата индивидуального пакета'),
(451, 29, 0, '2018-04-04 17:58:20', 350, 'Оплата индивидуального пакета'),
(452, 29, 0, '2018-04-04 18:32:59', 0, 'Присутствовал на занятии'),
(453, 29, 0, '2018-04-06 18:46:11', 0, 'Присутствовал на занятии'),
(454, 29, 0, '2018-04-11 18:56:57', 0, 'Присутствовал на занятии'),
(455, 29, 0, '2018-04-13 13:13:39', 0, 'Отсутствовал на занятии'),
(456, 29, 0, '2018-04-15 12:09:50', 0, 'Присутствовал на занятии'),
(457, 30, 0, '2018-01-14 12:08:30', 0, 'Присутствовал на занятии'),
(458, 30, 1, '2018-01-14 13:09:34', 900, ''),
(459, 30, 0, '2018-01-20 15:38:12', 900, 'Оплата индивидуального пакета'),
(460, 30, 0, '2018-01-21 16:00:35', 0, 'Присутствовал на занятии'),
(461, 30, 0, '2018-01-28 11:30:24', 0, 'Присутствовал на занятии'),
(462, 30, 0, '2018-02-04 11:42:32', 0, 'Присутствовал на занятии'),
(463, 30, 0, '2018-02-11 13:52:27', 0, 'Присутствовал на занятии'),
(464, 30, 1, '2018-02-17 11:53:46', 1200, ''),
(465, 30, 0, '2018-02-17 11:54:50', 900, 'Оплата индивидуального пакета'),
(466, 30, 0, '2018-02-17 11:54:57', 300, 'Оплата индивидуального пакета'),
(467, 30, 0, '2018-02-18 11:39:59', 0, 'Присутствовал на занятии'),
(468, 30, 0, '2018-02-25 11:25:46', 0, 'Присутствовал на занятии'),
(469, 30, 0, '2018-03-04 11:21:52', 0, 'Присутствовал на занятии'),
(470, 30, 0, '2018-03-11 13:44:49', 0, 'Присутствовал на занятии'),
(471, 30, 1, '2018-03-17 12:24:05', 1200, 'расчет до конца марта'),
(472, 30, 0, '2018-03-17 12:25:09', 900, 'Оплата индивидуального пакета'),
(473, 30, 0, '2018-03-17 12:25:23', 300, 'Оплата индивидуального пакета'),
(474, 30, 0, '2018-03-18 13:39:45', 0, 'Присутствовал на занятии'),
(475, 30, 0, '2018-03-25 13:53:14', 0, 'Присутствовал на занятии'),
(476, 30, 0, '2018-04-01 16:44:56', 0, 'Присутствовал на занятии'),
(477, 30, 0, '2018-04-08 12:08:16', 0, 'Присутствовал на занятии'),
(478, 30, 0, '2018-04-15 12:10:18', 0, 'Присутствовал на занятии'),
(479, 31, 1, '2018-01-14 13:03:25', 2000, ''),
(480, 31, 0, '2018-01-14 13:04:18', 0, 'Присутствовал на занятии'),
(481, 31, 0, '2018-01-14 20:31:12', 2000, 'Оплата индивидуального пакета'),
(482, 31, 0, '2018-01-21 16:00:45', 0, 'Присутствовал на занятии'),
(483, 31, 0, '2018-01-28 13:23:56', 0, 'Присутствовал на занятии'),
(484, 31, 0, '2018-02-04 13:25:42', 0, 'Присутствовал на занятии'),
(485, 31, 0, '2018-02-11 13:52:45', 0, 'Присутствовал на занятии'),
(486, 32, 1, '2017-12-28 19:07:31', 1, ''),
(487, 32, 0, '2017-12-28 19:07:55', 0, 'Оплата индивидуального пакета'),
(488, 32, 0, '2018-01-14 16:50:28', 0, 'Присутствовал на занятии'),
(489, 32, 0, '2018-01-20 00:04:09', 0, 'Присутствовал на занятии'),
(490, 32, 0, '2018-01-21 15:59:02', 0, 'Присутствовал на занятии'),
(491, 32, 1, '2018-01-21 15:59:02', 2000, ''),
(492, 32, 0, '2018-01-21 16:23:14', 2000, 'Оплата индивидуального пакета'),
(493, 32, 0, '2018-01-28 15:06:33', 0, 'Присутствовал на занятии'),
(494, 32, 0, '2018-02-03 00:23:06', 0, 'Присутствовал на занятии'),
(495, 32, 0, '2018-02-04 15:20:18', 0, 'Присутствовал на занятии'),
(496, 32, 0, '2018-02-11 14:16:56', 0, 'Присутствовал на занятии'),
(497, 32, 0, '2018-03-04 15:15:59', 0, 'Присутствовал на занятии'),
(498, 32, 1, '2018-03-06 18:40:35', 1999, 'на 06.03 все по нулям'),
(499, 32, 0, '2018-03-07 13:54:33', 2000, 'Оплата индивидуального пакета'),
(500, 32, 0, '2018-03-11 15:05:51', 0, 'Присутствовал на занятии'),
(501, 32, 0, '2018-03-14 19:37:58', 0, 'Присутствовал на занятии'),
(502, 32, 0, '2018-04-01 16:44:03', 0, 'Присутствовал на занятии'),
(503, 32, 0, '2018-04-08 12:07:58', 0, 'Присутствовал на занятии'),
(504, 33, 1, '2017-12-28 19:31:35', 1, ''),
(505, 33, 0, '2017-12-28 19:31:53', 1, 'Оплата индивидуального пакета'),
(506, 33, 0, '2018-01-07 15:18:15', 0, 'Присутствовал на занятии'),
(507, 33, 1, '2018-01-12 17:42:18', 2000, ''),
(508, 33, 0, '2018-01-12 17:46:00', 2000, 'Оплата индивидуального пакета'),
(509, 33, 0, '2018-01-12 18:05:36', 0, 'Присутствовал на занятии'),
(510, 33, 0, '2018-01-19 18:35:05', 0, 'Присутствовал на занятии'),
(511, 33, 0, '2018-01-26 19:39:40', 0, 'Присутствовал на занятии'),
(512, 33, 0, '2018-02-03 00:22:29', 0, 'Присутствовал на занятии'),
(513, 33, 0, '2018-02-09 18:41:49', 0, 'Присутствовал на занятии'),
(514, 33, 0, '2018-02-16 18:29:06', 0, 'Присутствовал на занятии'),
(515, 33, 0, '2018-02-25 17:07:07', 0, 'Присутствовал на занятии'),
(516, 33, 0, '2018-03-02 18:42:16', 0, 'Присутствовал на занятии'),
(517, 33, 1, '2018-03-09 15:30:49', 2000, 'на 08.03 на балансе -1'),
(518, 33, 0, '2018-03-09 15:32:05', 2000, 'Оплата индивидуального пакета'),
(519, 33, 0, '2018-03-09 16:11:10', 0, 'Присутствовал на занятии'),
(520, 33, 1, '2018-03-09 16:11:10', 2000, ''),
(521, 33, 1, '2018-03-09 16:56:43', -2000, 'корректировка'),
(522, 33, 0, '2018-03-16 18:39:33', 0, 'Присутствовал на занятии'),
(523, 33, 0, '2018-03-23 12:47:03', 0, 'Отсутствовал на занятии'),
(524, 33, 0, '2018-03-30 17:41:41', 0, 'Присутствовал на занятии'),
(525, 33, 0, '2018-04-06 17:48:07', 0, 'Присутствовал на занятии'),
(526, 33, 0, '2018-04-13 18:10:55', 0, 'Присутствовал на занятии'),
(527, 33, 1, '2018-04-13 19:39:38', 1800, 'на 13.04 -1,5 занятия'),
(528, 33, 0, '2018-04-13 19:42:26', 1800, 'Оплата индивидуального пакета'),
(529, 34, 1, '2017-12-28 19:49:06', 1, ''),
(530, 34, 0, '2017-12-28 19:49:30', 1, 'Оплата индивидуального пакета'),
(531, 34, 0, '2018-01-18 22:41:07', 0, 'Присутствовал на занятии'),
(532, 34, 0, '2018-01-25 21:55:49', 0, 'Присутствовал на занятии'),
(533, 34, 0, '2018-02-01 19:57:56', 0, 'Отсутствовал на занятии'),
(534, 34, 0, '2018-02-08 20:45:42', 0, 'Присутствовал на занятии'),
(535, 34, 1, '2018-02-15 18:40:26', 2000, 'на балансе перед оплатой было -0,5'),
(536, 34, 0, '2018-02-15 18:41:23', 2000, 'Оплата индивидуального пакета'),
(537, 34, 0, '2018-02-15 20:38:51', 0, 'Присутствовал на занятии'),
(538, 34, 0, '2018-02-22 17:17:48', 0, 'Отсутствовал на занятии'),
(539, 34, 0, '2018-03-01 20:58:57', 0, 'Присутствовал на занятии'),
(540, 34, 0, '2018-03-15 21:48:48', 0, 'Присутствовал на занятии'),
(541, 34, 1, '2018-03-22 17:00:53', 2000, 'на 21.03 в остатке 1 занятие'),
(542, 34, 0, '2018-03-23 20:56:55', 2000, 'Оплата индивидуального пакета'),
(543, 34, 0, '2018-03-25 12:23:25', 0, 'Присутствовал на занятии'),
(544, 34, 0, '2018-03-27 19:01:13', 0, 'Присутствовал на занятии'),
(545, 34, 0, '2018-04-19 21:37:28', 0, 'Присутствовал на занятии'),
(546, 35, 0, '2018-01-11 18:10:54', 0, 'Присутствовал на занятии'),
(547, 35, 0, '2018-01-13 16:57:15', 0, 'Присутствовал на занятии'),
(548, 35, 0, '2018-01-18 22:41:13', 0, 'Присутствовал на занятии'),
(549, 35, 1, '2018-01-20 15:49:26', 3000, ''),
(550, 35, 0, '2018-01-20 16:02:24', 3000, 'Оплата индивидуального пакета'),
(551, 35, 0, '2018-01-20 17:05:03', 0, 'Присутствовал на занятии'),
(552, 35, 0, '2018-01-25 21:55:54', 0, 'Присутствовал на занятии'),
(553, 35, 0, '2018-01-27 23:11:38', 0, 'Присутствовал на занятии'),
(554, 35, 0, '2018-02-01 19:57:49', 0, 'Присутствовал на занятии'),
(555, 35, 0, '2018-02-03 17:15:19', 0, 'Присутствовал на занятии'),
(556, 35, 0, '2018-02-08 20:45:50', 0, 'Присутствовал на занятии'),
(557, 35, 1, '2018-02-10 15:49:04', 3000, 'одно занятие в аванс было'),
(558, 35, 0, '2018-02-10 16:08:49', 3000, 'Оплата индивидуального пакета'),
(559, 35, 0, '2018-02-15 20:38:56', 0, 'Присутствовал на занятии'),
(560, 35, 0, '2018-02-17 16:47:03', 0, 'Присутствовал на занятии'),
(561, 35, 0, '2018-02-17 17:06:30', 0, 'Присутствовал на занятии'),
(562, 35, 0, '2018-02-22 19:56:19', 0, 'Присутствовал на занятии'),
(563, 35, 0, '2018-02-24 17:06:14', 0, 'Присутствовал на занятии'),
(564, 35, 0, '2018-03-01 20:58:41', 0, 'Присутствовал на занятии'),
(565, 35, 0, '2018-03-03 17:06:32', 0, 'Присутствовал на занятии'),
(566, 35, 1, '2018-03-10 17:02:15', 3000, 'на 09.03 было по нулям'),
(567, 35, 0, '2018-03-10 19:41:28', 0, 'Присутствовал на занятии'),
(568, 35, 0, '2018-03-10 20:07:43', 3000, 'Оплата индивидуального пакета'),
(569, 35, 0, '2018-03-15 21:49:07', 0, 'Присутствовал на занятии'),
(570, 35, 0, '2018-03-17 17:13:14', 0, 'Присутствовал на занятии'),
(571, 35, 0, '2018-03-24 17:08:04', 0, 'Присутствовал на занятии'),
(572, 35, 0, '2018-03-25 12:23:13', 0, 'Присутствовал на занятии'),
(573, 35, 0, '2018-03-29 18:01:01', 0, 'Присутствовал на занятии'),
(574, 35, 0, '2018-03-31 17:32:22', 0, 'Присутствовал на занятии'),
(575, 35, 0, '2018-04-05 17:21:52', 0, 'Присутствовал на занятии'),
(576, 35, 1, '2018-04-07 17:07:22', 3000, '7.04 первое занятие по  новому  абонементу(200 должна донести)'),
(577, 35, 0, '2018-04-07 18:09:46', 0, 'Присутствовал на занятии'),
(578, 35, 0, '2018-04-10 22:14:40', 2800, 'Оплата индивидуального пакета'),
(579, 35, 1, '2018-04-12 17:20:30', 200, 'доплата за обонемент'),
(580, 35, 0, '2018-04-12 17:22:25', 400, 'Оплата индивидуального пакета'),
(581, 35, 0, '2018-04-12 18:14:51', 0, 'Присутствовал на занятии'),
(582, 35, 0, '2018-04-14 18:11:53', 0, 'Присутствовал на занятии'),
(583, 35, 0, '2018-04-19 21:37:43', 0, 'Присутствовал на занятии'),
(584, 36, 0, '2018-01-09 18:44:29', 0, 'Присутствовал на занятии'),
(585, 36, 1, '2018-01-16 17:33:23', 800, ''),
(586, 36, 0, '2018-01-16 17:35:07', 800, 'Оплата группового пакета'),
(587, 36, 0, '2018-01-16 18:34:01', 0, 'Присутствовал на занятии'),
(588, 36, 0, '2018-01-18 22:40:59', 0, 'Присутствовал на занятии'),
(589, 36, 0, '2018-01-23 19:30:02', 0, 'Присутствовал на занятии'),
(590, 36, 1, '2018-01-25 19:05:10', 700, ''),
(591, 36, 0, '2018-01-25 21:55:42', 0, 'Присутствовал на занятии'),
(592, 36, 0, '2018-01-27 15:22:22', 350, 'Оплата индивидуального пакета'),
(593, 36, 0, '2018-01-27 15:22:29', 350, 'Оплата индивидуального пакета'),
(594, 36, 0, '2018-01-30 18:29:43', 0, 'Присутствовал на занятии'),
(595, 36, 1, '2018-02-01 16:47:06', 1400, ''),
(596, 36, 0, '2018-02-01 19:57:41', 0, 'Присутствовал на занятии'),
(597, 36, 0, '2018-02-02 12:36:20', 1400, 'Оплата индивидуального пакета'),
(598, 36, 0, '2018-02-06 18:18:55', 0, 'Присутствовал на занятии'),
(599, 36, 1, '2018-02-06 18:32:15', 800, ''),
(600, 36, 0, '2018-02-06 19:17:19', 800, 'Оплата группового пакета'),
(601, 36, 0, '2018-02-08 20:45:34', 0, 'Присутствовал на занятии'),
(602, 36, 0, '2018-02-13 20:28:42', 0, 'Присутствовал на занятии'),
(603, 36, 0, '2018-02-15 20:38:43', 0, 'Присутствовал на занятии'),
(604, 36, 0, '2018-02-20 18:36:54', 0, 'Присутствовал на занятии'),
(605, 36, 0, '2018-02-22 19:56:31', 0, 'Присутствовал на занятии'),
(606, 36, 0, '2018-02-27 20:35:26', 0, 'Присутствовал на занятии'),
(607, 36, 0, '2018-03-01 20:59:15', 0, 'Присутствовал на занятии'),
(608, 36, 1, '2018-03-04 14:12:55', 800, 'на групповые'),
(609, 36, 0, '2018-03-04 14:14:10', 800, 'Оплата группового пакета'),
(610, 36, 1, '2018-03-06 18:04:58', 1500, 'на 06,03 -1 индивидуальное, на 05,03 +4 груповых'),
(611, 36, 0, '2018-03-06 18:06:37', 0, 'Присутствовал на занятии'),
(612, 36, 0, '2018-03-06 19:52:47', 1400, 'Оплата индивидуального пакета'),
(613, 36, 0, '2018-03-13 18:52:46', 0, 'Присутствовал на занятии'),
(614, 36, 0, '2018-03-15 21:48:28', 0, 'Присутствовал на занятии'),
(615, 36, 0, '2018-03-20 19:53:07', 0, 'Присутствовал на занятии'),
(616, 36, 0, '2018-03-25 12:22:54', 0, 'Присутствовал на занятии'),
(617, 36, 0, '2018-03-27 18:31:59', 0, 'Присутствовал на занятии'),
(618, 36, 0, '2018-03-29 18:01:21', 0, 'Присутствовал на занятии'),
(619, 36, 1, '2018-04-03 18:39:48', 1000, 'на 02,04 было по нулям'),
(620, 36, 0, '2018-04-03 19:05:52', 400, 'Оплата группового пакета'),
(621, 36, 0, '2018-04-03 19:39:36', 0, 'Присутствовал на занятии'),
(622, 36, 1, '2018-04-10 16:17:44', 750, 'на 9.04 в остатке 0 индив. 1 групповое'),
(623, 36, 0, '2018-04-10 16:18:55', 400, 'Оплата группового пакета'),
(624, 36, 0, '2018-04-10 16:19:19', 350, 'Оплата индивидуального пакета'),
(625, 36, 0, '2018-04-10 16:19:30', 350, 'Оплата индивидуального пакета'),
(626, 36, 0, '2018-04-10 16:19:38', 350, 'Оплата индивидуального пакета'),
(627, 36, 0, '2018-04-10 18:32:21', 0, 'Присутствовал на занятии'),
(628, 36, 0, '2018-04-12 18:14:34', 0, 'Присутствовал на занятии'),
(629, 36, 0, '2018-04-17 19:35:39', 0, 'Присутствовал на занятии'),
(630, 36, 0, '2018-04-19 21:37:12', 0, 'Присутствовал на занятии'),
(631, 37, 1, '2017-12-28 19:55:33', 1, ''),
(632, 37, 0, '2017-12-28 20:03:28', 1, 'Оплата индивидуального пакета'),
(633, 38, 1, '2018-01-08 17:31:20', 3000, ''),
(634, 38, 0, '2018-01-08 17:31:50', 3000, 'Оплата индивидуального пакета'),
(635, 38, 0, '2018-01-08 18:28:25', 0, 'Присутствовал на занятии'),
(636, 38, 0, '2018-01-10 18:37:34', 0, 'Присутствовал на занятии'),
(637, 38, 0, '2018-01-15 18:26:55', 0, 'Присутствовал на занятии'),
(638, 38, 0, '2018-01-17 18:35:46', 0, 'Присутствовал на занятии'),
(639, 38, 0, '2018-01-22 21:38:01', 0, 'Присутствовал на занятии'),
(640, 38, 0, '2018-01-29 18:25:28', 0, 'Присутствовал на занятии'),
(641, 38, 0, '2018-01-31 18:33:04', 0, 'Присутствовал на занятии'),
(642, 38, 0, '2018-02-05 18:28:17', 0, 'Присутствовал на занятии'),
(643, 38, 0, '2018-02-07 16:34:00', 0, 'Отсутствовал на занятии'),
(644, 38, 0, '2018-02-21 16:36:42', 0, 'Присутствовал на занятии'),
(645, 38, 1, '2018-02-21 16:41:55', 3000, '5 февраля должна была быть эта платежка'),
(646, 38, 0, '2018-02-21 16:42:52', 3000, 'Оплата индивидуального пакета'),
(647, 38, 0, '2018-02-26 16:31:16', 0, 'Присутствовал на занятии'),
(648, 38, 0, '2018-02-28 17:30:11', 0, 'Присутствовал на занятии'),
(649, 38, 0, '2018-03-05 12:12:37', 0, 'Отсутствовал на занятии'),
(650, 38, 0, '2018-03-07 15:37:00', 0, 'Присутствовал на занятии'),
(651, 38, 0, '2018-03-14 15:35:18', 0, 'Присутствовал на занятии'),
(652, 38, 0, '2018-03-19 16:36:29', 0, 'Присутствовал на занятии'),
(653, 38, 0, '2018-03-21 12:00:37', 0, 'Отсутствовал на занятии'),
(654, 38, 0, '2018-03-26 18:52:26', 0, 'Присутствовал на занятии'),
(655, 38, 0, '2018-03-28 16:28:57', 0, 'Присутствовал на занятии'),
(656, 38, 1, '2018-03-31 12:41:07', 3000, 'на 31.03 -1,5 занятия'),
(657, 38, 0, '2018-03-31 12:41:43', 3000, 'Оплата индивидуального пакета'),
(658, 38, 0, '2018-04-02 17:26:12', 0, 'Присутствовал на занятии'),
(659, 38, 0, '2018-04-05 19:03:11', 0, 'Присутствовал на занятии'),
(660, 38, 0, '2018-04-09 17:27:34', 0, 'Присутствовал на занятии'),
(661, 38, 0, '2018-04-11 18:07:10', 0, 'Присутствовал на занятии'),
(662, 38, 0, '2018-04-16 12:11:48', 0, 'Отсутствовал на занятии'),
(663, 39, 1, '2017-12-28 19:46:51', 1, ''),
(664, 39, 0, '2017-12-28 19:47:19', 1, 'Оплата индивидуального пакета'),
(665, 39, 0, '2018-01-08 18:28:31', 0, 'Присутствовал на занятии'),
(666, 39, 0, '2018-01-10 18:37:55', 0, 'Присутствовал на занятии'),
(667, 39, 0, '2018-01-14 13:57:17', 0, 'Присутствовал на занятии'),
(668, 39, 0, '2018-01-15 18:27:02', 0, 'Присутствовал на занятии'),
(669, 39, 0, '2018-01-17 18:35:39', 0, 'Присутствовал на занятии'),
(670, 39, 1, '2018-01-21 14:01:05', 2500, 'за 7 уроков'),
(671, 39, 0, '2018-01-21 14:01:31', 2500, 'Оплата индивидуального пакета'),
(672, 39, 0, '2018-01-21 15:13:06', 0, 'Присутствовал на занятии'),
(673, 39, 0, '2018-01-22 21:37:44', 0, 'Присутствовал на занятии'),
(674, 39, 0, '2018-01-24 19:42:39', 0, 'Присутствовал на занятии'),
(675, 39, 0, '2018-01-28 15:08:31', 0, 'Присутствовал на занятии'),
(676, 39, 0, '2018-01-29 18:25:33', 0, 'Присутствовал на занятии'),
(677, 39, 0, '2018-01-31 18:32:51', 0, 'Присутствовал на занятии'),
(678, 39, 0, '2018-02-04 13:58:46', 0, 'Присутствовал на занятии'),
(679, 39, 0, '2018-02-05 18:28:30', 0, 'Присутствовал на занятии'),
(680, 39, 0, '2018-02-07 19:09:18', 0, 'Присутствовал на занятии'),
(681, 39, 0, '2018-02-18 13:57:54', 0, 'Присутствовал на занятии'),
(682, 39, 1, '2018-02-18 13:59:36', 3100, 'за 9 уроков+абонплата'),
(683, 39, 0, '2018-02-18 15:48:23', 700, 'Оплата индивидуального пакета'),
(684, 39, 0, '2018-02-18 15:48:43', 2400, 'Оплата индивидуального пакета'),
(685, 39, 0, '2018-02-19 17:30:12', 0, 'Присутствовал на занятии'),
(686, 39, 0, '2018-02-21 17:29:43', 0, 'Присутствовал на занятии'),
(687, 39, 0, '2018-02-26 17:30:15', 0, 'Присутствовал на занятии'),
(688, 39, 0, '2018-03-05 17:30:26', 0, 'Присутствовал на занятии'),
(689, 39, 1, '2018-03-05 17:33:00', 1000, 'на 04,03 2 занятия в остатке'),
(690, 39, 0, '2018-03-05 17:39:27', 700, 'Оплата индивидуального пакета'),
(691, 39, 0, '2018-03-05 17:40:10', 300, 'Оплата индивидуального пакета'),
(692, 39, 0, '2018-03-14 17:30:09', 0, 'Присутствовал на занятии'),
(693, 39, 0, '2018-03-18 13:58:51', 0, 'Присутствовал на занятии'),
(694, 39, 0, '2018-03-19 18:34:07', 0, 'Присутствовал на занятии'),
(695, 39, 0, '2018-03-21 13:46:42', 0, 'Отсутствовал на занятии'),
(696, 39, 0, '2018-03-25 13:02:16', 0, 'Присутствовал на занятии'),
(697, 39, 0, '2018-03-26 18:52:46', 0, 'Присутствовал на занятии'),
(698, 39, 0, '2018-03-28 17:30:10', 0, 'Присутствовал на занятии'),
(699, 39, 1, '2018-03-28 18:34:15', 1050, 'оплата долга в 3,5 зан. на 29,03 по нулям'),
(700, 39, 0, '2018-03-28 20:06:55', 900, 'Оплата индивидуального пакета'),
(701, 39, 1, '2018-03-29 21:00:24', 50, ''),
(702, 39, 0, '2018-03-29 21:01:34', 200, 'Оплата индивидуального пакета'),
(703, 39, 0, '2018-04-01 16:06:12', 0, 'Присутствовал на занятии'),
(704, 39, 0, '2018-04-02 17:26:39', 0, 'Присутствовал на занятии'),
(705, 39, 0, '2018-04-04 19:14:48', 0, 'Присутствовал на занятии'),
(706, 41, 1, '2017-12-28 18:53:38', 1, ''),
(707, 41, 0, '2017-12-28 18:53:58', 0, 'Оплата индивидуального пакета'),
(708, 41, 0, '2018-01-11 19:38:43', 0, 'Присутствовал на занятии'),
(709, 41, 0, '2018-01-15 17:08:44', 0, 'Отсутствовал на занятии'),
(710, 41, 0, '2018-01-18 17:57:03', 0, 'Присутствовал на занятии'),
(711, 41, 0, '2018-01-29 18:57:04', 0, 'Присутствовал на занятии'),
(712, 41, 1, '2018-02-05 19:01:41', 2000, ''),
(713, 41, 0, '2018-02-05 19:09:03', 0, 'Присутствовал на занятии'),
(714, 41, 0, '2018-02-06 19:16:27', 2000, 'Оплата индивидуального пакета'),
(715, 41, 0, '2018-02-12 18:24:13', 0, 'Присутствовал на занятии'),
(716, 41, 0, '2018-02-19 19:27:31', 0, 'Присутствовал на занятии'),
(717, 41, 0, '2018-02-26 17:27:45', 0, 'Отсутствовал на занятии'),
(718, 41, 0, '2018-03-01 19:16:34', 0, 'Присутствовал на занятии'),
(719, 41, 0, '2018-03-05 18:55:49', 0, 'Присутствовал на занятии'),
(720, 41, 1, '2018-03-05 19:59:32', 1999, '-1 на 05,03'),
(721, 41, 0, '2018-03-05 21:24:56', 2000, 'Оплата индивидуального пакета'),
(722, 41, 0, '2018-03-14 20:02:03', 0, 'Присутствовал на занятии'),
(723, 41, 0, '2018-03-14 20:02:05', 0, 'Присутствовал на занятии'),
(724, 41, 0, '2018-03-14 20:02:06', 0, 'Присутствовал на занятии'),
(725, 41, 1, '2018-03-21 19:01:29', 1, 'корректировка, после 21.03 еще два урока на балансе есть'),
(726, 41, 0, '2018-03-21 19:02:26', 1, 'Оплата индивидуального пакета'),
(727, 41, 0, '2018-03-21 20:03:33', 0, 'Присутствовал на занятии'),
(728, 41, 0, '2018-03-28 21:56:17', 0, 'Отсутствовал на занятии'),
(729, 41, 0, '2018-04-04 18:56:34', 0, 'Присутствовал на занятии'),
(730, 41, 1, '2018-04-11 19:00:01', 200, 'оплата долга в 0,5 урока'),
(731, 41, 0, '2018-04-11 19:58:40', 0, 'Присутствовал на занятии'),
(732, 41, 0, '2018-04-12 13:24:03', 200, 'Оплата индивидуального пакета'),
(733, 43, 1, '2018-01-08 18:03:26', 350, ''),
(734, 43, 0, '2018-01-08 18:07:42', 0, 'Присутствовал на занятии'),
(735, 43, 1, '2018-01-09 16:27:07', 1850, ''),
(736, 43, 0, '2018-01-09 16:40:14', 1400, 'Оплата индивидуального пакета'),
(737, 43, 0, '2018-01-09 16:40:25', 800, 'Оплата группового пакета'),
(738, 43, 0, '2018-01-09 18:44:29', 0, 'Присутствовал на занятии'),
(739, 43, 0, '2018-01-15 17:08:59', 0, 'Присутствовал на занятии'),
(740, 43, 0, '2018-01-16 18:34:01', 0, 'Присутствовал на занятии'),
(741, 43, 0, '2018-01-22 17:46:55', 0, 'Присутствовал на занятии'),
(742, 43, 0, '2018-01-23 19:30:02', 0, 'Присутствовал на занятии'),
(743, 43, 0, '2018-01-29 17:05:29', 0, 'Присутствовал на занятии'),
(744, 43, 0, '2018-01-30 18:29:43', 0, 'Присутствовал на занятии'),
(745, 43, 0, '2018-02-05 17:05:06', 0, 'Присутствовал на занятии'),
(746, 43, 1, '2018-02-05 17:59:10', 550, ''),
(747, 43, 0, '2018-02-06 18:18:55', 0, 'Присутствовал на занятии'),
(748, 43, 0, '2018-02-11 15:42:13', 350, 'Оплата индивидуального пакета'),
(749, 43, 1, '2018-02-12 17:59:34', 2200, ''),
(750, 43, 0, '2018-02-12 18:00:07', 0, 'Присутствовал на занятии'),
(751, 43, 0, '2018-02-12 21:05:43', 1600, 'Оплата индивидуального пакета'),
(752, 43, 0, '2018-02-12 21:05:52', 800, 'Оплата группового пакета'),
(753, 43, 0, '2018-02-13 20:28:42', 0, 'Присутствовал на занятии'),
(754, 43, 0, '2018-02-19 17:20:47', 0, 'Присутствовал на занятии'),
(755, 43, 0, '2018-02-20 18:36:54', 0, 'Присутствовал на занятии'),
(756, 43, 0, '2018-02-26 17:28:05', 0, 'Присутствовал на занятии'),
(757, 43, 0, '2018-02-27 20:35:26', 0, 'Присутствовал на занятии'),
(758, 43, 0, '2018-03-05 17:01:41', 0, 'Присутствовал на занятии'),
(759, 43, 0, '2018-03-06 18:06:37', 0, 'Присутствовал на занятии'),
(760, 43, 1, '2018-03-06 18:25:58', 200, 'в счет переплаты\"за место 1400 купили за 1600\"'),
(761, 43, 0, '2018-03-12 17:53:03', 0, 'Присутствовал на занятии');
INSERT INTO `Payment` (`id`, `user`, `type`, `datetime`, `value`, `description`) VALUES
(762, 43, 1, '2018-03-12 17:57:01', 2000, 'на 11.03 было -1 индив -1 групповое'),
(763, 43, 0, '2018-03-12 17:57:50', 1400, 'Оплата индивидуального пакета'),
(764, 43, 0, '2018-03-12 17:58:06', 800, 'Оплата группового пакета'),
(765, 43, 0, '2018-03-13 18:52:46', 0, 'Присутствовал на занятии'),
(766, 43, 0, '2018-03-19 17:38:35', 0, 'Присутствовал на занятии'),
(767, 43, 0, '2018-03-19 17:38:38', 0, 'Присутствовал на занятии'),
(768, 43, 0, '2018-03-19 17:38:39', 0, 'Присутствовал на занятии'),
(769, 43, 0, '2018-03-20 19:53:07', 0, 'Присутствовал на занятии'),
(770, 43, 0, '2018-03-26 14:24:53', 0, 'Присутствовал на занятии'),
(771, 43, 0, '2018-03-27 18:31:59', 0, 'Присутствовал на занятии'),
(772, 43, 1, '2018-03-27 18:37:07', 1, 'корректировка, на 28.03 должны выйти по нулям'),
(773, 43, 0, '2018-03-27 18:37:56', 1, 'Оплата индивидуального пакета'),
(774, 43, 0, '2018-04-03 19:39:36', 0, 'Присутствовал на занятии'),
(775, 43, 1, '2018-04-10 18:31:26', 1000, 'на 9.04 - 1 груповое занятие'),
(776, 43, 0, '2018-04-10 18:32:21', 0, 'Присутствовал на занятии'),
(777, 43, 0, '2018-04-10 22:17:50', 1000, 'Оплата группового пакета'),
(778, 43, 0, '2018-04-17 19:35:39', 0, 'Присутствовал на занятии'),
(779, 45, 1, '2017-12-28 18:47:13', 1, ''),
(780, 45, 0, '2017-12-28 18:47:29', 0, 'Оплата индивидуального пакета'),
(781, 45, 0, '2018-01-09 19:28:39', 0, 'Присутствовал на занятии'),
(782, 45, 0, '2018-01-12 18:13:35', 0, 'Присутствовал на занятии'),
(783, 45, 0, '2018-01-16 17:55:29', 0, 'Присутствовал на занятии'),
(784, 45, 1, '2018-01-16 17:57:11', 3000, ''),
(785, 45, 0, '2018-01-16 17:58:23', 3000, 'Оплата индивидуального пакета'),
(786, 45, 0, '2018-01-21 10:12:27', 0, 'Присутствовал на занятии'),
(787, 45, 0, '2018-01-23 18:35:23', 0, 'Отсутствовал на занятии'),
(788, 45, 0, '2018-01-26 17:36:25', 0, 'Присутствовал на занятии'),
(789, 45, 0, '2018-02-02 17:51:30', 0, 'Отсутствовал на занятии'),
(790, 45, 0, '2018-02-06 18:56:32', 0, 'Отсутствовал на занятии'),
(791, 45, 0, '2018-02-09 16:54:27', 0, 'Присутствовал на занятии'),
(792, 45, 0, '2018-02-13 19:11:40', 0, 'Отсутствовал на занятии'),
(793, 45, 0, '2018-02-20 18:54:57', 0, 'Присутствовал на занятии'),
(794, 45, 0, '2018-02-25 13:08:58', 0, 'Отсутствовал на занятии'),
(795, 45, 0, '2018-02-27 17:16:49', 0, 'Присутствовал на занятии'),
(796, 45, 1, '2018-02-27 17:58:22', 2999, 'на 27 фев было - 1.5 занятия'),
(797, 45, 0, '2018-02-27 18:18:36', 3000, 'Оплата индивидуального пакета'),
(798, 45, 0, '2018-03-02 15:11:09', 0, 'Отсутствовал на занятии'),
(799, 45, 0, '2018-03-06 19:05:39', 0, 'Присутствовал на занятии'),
(800, 45, 0, '2018-03-13 13:54:12', 0, 'Отсутствовал на занятии'),
(801, 45, 0, '2018-03-16 17:26:16', 0, 'Присутствовал на занятии'),
(802, 45, 0, '2018-03-20 18:02:35', 0, 'Присутствовал на занятии'),
(803, 45, 0, '2018-03-23 18:18:53', 0, 'Присутствовал на занятии'),
(804, 45, 0, '2018-03-27 14:14:25', 0, 'Отсутствовал на занятии'),
(805, 45, 0, '2018-03-30 13:41:05', 0, 'Отсутствовал на занятии'),
(806, 45, 0, '2018-04-03 11:22:24', 0, 'Отсутствовал на занятии'),
(807, 45, 0, '2018-04-06 17:50:37', 0, 'Присутствовал на занятии'),
(808, 45, 1, '2018-04-06 18:06:28', 3000, '06.04 сегодня первое занятие по новому абонементу, 200р донесет '),
(809, 45, 0, '2018-04-10 19:09:06', 0, 'Присутствовал на занятии'),
(810, 45, 0, '2018-04-10 22:14:45', 2800, 'Оплата индивидуального пакета'),
(811, 45, 0, '2018-04-13 17:13:45', 0, 'Отсутствовал на занятии'),
(812, 45, 0, '2018-04-13 17:28:41', 0, 'Отсутствовал на занятии'),
(813, 45, 0, '2018-04-17 17:59:35', 0, 'Отсутствовал на занятии'),
(814, 45, 0, '2018-04-18 16:53:57', 200, 'Оплата индивидуального пакета'),
(815, 47, 1, '2017-12-31 00:17:26', 1, ''),
(816, 47, 0, '2017-12-31 00:17:46', 1, 'Оплата индивидуального пакета'),
(817, 47, 0, '2018-01-23 15:38:44', 0, 'Отсутствовал на занятии'),
(818, 47, 0, '2018-01-26 15:14:41', 0, 'Присутствовал на занятии'),
(819, 47, 0, '2018-01-30 17:55:25', 0, 'Присутствовал на занятии'),
(820, 47, 0, '2018-02-02 17:12:58', 0, 'Присутствовал на занятии'),
(821, 47, 0, '2018-02-06 16:49:40', 0, 'Присутствовал на занятии'),
(822, 47, 0, '2018-02-09 14:03:21', 0, 'Отсутствовал на занятии'),
(823, 47, 1, '2018-02-12 16:30:00', 3000, ''),
(824, 47, 0, '2018-02-12 21:10:20', 3000, 'Оплата индивидуального пакета'),
(825, 47, 0, '2018-02-13 16:02:00', 0, 'Отсутствовал на занятии'),
(826, 47, 0, '2018-02-16 15:39:41', 0, 'Присутствовал на занятии'),
(827, 47, 0, '2018-02-21 16:57:27', 0, 'Присутствовал на занятии'),
(828, 47, 0, '2018-02-25 13:43:44', 0, 'Присутствовал на занятии'),
(829, 47, 0, '2018-02-28 15:18:33', 0, 'Отсутствовал на занятии'),
(830, 47, 0, '2018-03-02 16:51:56', 0, 'Присутствовал на занятии'),
(831, 47, 0, '2018-03-03 15:31:23', 0, 'Присутствовал на занятии'),
(832, 47, 0, '2018-03-07 16:37:58', 0, 'Присутствовал на занятии'),
(833, 47, 1, '2018-03-08 21:32:47', 3000, '08.03 на балансе -2'),
(834, 47, 0, '2018-03-08 21:33:30', 3000, 'Оплата индивидуального пакета'),
(835, 47, 0, '2018-03-09 13:18:48', 0, 'Присутствовал на занятии'),
(836, 47, 0, '2018-03-09 17:25:30', 0, 'Присутствовал на занятии'),
(837, 47, 0, '2018-03-14 17:24:21', 0, 'Присутствовал на занятии'),
(838, 47, 0, '2018-03-16 15:31:43', 0, 'Присутствовал на занятии'),
(839, 47, 0, '2018-03-17 19:29:00', 0, 'Отсутствовал на занятии'),
(840, 47, 0, '2018-03-21 17:51:54', 0, 'Отсутствовал на занятии'),
(841, 47, 0, '2018-03-23 15:34:42', 0, 'Отсутствовал на занятии'),
(842, 47, 0, '2018-03-24 22:41:45', 0, 'Присутствовал на занятии'),
(843, 47, 0, '2018-03-27 13:09:17', 0, 'Присутствовал на занятии'),
(844, 47, 1, '2018-03-27 15:21:58', 200, 'корректировка баланса'),
(845, 47, 0, '2018-03-27 15:23:31', 200, 'Оплата индивидуального пакета'),
(846, 47, 0, '2018-03-30 15:06:18', 0, 'Присутствовал на занятии'),
(847, 47, 0, '2018-03-31 20:11:05', 0, 'Присутствовал на занятии'),
(848, 47, 1, '2018-04-02 11:59:41', 3000, 'на 02.04 в остатке - 3 занятия'),
(849, 47, 0, '2018-04-02 12:06:56', 3000, 'Оплата индивидуального пакета'),
(850, 47, 0, '2018-04-06 17:48:24', 0, 'Присутствовал на занятии'),
(851, 47, 0, '2018-04-07 18:09:48', 0, 'Отсутствовал на занятии'),
(852, 47, 0, '2018-04-10 17:47:00', 0, 'Отсутствовал на занятии'),
(853, 47, 0, '2018-04-13 15:07:20', 0, 'Присутствовал на занятии'),
(854, 48, 1, '2017-12-28 19:36:08', 1, ''),
(855, 48, 0, '2017-12-28 19:37:38', 1, 'Оплата индивидуального пакета'),
(856, 48, 1, '2018-01-10 18:06:52', 1600, ''),
(857, 48, 0, '2018-01-10 18:07:22', 1600, 'Оплата индивидуального пакета'),
(858, 48, 0, '2018-01-11 15:31:37', 0, 'Присутствовал на занятии'),
(859, 48, 0, '2018-01-11 19:37:59', 0, 'Присутствовал на занятии'),
(860, 48, 0, '2018-01-14 15:23:08', 0, 'Присутствовал на занятии'),
(861, 48, 0, '2018-01-15 17:09:17', 0, 'Присутствовал на занятии'),
(862, 48, 0, '2018-01-17 19:08:30', 0, 'Присутствовал на занятии'),
(863, 48, 0, '2018-01-18 17:55:39', 0, 'Присутствовал на занятии'),
(864, 48, 0, '2018-01-22 10:14:26', 0, 'Присутствовал на занятии'),
(865, 48, 0, '2018-01-22 17:46:27', 0, 'Присутствовал на занятии'),
(866, 48, 0, '2018-01-24 18:59:12', 0, 'Присутствовал на занятии'),
(867, 48, 0, '2018-01-25 17:35:03', 0, 'Отсутствовал на занятии'),
(868, 48, 0, '2018-01-29 14:53:12', 0, 'Присутствовал на занятии'),
(869, 48, 0, '2018-01-31 18:58:39', 0, 'Присутствовал на занятии'),
(870, 48, 1, '2018-02-01 17:04:40', 4000, ''),
(871, 48, 0, '2018-02-01 17:17:21', 0, 'Присутствовал на занятии'),
(872, 48, 0, '2018-02-05 15:53:46', 0, 'Присутствовал на занятии'),
(873, 48, 0, '2018-02-07 18:00:41', 0, 'Присутствовал на занятии'),
(874, 48, 0, '2018-02-08 16:17:29', 0, 'Присутствовал на занятии'),
(875, 48, 0, '2018-02-12 15:57:05', 0, 'Присутствовал на занятии'),
(876, 48, 0, '2018-02-13 13:57:13', 0, 'Отсутствовал на занятии'),
(877, 48, 0, '2018-02-13 14:01:04', 2000, 'Оплата индивидуального пакета'),
(878, 48, 0, '2018-02-13 14:01:16', 2000, 'Оплата индивидуального пакета'),
(879, 48, 0, '2018-02-15 16:56:23', 0, 'Присутствовал на занятии'),
(880, 48, 0, '2018-02-19 14:19:03', 0, 'Присутствовал на занятии'),
(881, 48, 0, '2018-02-21 22:28:05', 0, 'Присутствовал на занятии'),
(882, 48, 0, '2018-02-22 17:50:28', 0, 'Присутствовал на занятии'),
(883, 48, 0, '2018-02-26 14:40:39', 0, 'Присутствовал на занятии'),
(884, 48, 0, '2018-02-28 20:53:14', 0, 'Присутствовал на занятии'),
(885, 48, 0, '2018-03-01 19:14:47', 0, 'Присутствовал на занятии'),
(886, 48, 1, '2018-03-02 10:33:05', 4000, '12 уроков, с 05 марта отсчет '),
(887, 48, 0, '2018-03-02 18:58:15', 3100, 'Оплата индивидуального пакета'),
(888, 48, 0, '2018-03-02 18:58:42', 900, 'Оплата индивидуального пакета'),
(889, 48, 0, '2018-03-05 14:25:19', 0, 'Присутствовал на занятии'),
(890, 48, 0, '2018-03-07 21:04:20', 0, 'Присутствовал на занятии'),
(891, 48, 0, '2018-03-12 16:57:06', 0, 'Присутствовал на занятии'),
(892, 48, 0, '2018-03-14 20:16:41', 0, 'Присутствовал на занятии'),
(893, 48, 0, '2018-03-15 16:37:56', 0, 'Отсутствовал на занятии'),
(894, 48, 0, '2018-03-15 16:37:58', 0, 'Отсутствовал на занятии'),
(895, 48, 0, '2018-03-15 16:37:59', 0, 'Отсутствовал на занятии'),
(896, 48, 0, '2018-03-15 16:38:00', 0, 'Отсутствовал на занятии'),
(897, 48, 0, '2018-03-15 16:38:01', 0, 'Отсутствовал на занятии'),
(898, 48, 0, '2018-03-15 16:38:02', 0, 'Отсутствовал на занятии'),
(899, 48, 0, '2018-03-15 20:40:09', 0, 'Отсутствовал на занятии'),
(900, 48, 0, '2018-03-19 14:47:48', 0, 'Присутствовал на занятии'),
(901, 48, 0, '2018-03-21 19:56:37', 0, 'Присутствовал на занятии'),
(902, 48, 0, '2018-03-22 16:36:21', 0, 'Присутствовал на занятии'),
(903, 48, 0, '2018-03-26 13:49:07', 0, 'Присутствовал на занятии'),
(904, 48, 0, '2018-03-28 18:07:23', 0, 'Присутствовал на занятии'),
(905, 48, 0, '2018-03-29 18:30:18', 0, 'Присутствовал на занятии'),
(906, 48, 1, '2018-03-30 15:50:58', 201, 'корректировка ошибочного списания 2,5 часов'),
(907, 48, 0, '2018-03-30 15:52:25', 200, 'Оплата индивидуального пакета'),
(908, 48, 0, '2018-03-30 15:53:24', 1, 'Оплата индивидуального пакета'),
(909, 48, 1, '2018-04-02 14:18:25', 4600, 'на 13 занятий, с 04.04 '),
(910, 48, 0, '2018-04-02 14:23:46', 0, 'Присутствовал на занятии'),
(911, 48, 0, '2018-04-04 11:51:02', 1400, 'Оплата индивидуального пакета'),
(912, 48, 0, '2018-04-04 11:51:13', 1400, 'Оплата индивидуального пакета'),
(913, 48, 0, '2018-04-04 11:51:38', 1400, 'Оплата индивидуального пакета'),
(914, 48, 0, '2018-04-04 11:51:47', 350, 'Оплата индивидуального пакета'),
(915, 48, 0, '2018-04-05 18:34:07', 0, 'Присутствовал на занятии'),
(916, 48, 0, '2018-04-09 14:43:01', 0, 'Присутствовал на занятии'),
(917, 48, 0, '2018-04-12 15:51:53', 0, 'Присутствовал на занятии'),
(918, 48, 0, '2018-04-15 22:24:29', 0, 'Присутствовал на занятии'),
(919, 48, 0, '2018-04-16 14:31:02', 0, 'Присутствовал на занятии'),
(920, 48, 0, '2018-04-19 17:50:55', 0, 'Присутствовал на занятии'),
(921, 49, 1, '2017-12-28 19:44:14', 1, ''),
(922, 49, 0, '2017-12-28 19:44:30', 1, 'Оплата индивидуального пакета'),
(923, 49, 0, '2018-01-08 18:07:55', 0, 'Присутствовал на занятии'),
(924, 49, 1, '2018-01-11 16:27:13', 3000, ''),
(925, 49, 0, '2018-01-11 16:28:22', 3000, 'Оплата индивидуального пакета'),
(926, 49, 0, '2018-01-11 18:32:30', 0, 'Присутствовал на занятии'),
(927, 49, 0, '2018-01-14 12:47:36', 0, 'Присутствовал на занятии'),
(928, 49, 0, '2018-01-15 18:26:46', 0, 'Присутствовал на занятии'),
(929, 49, 0, '2018-01-18 17:35:11', 0, 'Присутствовал на занятии'),
(930, 49, 0, '2018-01-21 11:34:15', 0, 'Присутствовал на занятии'),
(931, 49, 0, '2018-01-22 16:07:28', 0, 'Присутствовал на занятии'),
(932, 49, 0, '2018-01-25 16:26:56', 0, 'Присутствовал на занятии'),
(933, 49, 0, '2018-01-28 11:02:26', 0, 'Присутствовал на занятии'),
(934, 49, 0, '2018-01-29 18:25:12', 0, 'Присутствовал на занятии'),
(935, 49, 1, '2018-02-01 16:29:03', 3000, ''),
(936, 49, 0, '2018-02-01 16:41:16', 3000, 'Оплата индивидуального пакета'),
(937, 49, 0, '2018-02-01 17:26:04', 0, 'Присутствовал на занятии'),
(938, 49, 0, '2018-02-04 12:26:34', 0, 'Присутствовал на занятии'),
(939, 49, 0, '2018-02-05 18:28:08', 0, 'Присутствовал на занятии'),
(940, 49, 0, '2018-02-08 17:28:42', 0, 'Присутствовал на занятии'),
(941, 49, 0, '2018-02-11 12:02:28', 0, 'Присутствовал на занятии'),
(942, 49, 0, '2018-02-15 16:33:09', 0, 'Присутствовал на занятии'),
(943, 49, 0, '2018-02-18 11:21:58', 0, 'Присутствовал на занятии'),
(944, 49, 0, '2018-02-19 16:35:45', 0, 'Присутствовал на занятии'),
(945, 49, 0, '2018-02-22 18:29:21', 0, 'Присутствовал на занятии'),
(946, 49, 0, '2018-02-25 11:48:45', 0, '3000 рублей'),
(947, 49, 1, '2018-02-25 13:27:45', 3000, 'на 24.02 в остатке -1'),
(948, 49, 0, '2018-02-25 13:59:22', 3000, 'Оплата индивидуального пакета'),
(949, 49, 0, '2018-02-26 15:37:23', 0, 'Присутствовал на занятии'),
(950, 49, 0, '2018-03-01 17:08:14', 0, 'Присутствовал на занятии'),
(951, 49, 0, '2018-03-04 11:38:06', 0, 'Присутствовал на занятии'),
(952, 49, 0, '2018-03-05 16:29:25', 0, 'Присутствовал на занятии'),
(953, 49, 0, '2018-03-11 11:07:44', 0, 'Присутствовал на занятии'),
(954, 49, 0, '2018-03-18 12:07:34', 0, 'Присутствовал на занятии'),
(955, 49, 0, '2018-03-19 15:39:43', 0, 'Присутствовал на занятии'),
(956, 49, 0, '2018-03-22 16:32:26', 0, 'Присутствовал на занятии'),
(957, 49, 0, '2018-03-25 12:47:16', 0, 'Присутствовал на занятии'),
(958, 49, 1, '2018-03-25 14:07:37', 3000, 'на 24.03 в остатке -2'),
(959, 49, 0, '2018-03-25 14:08:58', 3000, 'Оплата индивидуального пакета'),
(960, 49, 0, '2018-03-26 18:52:08', 0, 'Присутствовал на занятии'),
(961, 49, 0, '2018-03-29 17:34:19', 0, 'Присутствовал на занятии'),
(962, 49, 0, '2018-04-01 16:13:05', 0, 'Присутствовал на занятии'),
(963, 49, 0, '2018-04-02 15:29:53', 0, 'Присутствовал на занятии'),
(964, 49, 0, '2018-04-05 19:02:13', 0, 'Присутствовал на занятии'),
(965, 49, 0, '2018-04-08 13:17:04', 0, 'Присутствовал на занятии'),
(966, 49, 0, '2018-04-09 16:02:13', 0, 'Присутствовал на занятии'),
(967, 49, 1, '2018-04-09 16:27:30', 3200, 'на 9.04 было -2 индив занятия'),
(968, 49, 0, '2018-04-10 15:06:24', 3200, 'Оплата индивидуального пакета'),
(969, 49, 0, '2018-04-12 16:29:23', 0, 'Присутствовал на занятии'),
(970, 49, 0, '2018-04-15 12:04:27', 0, 'Присутствовал на занятии'),
(971, 49, 0, '2018-04-16 15:28:45', 0, 'Присутствовал на занятии'),
(972, 50, 1, '2017-12-28 18:48:03', 2000, ''),
(973, 50, 0, '2017-12-28 18:48:30', 2000, 'Оплата индивидуального пакета'),
(974, 50, 0, '2017-12-28 18:49:53', 0, 'Присутствовал на занятии'),
(975, 50, 0, '2018-01-10 18:39:37', 0, 'Отсутствовал на занятии'),
(976, 50, 0, '2018-01-17 19:35:00', 0, 'Присутствовал на занятии'),
(977, 50, 0, '2018-01-24 18:48:07', 0, 'Присутствовал на занятии'),
(978, 50, 0, '2018-01-31 20:05:59', 0, 'Отсутствовал на занятии'),
(979, 50, 0, '2018-02-07 19:33:35', 0, 'Присутствовал на занятии'),
(980, 50, 0, '2018-02-14 19:14:25', 0, 'Присутствовал на занятии'),
(981, 50, 1, '2018-02-14 20:03:20', 2000, ''),
(982, 50, 0, '2018-02-14 20:04:02', 2000, 'Оплата индивидуального пакета'),
(983, 50, 0, '2018-02-28 20:59:41', 0, 'Присутствовал на занятии'),
(984, 50, 0, '2018-03-15 20:29:53', 0, 'Отсутствовал на занятии'),
(985, 51, 1, '2017-12-28 18:50:18', 1, ''),
(986, 51, 0, '2017-12-28 18:52:56', 0, 'Оплата индивидуального пакета'),
(987, 51, 0, '2018-01-10 18:39:21', 0, 'Присутствовал на занятии'),
(988, 51, 0, '2018-01-17 17:26:53', 0, 'Присутствовал на занятии'),
(989, 51, 0, '2018-01-24 16:57:43', 0, 'Отсутствовал на занятии'),
(990, 51, 0, '2018-01-31 17:35:24', 0, 'Отсутствовал на занятии'),
(991, 52, 0, '2018-01-07 15:50:07', 0, 'Присутствовал на занятии'),
(992, 52, 0, '2018-01-11 19:36:52', 0, 'Присутствовал на занятии'),
(993, 52, 0, '2018-01-18 18:28:56', 0, 'Присутствовал на занятии'),
(994, 52, 0, '2018-01-21 17:58:17', 0, 'Присутствовал на занятии'),
(995, 52, 0, '2018-01-25 20:47:23', 0, 'Присутствовал на занятии'),
(996, 52, 0, '2018-02-01 19:34:33', 0, 'Присутствовал на занятии'),
(997, 52, 0, '2018-02-04 18:41:19', 0, 'Присутствовал на занятии'),
(998, 52, 0, '2018-02-08 18:28:51', 0, 'Отсутствовал на занятии'),
(999, 52, 0, '2018-02-11 17:58:43', 0, 'Присутствовал на занятии'),
(1000, 52, 0, '2018-02-15 20:03:40', 0, 'Присутствовал на занятии'),
(1001, 52, 1, '2018-02-15 20:03:40', 5000, ''),
(1002, 52, 0, '2018-02-18 18:50:37', 0, 'Присутствовал на занятии'),
(1003, 52, 0, '2018-02-22 17:51:27', 0, 'Отсутствовал на занятии'),
(1004, 52, 0, '2018-02-24 16:28:50', 4999, 'Оплата индивидуального пакета'),
(1005, 52, 0, '2018-02-24 16:29:17', 1, 'Оплата индивидуального пакета'),
(1006, 52, 0, '2018-02-25 17:50:56', 0, 'не явилась'),
(1007, 52, 1, '2018-02-26 14:08:57', 200, 'компенсация за ошибочно списанные 0,5 урока'),
(1008, 52, 0, '2018-03-01 19:15:26', 0, 'Присутствовал на занятии'),
(1009, 52, 0, '2018-03-04 17:31:22', 0, 'Присутствовал на занятии'),
(1010, 52, 0, '2018-03-09 12:59:51', 0, 'Присутствовал на занятии'),
(1011, 52, 0, '2018-03-11 17:31:06', 0, 'Присутствовал на занятии'),
(1012, 52, 0, '2018-03-15 17:16:42', 200, 'Оплата индивидуального пакета'),
(1013, 52, 0, '2018-03-15 19:19:17', 0, 'Присутствовал на занятии'),
(1014, 52, 0, '2018-03-18 18:34:06', 0, 'не явился'),
(1015, 52, 0, '2018-04-05 19:56:24', 0, 'Присутствовал на занятии'),
(1016, 52, 1, '2018-04-05 20:02:11', 4050, 'внесла за март за себя и за сестру за 11 занятий,'),
(1017, 52, 0, '2018-04-06 16:49:34', 700, 'Оплата индивидуального пакета'),
(1018, 52, 0, '2018-04-06 16:49:52', 900, 'Оплата индивидуального пакета'),
(1019, 52, 0, '2018-04-06 16:50:19', 300, 'Оплата индивидуального пакета'),
(1020, 52, 0, '2018-04-06 16:50:27', 300, 'Оплата индивидуального пакета'),
(1021, 52, 0, '2018-04-06 16:50:41', 350, 'Оплата индивидуального пакета'),
(1022, 52, 1, '2018-04-06 16:51:04', -1500, 'на баланс Арчибасовой Анна'),
(1023, 52, 0, '2018-04-12 19:33:43', 0, 'Присутствовал на занятии'),
(1024, 52, 0, '2018-04-15 17:02:30', 0, 'Присутствовал на занятии'),
(1025, 52, 0, '2018-04-19 19:47:51', 0, 'Присутствовал на занятии'),
(1026, 53, 1, '2017-12-28 19:39:59', 1, ''),
(1027, 53, 0, '2017-12-28 19:40:23', 1, 'Оплата индивидуального пакета'),
(1028, 53, 0, '2018-01-16 17:57:18', 0, 'Присутствовал на занятии'),
(1029, 53, 0, '2018-01-18 17:54:22', 0, 'Присутствовал на занятии'),
(1030, 53, 0, '2018-01-23 16:36:05', 0, 'Овца'),
(1031, 53, 1, '2018-01-25 13:57:47', 2000, ''),
(1032, 53, 0, '2018-01-25 14:04:22', 2000, 'Оплата индивидуального пакета'),
(1033, 53, 0, '2018-01-25 17:34:46', 0, 'Присутствовал на занятии'),
(1034, 53, 0, '2018-01-25 19:59:01', 0, 'Присутствовал на занятии'),
(1035, 53, 0, '2018-01-30 16:27:22', 0, 'Присутствовал на занятии'),
(1036, 53, 1, '2018-02-01 15:02:34', 2000, ''),
(1037, 53, 0, '2018-02-01 17:16:12', 0, 'Присутствовал на занятии'),
(1038, 53, 0, '2018-02-02 12:26:07', 2000, 'Оплата индивидуального пакета'),
(1039, 53, 0, '2018-02-06 18:40:10', 0, 'Присутствовал на занятии'),
(1040, 53, 0, '2018-02-08 15:10:19', 0, 'Присутствовал на занятии'),
(1041, 53, 0, '2018-02-12 17:09:36', 0, 'Присутствовал на занятии'),
(1042, 53, 0, '2018-02-14 18:37:15', 0, 'Присутствовал на занятии'),
(1043, 53, 0, '2018-02-20 16:03:36', 0, 'Присутствовал на занятии'),
(1044, 53, 0, '2018-02-27 16:09:10', 0, 'Присутствовал на занятии'),
(1045, 53, 1, '2018-02-27 17:00:25', 2000, 'было -0,5'),
(1046, 53, 0, '2018-02-28 11:22:49', 2000, 'Оплата индивидуального пакета'),
(1047, 53, 0, '2018-03-06 16:01:55', 0, 'Присутствовал на занятии'),
(1048, 53, 0, '2018-03-13 19:28:09', 0, 'Присутствовал на занятии'),
(1049, 53, 0, '2018-03-19 18:33:04', 0, 'Присутствовал на занятии'),
(1050, 53, 0, '2018-03-28 19:34:03', 0, 'Отсутствовал на занятии'),
(1051, 54, 1, '2017-12-31 00:45:01', 1, ''),
(1052, 54, 0, '2017-12-31 00:45:32', 1, 'Оплата индивидуального пакета'),
(1053, 54, 0, '2018-01-14 12:50:35', 0, 'Присутствовал на занятии'),
(1054, 54, 0, '2018-01-17 20:54:36', 0, 'Присутствовал на занятии'),
(1055, 54, 0, '2018-01-21 10:37:08', 0, 'Присутствовал на занятии'),
(1056, 54, 0, '2018-01-24 19:39:03', 0, 'Отсутствовал на занятии'),
(1057, 54, 0, '2018-01-28 11:01:31', 0, 'Присутствовал на занятии'),
(1058, 54, 1, '2018-01-28 11:01:31', 3000, ''),
(1059, 54, 0, '2018-01-28 13:08:17', 3000, 'Оплата индивидуального пакета'),
(1060, 54, 0, '2018-01-31 20:16:45', 0, 'Присутствовал на занятии'),
(1061, 54, 0, '2018-02-04 12:27:37', 0, 'Присутствовал на занятии'),
(1062, 54, 0, '2018-02-07 20:57:09', 0, 'Присутствовал на занятии'),
(1063, 54, 0, '2018-02-11 15:18:23', 0, 'Присутствовал на занятии'),
(1064, 54, 0, '2018-02-14 20:19:41', 0, 'Присутствовал на занятии'),
(1065, 54, 0, '2018-02-18 14:29:20', 0, 'Присутствовал на занятии'),
(1066, 54, 0, '2018-02-28 20:58:53', 0, 'Присутствовал на занятии'),
(1067, 54, 0, '2018-03-05 11:10:13', 0, 'Отсутствовал на занятии'),
(1068, 54, 0, '2018-03-14 20:05:53', 0, 'Отсутствовал на занятии'),
(1069, 54, 0, '2018-03-21 20:15:41', 0, 'Присутствовал на занятии'),
(1070, 54, 1, '2018-03-21 21:07:10', 3000, 'на 20.03 в остатке было -0,5'),
(1071, 54, 0, '2018-03-21 23:37:52', 3000, 'Оплата индивидуального пакета'),
(1072, 54, 0, '2018-03-28 21:55:37', 0, 'Присутствовал на занятии'),
(1073, 54, 0, '2018-04-04 20:19:33', 0, 'Присутствовал на занятии'),
(1074, 54, 0, '2018-04-11 20:30:42', 0, 'Присутствовал на занятии'),
(1075, 54, 0, '2018-04-18 22:14:01', 0, 'Присутствовал на занятии'),
(1076, 55, 1, '2017-12-28 19:33:10', 1, ''),
(1077, 55, 0, '2017-12-28 19:33:29', 1, 'Оплата индивидуального пакета'),
(1078, 55, 0, '2018-01-14 13:57:53', 0, 'Отсутствовал на занятии'),
(1079, 55, 0, '2018-01-14 14:17:57', 0, 'Отсутствовал на занятии'),
(1080, 55, 1, '2018-01-14 15:02:52', 1600, ''),
(1081, 55, 0, '2018-01-14 16:12:04', 1600, 'Оплата индивидуального пакета'),
(1082, 55, 0, '2018-01-21 14:39:16', 0, 'Присутствовал на занятии'),
(1083, 55, 0, '2018-01-28 14:40:20', 0, 'Присутствовал на занятии'),
(1084, 55, 0, '2018-02-11 15:18:56', 0, 'Присутствовал на занятии'),
(1085, 55, 0, '2018-02-18 14:29:44', 0, 'Присутствовал на занятии'),
(1086, 55, 0, '2018-02-21 18:40:11', 0, 'Присутствовал на занятии'),
(1087, 55, 1, '2018-02-28 12:15:28', 1600, 'на 28.02 в остатке -1'),
(1088, 55, 0, '2018-02-28 19:51:55', 1600, 'Оплата индивидуального пакета'),
(1089, 55, 0, '2018-03-07 21:23:57', 0, 'Присутствовал на занятии'),
(1090, 55, 0, '2018-03-14 20:04:31', 0, 'Присутствовал на занятии'),
(1091, 55, 0, '2018-03-21 20:02:44', 0, 'Присутствовал на занятии'),
(1092, 55, 0, '2018-03-28 21:55:58', 0, 'Присутствовал на занятии'),
(1093, 55, 0, '2018-04-04 20:03:15', 0, 'Присутствовал на занятии'),
(1094, 55, 1, '2018-04-10 10:22:53', 1600, 'на 10.04 на остатке -2 индив.'),
(1095, 55, 0, '2018-04-10 15:15:21', 1600, 'Оплата индивидуального пакета'),
(1096, 55, 0, '2018-04-11 19:59:26', 0, 'Присутствовал на занятии'),
(1097, 55, 0, '2018-04-18 15:56:55', 0, 'Отсутствовал на занятии'),
(1098, 56, 0, '2018-01-07 14:05:56', 0, 'Присутствовал на занятии'),
(1099, 56, 0, '2018-01-14 12:50:13', 0, 'Присутствовал на занятии'),
(1100, 56, 0, '2018-01-14 13:11:10', 0, 'Присутствовал на занятии'),
(1101, 56, 1, '2018-01-17 13:29:12', 1800, ''),
(1102, 56, 0, '2018-01-20 15:35:58', 1800, 'Оплата индивидуального пакета'),
(1103, 56, 0, '2018-01-21 12:59:14', 0, 'Присутствовал на занятии'),
(1104, 56, 0, '2018-01-21 13:01:47', 0, 'Присутствовал на занятии'),
(1105, 56, 0, '2018-01-28 11:59:22', 0, 'Присутствовал на занятии'),
(1106, 56, 0, '2018-01-28 13:21:57', 0, 'Присутствовал на занятии'),
(1107, 56, 1, '2018-02-02 12:32:17', 1000, ''),
(1108, 56, 0, '2018-02-04 12:27:07', 0, 'Присутствовал на занятии'),
(1109, 56, 0, '2018-02-04 12:55:34', 0, 'Присутствовал на занятии'),
(1110, 56, 1, '2018-02-09 14:07:57', 200, ''),
(1111, 56, 0, '2018-02-11 12:03:28', 0, 'Присутствовал на занятии'),
(1112, 56, 0, '2018-02-11 14:06:16', 0, 'Присутствовал на занятии'),
(1113, 56, 0, '2018-02-15 16:44:53', 0, 'Оплата индивидуального пакета'),
(1114, 56, 0, '2018-02-15 16:45:15', 900, 'Оплата индивидуального пакета'),
(1115, 56, 0, '2018-02-15 16:45:24', 300, 'Оплата индивидуального пакета'),
(1116, 56, 0, '2018-02-18 11:54:43', 0, 'Присутствовал на занятии'),
(1117, 56, 0, '2018-02-18 12:45:09', 0, 'Присутствовал на занятии'),
(1118, 56, 0, '2018-02-25 12:39:39', 0, 'Присутствовал на занятии'),
(1119, 56, 0, '2018-02-25 14:27:43', 0, 'Присутствовал на занятии'),
(1120, 56, 0, '2018-03-04 12:01:32', 0, 'Присутствовал на занятии'),
(1121, 56, 0, '2018-03-04 13:02:51', 0, 'Присутствовал на занятии'),
(1122, 56, 1, '2018-03-04 14:10:08', 2400, 'за март'),
(1123, 56, 0, '2018-03-04 14:34:48', 2400, 'Оплата индивидуального пакета'),
(1124, 56, 0, '2018-03-11 13:48:38', 0, 'Присутствовал на занятии'),
(1125, 56, 0, '2018-03-11 16:33:06', 0, 'Присутствовал на занятии'),
(1126, 56, 0, '2018-03-25 12:48:46', 0, 'Присутствовал на занятии'),
(1127, 56, 0, '2018-03-25 12:59:32', 0, 'Присутствовал на занятии'),
(1128, 56, 0, '2018-04-01 16:14:39', 0, 'Присутствовал на занятии'),
(1129, 56, 0, '2018-04-08 13:00:28', 0, 'Присутствовал на занятии'),
(1130, 56, 0, '2018-04-08 13:17:42', 0, 'Присутствовал на занятии'),
(1131, 56, 0, '2018-04-15 12:35:01', 0, 'Отсутствовал на занятии'),
(1132, 56, 0, '2018-04-15 14:36:26', 0, 'Присутствовал на занятии'),
(1133, 56, 1, '2018-04-18 12:03:25', 2300, 'перенесены с баланса лыловой анны'),
(1134, 56, 0, '2018-04-18 12:05:21', 200, 'Оплата индивидуального пакета'),
(1135, 56, 0, '2018-04-18 12:05:41', 1400, 'Оплата индивидуального пакета'),
(1136, 56, 0, '2018-04-18 12:05:59', 350, 'Оплата индивидуального пакета'),
(1137, 56, 0, '2018-04-18 12:06:05', 350, 'Оплата индивидуального пакета'),
(1138, 57, 1, '2017-12-31 00:54:17', 1, ''),
(1139, 57, 0, '2017-12-31 00:54:28', 1, 'Оплата индивидуального пакета'),
(1140, 57, 0, '2018-01-14 15:12:25', 0, 'Присутствовал на занятии'),
(1141, 57, 0, '2018-01-21 12:59:03', 0, 'Присутствовал на занятии'),
(1142, 57, 0, '2018-01-28 13:21:43', 0, 'Присутствовал на занятии'),
(1143, 57, 0, '2018-02-04 18:42:29', 0, 'не явился'),
(1144, 57, 0, '2018-02-18 11:55:29', 0, 'Присутствовал на занятии'),
(1145, 57, 1, '2018-02-18 11:55:29', 2000, ''),
(1146, 57, 0, '2018-02-18 14:10:27', 2000, 'Оплата индивидуального пакета'),
(1147, 57, 0, '2018-02-25 14:27:07', 0, 'Присутствовал на занятии'),
(1148, 57, 0, '2018-03-11 11:11:37', 0, 'Присутствовал на занятии'),
(1149, 57, 0, '2018-03-18 18:36:29', 0, 'Отсутствовал на занятии'),
(1150, 57, 0, '2018-03-25 12:59:11', 0, 'Присутствовал на занятии'),
(1151, 57, 1, '2018-04-08 11:07:05', 1800, 'на 7.04 +1 занятие'),
(1152, 57, 0, '2018-04-08 11:40:01', 1800, 'Оплата индивидуального пакета'),
(1153, 57, 0, '2018-04-08 13:00:09', 0, 'Присутствовал на занятии'),
(1154, 57, 0, '2018-04-15 14:35:29', 0, 'Присутствовал на занятии'),
(1155, 58, 1, '2017-12-31 00:53:07', 1, ''),
(1156, 58, 0, '2017-12-31 00:53:49', 1, 'Оплата индивидуального пакета'),
(1157, 58, 0, '2018-01-10 13:32:31', 0, 'Присутствовал на занятии'),
(1158, 58, 0, '2018-01-11 15:29:46', 0, 'Присутствовал на занятии'),
(1159, 58, 0, '2018-01-12 14:12:50', 0, 'Присутствовал на занятии'),
(1160, 58, 0, '2018-01-14 13:11:03', 0, 'Присутствовал на занятии'),
(1161, 58, 1, '2018-01-14 13:15:09', 3100, ''),
(1162, 58, 0, '2018-01-17 13:05:22', 0, 'Присутствовал на занятии'),
(1163, 58, 0, '2018-01-17 18:03:29', 0, 'Присутствовал на занятии'),
(1164, 58, 0, '2018-01-19 14:00:36', 0, 'Присутствовал на занятии'),
(1165, 58, 0, '2018-01-20 15:34:26', 700, 'Оплата индивидуального пакета'),
(1166, 58, 0, '2018-01-20 15:36:27', 2400, 'Оплата индивидуального пакета'),
(1167, 58, 0, '2018-01-21 12:59:22', 0, 'Присутствовал на занятии'),
(1168, 58, 0, '2018-01-24 18:59:03', 0, 'Присутствовал на занятии'),
(1169, 58, 0, '2018-01-25 18:03:49', 0, 'Присутствовал на занятии'),
(1170, 58, 0, '2018-01-26 13:56:26', 0, 'Присутствовал на занятии'),
(1171, 58, 0, '2018-01-28 13:22:05', 0, 'Присутствовал на занятии'),
(1172, 58, 0, '2018-01-31 12:22:45', 0, 'Присутствовал на занятии'),
(1173, 58, 0, '2018-01-31 12:37:06', 0, 'Присутствовал на занятии'),
(1174, 58, 0, '2018-02-02 13:32:08', 0, 'Присутствовал на занятии'),
(1175, 58, 0, '2018-02-04 12:55:47', 0, 'Присутствовал на занятии'),
(1176, 58, 1, '2018-02-04 13:06:31', 3000, ''),
(1177, 58, 0, '2018-02-07 11:57:24', 0, 'Присутствовал на занятии'),
(1178, 58, 0, '2018-02-07 13:52:53', 0, 'Присутствовал на занятии'),
(1179, 58, 0, '2018-02-09 12:29:57', 0, 'Присутствовал на занятии'),
(1180, 58, 1, '2018-02-09 14:09:28', 1800, ''),
(1181, 58, 0, '2018-02-11 14:06:05', 0, 'Присутствовал на занятии'),
(1182, 58, 0, '2018-02-14 12:00:12', 0, 'Присутствовал на занятии'),
(1183, 58, 1, '2018-02-14 12:02:45', 1000, ''),
(1184, 58, 0, '2018-02-15 16:42:42', 2900, 'Оплата индивидуального пакета'),
(1185, 58, 0, '2018-02-15 16:42:54', 2900, 'Оплата индивидуального пакета'),
(1186, 58, 0, '2018-02-16 12:28:43', 0, 'Присутствовал на занятии'),
(1187, 58, 0, '2018-02-18 13:06:14', 0, 'Присутствовал на занятии'),
(1188, 58, 1, '2018-02-21 11:01:00', 200, '21,02 Ая заболела отмена урока'),
(1189, 58, 0, '2018-02-21 12:28:41', 0, 'Присутствовал на занятии'),
(1190, 58, 0, '2018-02-25 14:27:52', 0, 'Присутствовал на занятии'),
(1191, 58, 0, '2018-02-28 13:04:10', 0, 'Присутствовал на занятии'),
(1192, 58, 0, '2018-02-28 20:53:01', 0, 'Присутствовал на занятии'),
(1193, 58, 0, '2018-03-04 13:03:14', 0, 'Присутствовал на занятии'),
(1194, 58, 1, '2018-03-04 13:27:10', 7000, 'за себя и алису до конца месяца, 21 урок с 05.03'),
(1195, 58, 0, '2018-03-04 13:55:47', 700, 'Оплата индивидуального пакета'),
(1196, 58, 0, '2018-03-04 13:57:07', 1800, 'Оплата индивидуального пакета'),
(1197, 58, 0, '2018-03-04 13:57:24', 1800, 'Оплата индивидуального пакета'),
(1198, 58, 0, '2018-03-04 14:00:40', 300, 'Оплата индивидуального пакета'),
(1199, 58, 1, '2018-03-04 14:08:37', -2400, 'на аккаунт Алисы'),
(1200, 58, 0, '2018-03-07 11:52:42', 0, 'Присутствовал на занятии'),
(1201, 58, 0, '2018-03-07 21:04:42', 0, 'Присутствовал на занятии'),
(1202, 58, 0, '2018-03-11 16:33:55', 0, 'Присутствовал на занятии'),
(1203, 58, 0, '2018-03-14 11:34:30', 0, 'Присутствовал на занятии'),
(1204, 58, 0, '2018-03-14 20:14:40', 0, 'Присутствовал на занятии'),
(1205, 58, 0, '2018-03-16 13:52:07', 0, 'Присутствовал на занятии'),
(1206, 58, 0, '2018-03-21 11:32:50', 0, 'Присутствовал на занятии'),
(1207, 58, 0, '2018-03-21 15:27:44', 0, 'Присутствовал на занятии'),
(1208, 58, 0, '2018-03-23 12:38:20', 0, 'Присутствовал на занятии'),
(1209, 58, 0, '2018-03-25 12:59:48', 0, 'Присутствовал на занятии'),
(1210, 58, 0, '2018-03-28 10:30:45', 0, 'Присутствовал на занятии'),
(1211, 58, 0, '2018-03-28 12:32:00', 0, 'Присутствовал на занятии'),
(1212, 58, 0, '2018-03-30 12:36:24', 0, 'Присутствовал на занятии'),
(1213, 58, 0, '2018-04-04 11:34:18', 0, 'Присутствовал на занятии'),
(1214, 58, 0, '2018-04-06 12:08:19', 0, 'Присутствовал на занятии'),
(1215, 58, 1, '2018-04-08 11:36:30', 6300, 'на 7.04 анна 0,алиса +1'),
(1216, 58, 0, '2018-04-08 13:00:53', 0, 'Присутствовал на занятии'),
(1217, 58, 0, '2018-04-15 14:36:42', 0, 'Присутствовал на занятии'),
(1218, 58, 0, '2018-04-15 22:25:04', 0, 'Присутствовал на занятии'),
(1219, 58, 0, '2018-04-18 11:59:25', 2800, 'Оплата индивидуального пакета'),
(1220, 58, 0, '2018-04-18 12:02:27', 1400, 'Оплата индивидуального пакета'),
(1221, 58, 1, '2018-04-18 12:04:18', -2300, 'перенесены на балнас лылово'),
(1222, 58, 0, '2018-04-18 12:07:37', 0, 'Присутствовал на занятии'),
(1223, 58, 0, '2018-04-18 12:42:26', 0, 'Присутствовал на занятии'),
(1224, 59, 0, '2018-01-17 19:10:15', 0, 'не явился'),
(1225, 59, 1, '2018-01-21 17:05:45', 3000, ''),
(1226, 59, 0, '2018-01-21 17:06:11', 0, 'Отсутствовал на занятии'),
(1227, 59, 0, '2018-01-21 20:20:28', 3000, 'Оплата индивидуального пакета'),
(1228, 59, 0, '2018-01-24 20:43:12', 0, 'Отсутствовал на занятии'),
(1229, 59, 0, '2018-01-24 20:47:05', 0, 'Отсутствовал на занятии'),
(1230, 59, 0, '2018-01-29 00:32:24', 0, 'Присутствовал на занятии'),
(1231, 59, 0, '2018-01-31 20:05:11', 0, 'Присутствовал на занятии'),
(1232, 59, 0, '2018-02-04 18:44:24', 0, 'Присутствовал на занятии'),
(1233, 59, 0, '2018-02-07 21:05:20', 0, 'Пришел по старому расписанию в 19 30. Не предупредили что расписание поменяли на 19 00. Отзанимались  30 мин.'),
(1234, 59, 0, '2018-02-11 19:18:57', 0, 'не явился'),
(1235, 59, 0, '2018-02-18 18:51:35', 0, 'не явился'),
(1236, 59, 0, '2018-02-21 17:48:40', 0, 'Отсутствовал на занятии'),
(1237, 60, 0, '2018-01-14 12:51:13', 0, 'Присутствовал на занятии'),
(1238, 60, 1, '2018-01-14 13:09:51', 1800, ''),
(1239, 60, 0, '2018-01-14 15:09:06', 0, 'Присутствовал на занятии'),
(1240, 60, 0, '2018-01-20 15:38:39', 1800, 'Оплата индивидуального пакета'),
(1241, 60, 0, '2018-01-21 12:37:41', 0, 'Присутствовал на занятии'),
(1242, 60, 0, '2018-01-21 15:04:12', 0, 'Присутствовал на занятии'),
(1243, 60, 0, '2018-01-28 12:03:43', 0, 'Присутствовал на занятии'),
(1244, 60, 0, '2018-01-28 15:02:27', 0, 'Присутствовал на занятии'),
(1245, 60, 0, '2018-02-04 13:58:58', 0, 'Присутствовал на занятии'),
(1246, 60, 0, '2018-02-04 14:53:58', 0, 'Присутствовал на занятии'),
(1247, 60, 0, '2018-02-11 11:57:50', 0, 'Присутствовал на занятии'),
(1248, 60, 0, '2018-02-11 15:01:17', 0, 'Присутствовал на занятии'),
(1249, 60, 1, '2018-02-17 11:53:03', 2400, ''),
(1250, 60, 0, '2018-02-17 11:54:09', 2400, 'Оплата индивидуального пакета'),
(1251, 60, 0, '2018-02-18 11:57:25', 0, 'Присутствовал на занятии'),
(1252, 60, 0, '2018-02-18 13:00:45', 0, 'Присутствовал на занятии'),
(1253, 60, 0, '2018-02-25 13:09:21', 0, 'Присутствовал на занятии'),
(1254, 60, 0, '2018-03-04 12:41:57', 0, 'Присутствовал на занятии'),
(1255, 60, 0, '2018-03-04 14:06:52', 0, 'Присутствовал на занятии'),
(1256, 60, 0, '2018-03-11 11:58:40', 0, 'Присутствовал на занятии'),
(1257, 60, 0, '2018-03-11 13:17:47', 0, 'Присутствовал на занятии'),
(1258, 60, 1, '2018-03-17 12:20:15', 2100, 'расчет до конца марта'),
(1259, 60, 0, '2018-03-17 12:24:45', 1800, 'Оплата индивидуального пакета'),
(1260, 60, 0, '2018-03-17 12:25:17', 300, 'Оплата индивидуального пакета'),
(1261, 60, 0, '2018-03-18 13:54:17', 0, 'Присутствовал на занятии'),
(1262, 60, 0, '2018-03-18 14:04:09', 0, 'Присутствовал на занятии'),
(1263, 60, 0, '2018-03-25 13:01:47', 0, 'Присутствовал на занятии'),
(1264, 60, 0, '2018-03-25 14:52:20', 0, 'Присутствовал на занятии'),
(1265, 60, 0, '2018-04-01 15:12:23', 0, 'Присутствовал на занятии'),
(1266, 60, 0, '2018-04-01 17:44:40', 0, 'Присутствовал на занятии'),
(1267, 60, 0, '2018-04-08 13:04:36', 0, 'Присутствовал на занятии'),
(1268, 60, 0, '2018-04-08 13:15:59', 0, 'Присутствовал на занятии'),
(1269, 60, 0, '2018-04-15 11:59:25', 0, 'Присутствовал на занятии'),
(1270, 60, 0, '2018-04-15 12:35:54', 0, 'Присутствовал на занятии'),
(1271, 61, 1, '2017-12-28 19:51:59', 1, ''),
(1272, 61, 0, '2017-12-28 19:53:02', 1, 'Оплата индивидуального пакета'),
(1273, 61, 1, '2018-01-14 12:11:00', 2000, ''),
(1274, 61, 0, '2018-01-14 15:09:01', 0, 'Присутствовал на занятии'),
(1275, 61, 0, '2018-01-14 16:11:49', 2000, 'Оплата индивидуального пакета'),
(1276, 61, 0, '2018-01-21 15:04:05', 0, 'Присутствовал на занятии'),
(1277, 61, 0, '2018-01-28 15:02:23', 0, 'Присутствовал на занятии'),
(1278, 61, 0, '2018-02-04 14:54:03', 0, 'Присутствовал на занятии'),
(1279, 61, 0, '2018-02-11 15:01:12', 0, 'Присутствовал на занятии'),
(1280, 61, 0, '2018-02-18 13:00:41', 0, 'Присутствовал на занятии'),
(1281, 61, 0, '2018-03-04 14:06:39', 0, 'Присутствовал на занятии'),
(1282, 61, 1, '2018-03-07 14:45:22', 2000, 'на остатке 0'),
(1283, 61, 0, '2018-03-07 15:28:35', 2000, 'Оплата индивидуального пакета'),
(1284, 61, 0, '2018-03-11 13:15:00', 0, 'Присутствовал на занятии'),
(1285, 61, 0, '2018-03-25 12:54:35', 0, 'Присутствовал на занятии'),
(1286, 61, 0, '2018-04-01 17:43:13', 0, 'Присутствовал на занятии'),
(1287, 61, 1, '2018-04-13 11:15:43', 1800, 'на 13.04 +2 занятия '),
(1288, 61, 0, '2018-04-13 11:16:36', 1800, 'Оплата индивидуального пакета'),
(1289, 61, 0, '2018-04-15 11:48:28', 0, 'Присутствовал на занятии'),
(1290, 62, 1, '2017-12-31 00:05:20', 1, ''),
(1291, 62, 0, '2017-12-31 00:06:00', 1, 'Оплата индивидуального пакета'),
(1292, 62, 0, '2018-01-14 15:58:29', 0, 'Присутствовал на занятии'),
(1293, 62, 0, '2018-01-20 16:29:57', 0, 'Присутствовал на занятии'),
(1294, 62, 0, '2018-01-27 15:33:09', 0, 'Присутствовал на занятии'),
(1295, 62, 0, '2018-02-03 16:34:08', 0, 'Присутствовал на занятии'),
(1296, 63, 1, '2017-12-31 00:46:22', 1, ''),
(1297, 63, 0, '2017-12-31 00:47:29', 1, 'Оплата индивидуального пакета'),
(1298, 63, 0, '2018-01-14 15:08:55', 0, 'Присутствовал на занятии'),
(1299, 63, 1, '2018-01-21 14:09:41', 3000, ''),
(1300, 63, 0, '2018-01-21 14:57:52', 3000, 'Оплата индивидуального пакета'),
(1301, 63, 0, '2018-01-21 15:04:01', 0, 'Присутствовал на занятии'),
(1302, 63, 0, '2018-01-28 15:02:20', 0, 'Присутствовал на занятии'),
(1303, 63, 0, '2018-02-04 14:53:54', 0, 'Присутствовал на занятии'),
(1304, 63, 0, '2018-02-11 15:01:07', 0, 'Присутствовал на занятии'),
(1305, 63, 0, '2018-03-04 14:06:26', 0, 'Присутствовал на занятии'),
(1306, 63, 0, '2018-03-11 13:18:37', 0, 'Присутствовал на занятии'),
(1307, 63, 0, '2018-03-18 13:30:13', 0, 'Присутствовал на занятии'),
(1308, 63, 0, '2018-03-25 14:51:56', 0, 'Присутствовал на занятии'),
(1309, 63, 0, '2018-04-01 17:45:08', 0, 'Присутствовал на занятии'),
(1310, 63, 0, '2018-04-08 14:07:28', 0, 'Присутствовал на занятии'),
(1311, 63, 0, '2018-04-15 14:02:09', 0, 'Присутствовал на занятии'),
(1312, 63, 1, '2018-04-15 14:06:17', 3200, 'отсчет с сегодняшнего дня'),
(1313, 63, 0, '2018-04-15 14:15:56', 3200, 'Оплата индивидуального пакета'),
(1314, 64, 0, '2018-01-18 16:25:08', 0, 'Присутствовал на занятии'),
(1315, 64, 1, '2018-01-18 16:25:08', 1000, ''),
(1316, 64, 1, '2018-01-23 17:30:45', 1000, ''),
(1317, 64, 0, '2018-01-23 17:31:32', 2000, 'Оплата индивидуального пакета'),
(1318, 64, 0, '2018-01-23 19:51:51', 0, 'Присутствовал на занятии'),
(1319, 64, 0, '2018-01-30 17:28:03', 0, 'Присутствовал на занятии'),
(1320, 64, 0, '2018-02-08 12:48:07', 0, 'Присутствовал на занятии'),
(1321, 64, 0, '2018-02-12 19:49:49', 0, 'Отсутствовал на занятии'),
(1322, 64, 0, '2018-02-17 17:54:54', 0, 'Присутствовал на занятии'),
(1323, 64, 1, '2018-03-28 21:27:22', 200, ''),
(1324, 64, 0, '2018-03-28 21:27:53', 200, 'Оплата индивидуального пакета'),
(1325, 64, 1, '2018-03-29 13:04:21', 2000, 'сегодня первый урок по новому абонементу'),
(1326, 64, 0, '2018-03-29 14:00:51', 0, 'Присутствовал на занятии'),
(1327, 64, 0, '2018-03-29 20:43:55', 2000, 'Оплата индивидуального пакета'),
(1328, 64, 0, '2018-04-05 15:07:07', 0, 'Присутствовал на занятии'),
(1329, 64, 0, '2018-04-12 13:09:04', 0, 'Присутствовал на занятии'),
(1330, 65, 1, '2017-12-31 00:24:25', 1, ''),
(1331, 65, 0, '2017-12-31 00:24:44', 1, 'Оплата индивидуального пакета'),
(1332, 65, 0, '2018-01-05 14:44:01', 0, 'Присутствовал на занятии'),
(1333, 65, 0, '2018-01-18 16:25:27', 0, 'Присутствовал на занятии'),
(1334, 65, 0, '2018-01-25 18:02:29', 0, 'Присутствовал на занятии'),
(1335, 65, 1, '2018-01-31 12:06:30', 2000, ''),
(1336, 65, 0, '2018-01-31 12:07:14', 2000, 'Оплата индивидуального пакета'),
(1337, 65, 0, '2018-02-01 13:57:17', 0, 'Присутствовал на занятии'),
(1338, 65, 0, '2018-02-15 15:40:20', 0, 'Присутствовал на занятии'),
(1339, 65, 0, '2018-03-01 15:53:45', 0, 'Присутствовал на занятии'),
(1340, 65, 0, '2018-03-15 15:27:19', 0, 'Присутствовал на занятии'),
(1341, 65, 1, '2018-03-22 14:48:19', 2000, 'на 21.03 в остатке 1 занятие'),
(1342, 65, 0, '2018-03-22 15:05:25', 0, 'Присутствовал на занятии'),
(1343, 65, 0, '2018-03-23 12:17:00', 2000, 'Оплата индивидуального пакета'),
(1344, 65, 0, '2018-03-29 18:51:19', 0, 'Присутствовал на занятии'),
(1345, 66, 0, '2017-12-28 20:02:43', 0, 'Присутствовал на занятии'),
(1346, 66, 1, '2018-01-17 13:05:15', 500, ''),
(1347, 66, 0, '2018-01-17 13:05:52', 500, 'Оплата индивидуального пакета'),
(1348, 67, 1, '2018-01-09 18:30:00', 1, ''),
(1349, 67, 0, '2018-01-09 18:30:28', 1, 'Оплата индивидуального пакета'),
(1350, 67, 0, '2018-01-09 19:28:05', 0, 'Присутствовал на занятии'),
(1351, 67, 0, '2018-01-11 18:32:37', 0, 'Присутствовал на занятии'),
(1352, 67, 0, '2018-01-25 18:03:00', 0, 'Присутствовал на занятии'),
(1353, 67, 0, '2018-02-01 17:26:57', 0, 'Отсутствовал на занятии'),
(1354, 67, 0, '2018-02-01 18:35:33', 0, 'Присутствовал на занятии'),
(1355, 67, 1, '2018-02-01 18:37:40', 2600, ''),
(1356, 67, 0, '2018-02-02 12:36:52', 2600, 'Оплата индивидуального пакета'),
(1357, 67, 0, '2018-02-08 17:12:49', 0, 'Присутствовал на занятии'),
(1358, 67, 0, '2018-02-15 19:29:57', 0, 'Присутствовал на занятии'),
(1359, 67, 0, '2018-02-22 19:34:24', 0, 'Присутствовал на занятии'),
(1360, 67, 0, '2018-03-01 19:13:34', 0, 'Присутствовал на занятии'),
(1361, 67, 0, '2018-03-15 19:41:21', 0, 'Присутствовал на занятии'),
(1362, 67, 0, '2018-03-22 19:31:44', 0, 'Присутствовал на занятии'),
(1363, 67, 1, '2018-03-24 10:30:23', 200, 'корректировка ошибочного списания полурока'),
(1364, 67, 0, '2018-03-24 10:31:22', 200, 'Оплата индивидуального пакета'),
(1365, 67, 0, '2018-03-29 18:51:53', 0, 'Присутствовал на занятии'),
(1366, 67, 1, '2018-03-31 12:32:40', 2600, 'на 31.03 -1 урок'),
(1367, 67, 0, '2018-03-31 12:33:41', 2600, 'Оплата индивидуального пакета'),
(1368, 67, 0, '2018-04-05 19:43:46', 0, 'Присутствовал на занятии'),
(1369, 67, 0, '2018-04-12 20:07:01', 0, 'Присутствовал на занятии'),
(1370, 67, 0, '2018-04-19 19:33:46', 0, 'Присутствовал на занятии'),
(1371, 68, 1, '2017-12-28 19:43:06', 1, ''),
(1372, 68, 0, '2017-12-28 19:43:23', 1, 'Оплата индивидуального пакета'),
(1373, 68, 1, '2018-01-09 15:28:46', 3000, ''),
(1374, 68, 0, '2018-01-09 15:29:50', 3000, 'Оплата индивидуального пакета'),
(1375, 68, 0, '2018-01-09 19:27:57', 0, 'Присутствовал на занятии'),
(1376, 68, 0, '2018-01-11 19:37:16', 0, 'Присутствовал на занятии'),
(1377, 68, 0, '2018-01-16 17:57:08', 0, 'Присутствовал на занятии'),
(1378, 68, 0, '2018-01-18 17:56:41', 0, 'Отсутствовал на занятии'),
(1379, 68, 0, '2018-02-06 14:59:53', 0, 'Присутствовал на занятии'),
(1380, 68, 0, '2018-02-08 15:10:57', 0, 'Присутствовал на занятии'),
(1381, 68, 0, '2018-02-13 16:07:35', 0, 'Присутствовал на занятии'),
(1382, 68, 0, '2018-02-15 16:55:55', 0, 'Присутствовал на занятии'),
(1383, 68, 0, '2018-02-20 15:59:50', 0, 'Присутствовал на занятии'),
(1384, 68, 0, '2018-02-27 14:48:03', 0, 'Присутствовал на занятии'),
(1385, 68, 1, '2018-02-27 14:54:20', 1000, 'следующую 1000 принесет 6 марта, на 27 было -0.5'),
(1386, 68, 0, '2018-03-15 22:58:21', 200, 'Оплата индивидуального пакета'),
(1387, 68, 0, '2018-03-20 14:56:57', 0, 'Присутствовал на занятии'),
(1388, 68, 1, '2018-03-20 15:08:34', 1000, 'на 19.03 в остатке -1 ур'),
(1389, 68, 0, '2018-03-20 15:28:46', 1600, 'Оплата индивидуального пакета'),
(1390, 68, 0, '2018-03-27 17:11:29', 0, 'Присутствовал на занятии'),
(1391, 68, 0, '2018-04-03 17:02:09', 0, 'Присутствовал на занятии'),
(1392, 68, 0, '2018-04-10 16:07:23', 0, 'Присутствовал на занятии'),
(1393, 68, 1, '2018-04-16 19:54:15', 1, 'урок бонусом по акции'),
(1394, 68, 0, '2018-04-16 19:56:35', 1, 'Оплата индивидуального пакета'),
(1395, 68, 0, '2018-04-17 15:06:13', 0, 'Отсутствовал на занятии'),
(1396, 68, 0, '2018-04-18 16:54:07', 200, 'Оплата индивидуального пакета'),
(1397, 69, 1, '2018-01-09 14:24:14', 3000, ''),
(1398, 69, 0, '2018-01-09 14:24:34', 3000, 'Оплата индивидуального пакета'),
(1399, 69, 0, '2018-01-09 19:27:50', 0, 'Присутствовал на занятии'),
(1400, 69, 0, '2018-01-14 12:51:02', 0, 'Присутствовал на занятии'),
(1401, 69, 0, '2018-01-16 17:56:59', 0, 'Присутствовал на занятии'),
(1402, 69, 0, '2018-01-21 12:37:26', 0, 'Присутствовал на занятии'),
(1403, 69, 0, '2018-01-23 17:32:24', 0, 'Присутствовал на занятии'),
(1404, 69, 0, '2018-02-04 13:58:36', 0, 'Присутствовал на занятии'),
(1405, 69, 0, '2018-02-06 15:00:03', 0, 'Присутствовал на занятии'),
(1406, 69, 0, '2018-02-11 11:57:37', 0, 'Присутствовал на занятии'),
(1407, 69, 1, '2018-02-13 15:09:41', 3000, 'было -1'),
(1408, 69, 0, '2018-02-13 16:07:45', 0, 'Присутствовал на занятии'),
(1409, 69, 0, '2018-02-14 21:00:56', 3000, 'Оплата индивидуального пакета'),
(1410, 69, 0, '2018-02-18 11:57:10', 0, 'Присутствовал на занятии'),
(1411, 69, 0, '2018-02-20 16:00:06', 0, 'Присутствовал на занятии'),
(1412, 69, 0, '2018-03-04 14:28:25', 0, 'Присутствовал на занятии'),
(1413, 69, 0, '2018-03-06 14:09:34', 0, 'Присутствовал на занятии'),
(1414, 69, 0, '2018-03-11 12:56:42', 0, 'Присутствовал на занятии'),
(1415, 69, 0, '2018-03-13 19:30:25', 0, 'Присутствовал на занятии'),
(1416, 69, 0, '2018-03-18 11:06:46', 0, 'оплатил 18.03'),
(1417, 69, 1, '2018-03-18 11:06:46', 3000, 'оплатил 18.03'),
(1418, 69, 0, '2018-03-18 13:46:12', 3000, 'Оплата индивидуального пакета'),
(1419, 69, 0, '2018-03-20 14:56:20', 0, 'Присутствовал на занятии'),
(1420, 69, 0, '2018-04-01 16:06:45', 0, 'Присутствовал на занятии'),
(1421, 69, 0, '2018-04-03 17:01:44', 0, 'Присутствовал на занятии'),
(1422, 69, 0, '2018-04-08 13:03:18', 0, 'Присутствовал на занятии'),
(1423, 69, 1, '2018-04-08 16:24:07', 1, 'урок бонусом по акции'),
(1424, 69, 0, '2018-04-08 16:25:37', 1, 'Оплата индивидуального пакета'),
(1425, 69, 0, '2018-04-10 16:07:51', 0, 'Присутствовал на занятии'),
(1426, 69, 0, '2018-04-15 12:44:43', 0, 'Присутствовал на занятии'),
(1427, 69, 0, '2018-04-17 14:03:22', 0, 'Присутствовал на занятии'),
(1428, 71, 1, '2017-12-28 19:54:08', 1, ''),
(1429, 71, 0, '2017-12-28 19:54:44', 1, 'Оплата индивидуального пакета'),
(1430, 71, 0, '2018-01-14 16:36:08', 0, 'Присутствовал на занятии'),
(1431, 71, 0, '2018-01-21 21:51:50', 0, 'Присутствовал на занятии'),
(1432, 71, 0, '2018-01-28 17:21:32', 0, 'Присутствовал на занятии'),
(1433, 71, 0, '2018-02-04 17:37:49', 0, 'Присутствовал на занятии'),
(1434, 71, 1, '2018-02-09 13:06:23', 2000, '2 урока уже в аванс прошли'),
(1435, 71, 0, '2018-02-09 14:36:04', 2000, 'Оплата индивидуального пакета'),
(1436, 71, 0, '2018-02-11 17:26:56', 0, 'Присутствовал на занятии'),
(1437, 71, 0, '2018-02-18 16:46:43', 0, 'Присутствовал на занятии'),
(1438, 71, 0, '2018-02-25 17:10:45', 0, 'Присутствовал на занятии'),
(1439, 71, 0, '2018-03-04 17:28:32', 0, 'Присутствовал на занятии'),
(1440, 71, 0, '2018-03-18 14:01:30', 0, 'Отсутствовал на занятии'),
(1441, 71, 0, '2018-03-25 16:00:35', 0, 'Отсутствовал на занятии'),
(1442, 72, 1, '2018-01-12 16:37:58', 1, ''),
(1443, 72, 0, '2018-01-12 16:38:32', 1, 'Оплата индивидуального пакета'),
(1444, 72, 0, '2018-01-14 16:35:58', 0, 'Присутствовал на занятии'),
(1445, 73, 1, '2018-01-11 15:23:15', 3000, ''),
(1446, 73, 0, '2018-01-11 15:23:44', 3000, 'Оплата индивидуального пакета'),
(1447, 73, 0, '2018-01-11 18:32:23', 0, 'Присутствовал на занятии'),
(1448, 73, 0, '2018-01-14 13:57:28', 0, 'Присутствовал на занятии'),
(1449, 73, 0, '2018-01-18 17:35:20', 0, 'Присутствовал на занятии'),
(1450, 73, 0, '2018-01-21 15:10:37', 0, 'Отсутствовал на занятии'),
(1451, 73, 0, '2018-01-21 15:15:57', 0, 'Отсутствовал на занятии'),
(1452, 73, 0, '2018-01-25 16:26:44', 0, 'Присутствовал на занятии'),
(1453, 73, 0, '2018-01-28 15:08:43', 0, 'Присутствовал на занятии'),
(1454, 73, 0, '2018-02-01 15:28:36', 0, 'Присутствовал на занятии'),
(1455, 73, 0, '2018-02-04 14:05:05', 0, 'Присутствовал на занятии'),
(1456, 73, 0, '2018-02-08 15:29:35', 0, 'Присутствовал на занятии'),
(1457, 73, 0, '2018-02-11 13:59:57', 0, 'Присутствовал на занятии'),
(1458, 73, 0, '2018-02-15 16:26:21', 0, 'Присутствовал на занятии'),
(1459, 73, 1, '2018-02-15 16:34:31', 3000, 'сегодня было третье занятие по новому абонементу'),
(1460, 73, 0, '2018-02-15 16:46:11', 3000, 'Оплата индивидуального пакета'),
(1461, 73, 0, '2018-02-18 13:59:00', 0, 'Присутствовал на занятии'),
(1462, 73, 0, '2018-02-22 15:34:20', 0, 'Присутствовал на занятии'),
(1463, 73, 0, '2018-02-25 13:09:36', 0, 'Отсутствовал на занятии'),
(1464, 73, 0, '2018-03-01 16:02:42', 0, 'Отсутствовал на занятии'),
(1465, 73, 0, '2018-03-11 11:59:22', 0, 'Отсутствовал на занятии'),
(1466, 74, 1, '2017-12-28 18:33:20', 1, ''),
(1467, 74, 0, '2017-12-28 18:41:00', 0, 'Оплата индивидуального пакета'),
(1468, 74, 0, '2018-01-18 17:34:57', 0, 'Присутствовал на занятии'),
(1469, 74, 0, '2018-01-25 18:49:05', 0, 'Присутствовал на занятии'),
(1470, 74, 0, '2018-02-01 17:26:52', 0, 'Присутствовал на занятии'),
(1471, 74, 1, '2018-02-01 17:32:27', 1500, ''),
(1472, 74, 0, '2018-02-08 17:28:59', 0, 'Присутствовал на занятии'),
(1473, 74, 0, '2018-02-15 18:27:56', 0, 'Присутствовал на занятии'),
(1474, 74, 1, '2018-02-22 18:27:53', 1499, 'на 21 число было -4, и 1501'),
(1475, 74, 0, '2018-02-22 18:29:04', 0, 'Присутствовал на занятии'),
(1476, 74, 0, '2018-02-22 18:53:21', 3000, 'Оплата индивидуального пакета'),
(1477, 74, 0, '2018-03-01 18:36:36', 0, 'Присутствовал на занятии'),
(1478, 74, 0, '2018-03-22 17:28:26', 0, 'Присутствовал на занятии'),
(1479, 74, 0, '2018-03-29 17:34:42', 0, 'Присутствовал на занятии'),
(1480, 75, 1, '2017-12-28 19:45:34', 1, ''),
(1481, 75, 0, '2017-12-28 19:45:55', 1, 'Оплата индивидуального пакета'),
(1482, 75, 0, '2018-01-10 18:37:41', 0, 'Отсутствовал на занятии'),
(1483, 75, 0, '2018-01-24 19:42:50', 0, 'Присутствовал на занятии'),
(1484, 75, 0, '2018-01-25 16:26:32', 0, 'Присутствовал на занятии'),
(1485, 75, 0, '2018-01-31 18:32:58', 0, 'Присутствовал на занятии'),
(1486, 75, 0, '2018-02-01 14:32:23', 0, 'Присутствовал на занятии'),
(1487, 75, 0, '2018-02-07 16:34:54', 0, 'Присутствовал на занятии'),
(1488, 75, 1, '2018-02-08 15:28:43', 3000, ''),
(1489, 75, 0, '2018-02-08 15:29:50', 0, 'Присутствовал на занятии'),
(1490, 75, 0, '2018-02-09 14:32:14', 3000, 'Оплата индивидуального пакета'),
(1491, 75, 0, '2018-02-14 14:45:08', 0, 'Отсутствовал на занятии'),
(1492, 75, 0, '2018-02-21 16:37:05', 0, 'Присутствовал на занятии'),
(1493, 75, 0, '2018-02-22 15:30:41', 0, 'Отсутствовал на занятии'),
(1494, 75, 0, '2018-02-28 17:30:36', 0, 'Присутствовал на занятии'),
(1495, 75, 0, '2018-03-01 16:01:53', 0, 'Присутствовал на занятии'),
(1496, 75, 0, '2018-03-07 16:27:54', 0, 'Присутствовал на занятии'),
(1497, 75, 0, '2018-03-14 16:30:54', 0, 'Присутствовал на занятии'),
(1498, 75, 0, '2018-03-21 16:26:16', 0, 'Присутствовал на занятии'),
(1499, 75, 0, '2018-03-22 14:26:47', 0, 'Присутствовал на занятии'),
(1500, 75, 0, '2018-03-28 16:28:32', 0, 'Присутствовал на занятии'),
(1501, 75, 1, '2018-03-28 17:35:44', 3000, 'на 27.03 было -2.5'),
(1502, 75, 0, '2018-03-28 20:07:17', 3000, 'Оплата индивидуального пакета'),
(1503, 75, 1, '2018-03-29 15:33:34', 1, 'корректировка: на 27.03 на балансе было -1,5'),
(1504, 75, 0, '2018-04-04 19:15:23', 0, 'Присутствовал на занятии'),
(1505, 75, 0, '2018-04-05 14:26:12', 0, 'Присутствовал на занятии'),
(1506, 75, 0, '2018-04-11 18:07:44', 0, 'Присутствовал на занятии'),
(1507, 75, 0, '2018-04-12 15:26:10', 0, 'Присутствовал на занятии'),
(1508, 76, 1, '2018-01-30 17:39:31', 2000, ''),
(1509, 76, 0, '2018-01-30 17:40:07', 2000, 'Оплата индивидуального пакета'),
(1510, 76, 0, '2018-01-30 17:52:29', 0, 'Присутствовал на занятии'),
(1511, 76, 0, '2018-02-08 20:08:44', 0, 'Присутствовал на занятии'),
(1512, 77, 0, '2018-01-10 18:39:14', 0, 'Присутствовал на занятии');
INSERT INTO `Payment` (`id`, `user`, `type`, `datetime`, `value`, `description`) VALUES
(1513, 77, 0, '2018-01-11 18:04:38', 0, 'Присутствовал на занятии'),
(1514, 77, 0, '2018-01-17 17:26:23', 0, 'Присутствовал на занятии'),
(1515, 77, 0, '2018-01-18 18:08:47', 0, 'Присутствовал на занятии'),
(1516, 77, 0, '2018-01-22 17:47:17', 0, 'Отсутствовал на занятии'),
(1517, 77, 1, '2018-01-22 18:25:26', 3100, ''),
(1518, 77, 0, '2018-01-22 18:28:26', 3100, 'Оплата индивидуального пакета'),
(1519, 77, 0, '2018-01-29 16:13:21', 0, 'Присутствовал на занятии'),
(1520, 77, 0, '2018-02-01 18:35:44', 0, 'Присутствовал на занятии'),
(1521, 77, 0, '2018-02-05 15:55:48', 0, 'Присутствовал на занятии'),
(1522, 77, 0, '2018-02-10 17:12:11', 0, 'Отсутствовал на занятии'),
(1523, 77, 0, '2018-02-12 11:01:25', 0, 'Отсутствовал на занятии'),
(1524, 77, 0, '2018-02-19 15:50:06', 0, 'Присутствовал на занятии'),
(1525, 77, 1, '2018-02-22 17:39:25', 3000, 'на 21 число было -1,5'),
(1526, 77, 0, '2018-02-22 17:40:47', 3000, 'Оплата индивидуального пакета'),
(1527, 77, 0, '2018-02-22 19:33:53', 0, 'Присутствовал на занятии'),
(1528, 77, 0, '2018-02-26 16:53:50', 0, 'Присутствовал на занятии'),
(1529, 77, 0, '2018-03-01 19:11:51', 0, 'Присутствовал на занятии'),
(1530, 77, 0, '2018-03-05 10:39:37', 0, 'Отсутствовал на занятии'),
(1531, 77, 0, '2018-03-12 16:55:53', 0, 'Присутствовал на занятии'),
(1532, 77, 0, '2018-03-15 11:11:01', 0, 'Отсутствовал на занятии'),
(1533, 77, 0, '2018-03-19 16:32:35', 0, 'Присутствовал на занятии'),
(1534, 77, 0, '2018-03-22 19:30:53', 0, 'Присутствовал на занятии'),
(1535, 77, 0, '2018-03-26 16:36:32', 0, 'Присутствовал на занятии'),
(1536, 77, 0, '2018-03-29 18:52:18', 0, 'Присутствовал на занятии'),
(1537, 77, 0, '2018-04-02 15:43:04', 0, 'Присутствовал на занятии'),
(1538, 77, 0, '2018-04-02 17:23:41', 0, 'Присутствовал на занятии'),
(1539, 77, 1, '2018-04-05 17:24:08', 3200, 'на 4.04 -4,5 занятий'),
(1540, 77, 0, '2018-04-05 17:24:49', 3200, 'Оплата индивидуального пакета'),
(1541, 77, 0, '2018-04-05 19:43:13', 0, 'Присутствовал на занятии'),
(1542, 77, 0, '2018-04-09 17:25:50', 0, 'Присутствовал на занятии'),
(1543, 77, 0, '2018-04-12 20:06:25', 0, 'Присутствовал на занятии'),
(1544, 77, 0, '2018-04-16 16:31:17', 0, 'Присутствовал на занятии'),
(1545, 77, 0, '2018-04-19 19:33:16', 0, 'Присутствовал на занятии'),
(1546, 78, 1, '2017-12-31 00:28:03', 1, ''),
(1547, 78, 0, '2017-12-31 00:28:30', 1, 'Оплата индивидуального пакета'),
(1548, 78, 0, '2018-01-10 14:31:24', 0, 'Уточнить у Исаевой по понедельнику'),
(1549, 78, 0, '2018-01-17 18:03:19', 0, 'Присутствовал на занятии'),
(1550, 78, 0, '2018-01-22 18:05:10', 0, 'Присутствовал на занятии'),
(1551, 78, 1, '2018-02-07 13:34:10', 2000, ''),
(1552, 78, 0, '2018-02-07 15:29:29', 0, 'Присутствовал на занятии'),
(1553, 78, 0, '2018-02-07 15:30:50', 2000, 'Оплата индивидуального пакета'),
(1554, 78, 1, '2018-02-21 11:02:37', 200, '21,02 Ая заболела отмена урока'),
(1555, 78, 0, '2018-02-28 14:29:49', 0, 'Присутствовал на занятии'),
(1556, 78, 0, '2018-03-07 15:14:43', 0, 'Присутствовал на занятии'),
(1557, 78, 0, '2018-03-14 19:01:15', 0, 'Присутствовал на занятии'),
(1558, 78, 0, '2018-03-28 14:00:55', 0, 'Отсутствовал на занятии'),
(1559, 78, 0, '2018-03-29 21:01:48', 200, 'Оплата индивидуального пакета'),
(1560, 78, 1, '2018-04-18 14:31:37', 1800, 'на 17.04 в остатке 1 занятие'),
(1561, 78, 0, '2018-04-18 14:33:29', 0, 'Присутствовал на занятии'),
(1562, 78, 0, '2018-04-18 16:52:39', 1800, 'Оплата индивидуального пакета'),
(1563, 79, 1, '2017-12-28 20:05:28', 1, ''),
(1564, 79, 0, '2017-12-28 20:06:02', 1, 'Оплата индивидуального пакета'),
(1565, 79, 0, '2018-01-11 18:11:48', 0, 'Присутствовал на занятии'),
(1566, 79, 0, '2018-01-25 18:04:09', 0, 'Присутствовал на занятии'),
(1567, 79, 0, '2018-02-01 18:06:03', 0, 'Присутствовал на занятии'),
(1568, 79, 1, '2018-02-05 10:45:51', 1, ''),
(1569, 79, 1, '2018-02-15 14:56:48', 2000, 'сегодня второе занятие уже'),
(1570, 79, 0, '2018-02-15 14:56:52', 0, 'Присутствовал на занятии'),
(1571, 79, 0, '2018-02-15 15:26:57', 2000, 'Оплата индивидуального пакета'),
(1572, 79, 0, '2018-03-15 22:31:57', 0, 'Присутствовал на занятии'),
(1573, 79, 0, '2018-03-22 18:35:43', 0, 'Присутствовал на занятии'),
(1574, 79, 0, '2018-04-05 17:53:21', 0, 'Отсутствовал на занятии'),
(1575, 79, 0, '2018-04-05 17:59:53', 0, 'Отсутствовал на занятии'),
(1576, 80, 0, '2018-01-10 20:03:24', 0, 'Присутствовал на занятии'),
(1577, 80, 1, '2018-01-10 20:03:24', 3000, ''),
(1578, 80, 0, '2018-01-11 15:26:10', 3000, 'Оплата индивидуального пакета'),
(1579, 80, 0, '2018-01-17 20:57:58', 0, 'Присутствовал на занятии'),
(1580, 80, 0, '2018-01-22 21:36:54', 0, 'Отсутствовал на занятии'),
(1581, 80, 0, '2018-01-22 21:44:43', 0, 'Отсутствовал на занятии'),
(1582, 80, 0, '2018-01-26 15:07:37', 0, 'Отсутствовал на занятии'),
(1583, 80, 0, '2018-01-31 10:00:34', 0, 'Присутствовал на занятии'),
(1584, 80, 0, '2018-02-02 13:31:43', 0, 'Присутствовал на занятии'),
(1585, 80, 0, '2018-02-07 10:28:20', 0, 'Присутствовал на занятии'),
(1586, 80, 0, '2018-02-09 11:26:53', 0, 'Присутствовал на занятии'),
(1587, 80, 0, '2018-02-14 09:55:41', 0, 'Присутствовал на занятии'),
(1588, 80, 1, '2018-02-14 09:55:41', 3000, ''),
(1589, 80, 0, '2018-02-14 21:01:56', 3000, 'Оплата индивидуального пакета'),
(1590, 80, 0, '2018-02-16 12:28:30', 0, 'Присутствовал на занятии'),
(1591, 80, 1, '2018-02-21 11:00:18', 200, '21,02 Ая заболела отмена урока'),
(1592, 80, 0, '2018-02-28 13:04:26', 0, 'Присутствовал на занятии'),
(1593, 80, 0, '2018-03-07 11:45:29', 0, 'Присутствовал на занятии'),
(1594, 80, 0, '2018-03-14 11:33:33', 0, 'Присутствовал на занятии'),
(1595, 80, 0, '2018-03-15 15:31:56', 200, 'Оплата индивидуального пакета'),
(1596, 80, 0, '2018-03-16 13:50:27', 0, 'Присутствовал на занятии'),
(1597, 80, 0, '2018-03-21 11:31:59', 0, 'Присутствовал на занятии'),
(1598, 80, 0, '2018-03-23 12:37:26', 0, 'Присутствовал на занятии'),
(1599, 80, 0, '2018-03-28 10:29:53', 0, 'Присутствовал на занятии'),
(1600, 80, 0, '2018-03-30 10:02:19', 0, 'Присутствовал на занятии'),
(1601, 80, 1, '2018-03-30 10:02:19', 3200, ''),
(1602, 80, 0, '2018-03-30 11:16:23', 3200, 'Оплата индивидуального пакета'),
(1603, 80, 0, '2018-04-04 11:33:30', 0, 'Присутствовал на занятии'),
(1604, 80, 0, '2018-04-06 12:07:55', 0, 'Присутствовал на занятии'),
(1605, 80, 0, '2018-04-16 18:31:01', 0, 'Присутствовал на занятии'),
(1606, 81, 1, '2018-01-10 17:57:10', 3000, ''),
(1607, 81, 0, '2018-01-10 17:57:54', 3000, 'Оплата индивидуального пакета'),
(1608, 81, 0, '2018-01-10 19:18:51', 0, 'Присутствовал на занятии'),
(1609, 81, 0, '2018-01-15 19:28:06', 0, 'Присутствовал на занятии'),
(1610, 81, 0, '2018-01-17 18:03:51', 0, 'Присутствовал на занятии'),
(1611, 81, 0, '2018-01-22 18:05:28', 0, 'Присутствовал на занятии'),
(1612, 81, 0, '2018-01-24 19:51:53', 0, 'Присутствовал на занятии'),
(1613, 81, 0, '2018-01-29 17:55:02', 0, 'Присутствовал на занятии'),
(1614, 81, 0, '2018-01-31 23:16:06', 0, 'Присутствовал на занятии'),
(1615, 81, 0, '2018-02-19 19:09:03', 0, 'Отсутствовал на занятии'),
(1616, 81, 1, '2018-02-21 11:04:24', 200, '21,02 Ая заболела отмена урока'),
(1617, 81, 1, '2018-02-26 17:54:06', 2800, 'на 25.02 было 0.5, в абонементе написал 3000р'),
(1618, 81, 0, '2018-02-26 19:41:55', 0, 'Присутствовал на занятии'),
(1619, 81, 0, '2018-02-27 18:19:09', 3000, 'Оплата индивидуального пакета'),
(1620, 81, 0, '2018-02-28 20:00:51', 0, 'Присутствовал на занятии'),
(1621, 81, 0, '2018-03-12 20:13:03', 0, 'Присутствовал на занятии'),
(1622, 81, 0, '2018-03-19 20:39:51', 0, 'Присутствовал на занятии'),
(1623, 81, 0, '2018-03-26 20:18:58', 0, 'Присутствовал на занятии'),
(1624, 81, 0, '2018-04-02 21:13:39', 0, 'Присутствовал на занятии'),
(1625, 81, 0, '2018-04-09 19:06:04', 0, 'Присутствовал на занятии'),
(1626, 81, 0, '2018-04-19 23:30:34', 0, 'Присутствовал на занятии'),
(1627, 82, 0, '2018-01-10 18:00:56', 0, 'Присутствовал на занятии'),
(1628, 82, 0, '2018-01-12 14:59:36', 0, 'Присутствовал на занятии'),
(1629, 82, 1, '2018-01-14 13:40:22', 3000, ''),
(1630, 82, 0, '2018-01-17 18:03:10', 0, 'Присутствовал на занятии'),
(1631, 82, 0, '2018-01-18 18:35:34', 3000, 'Оплата индивидуального пакета'),
(1632, 82, 0, '2018-01-19 15:28:47', 0, 'Присутствовал на занятии'),
(1633, 82, 0, '2018-01-24 16:46:11', 0, 'Присутствовал на занятии'),
(1634, 82, 0, '2018-01-26 15:07:27', 0, 'Присутствовал на занятии'),
(1635, 82, 0, '2018-01-31 16:56:18', 0, 'Присутствовал на занятии'),
(1636, 82, 0, '2018-02-02 15:05:19', 0, 'Присутствовал на занятии'),
(1637, 82, 0, '2018-02-07 15:29:47', 0, 'Присутствовал на занятии'),
(1638, 82, 0, '2018-02-09 16:01:53', 0, 'Присутствовал на занятии'),
(1639, 82, 1, '2018-02-11 14:01:59', 3000, '2 урока были в долг уже'),
(1640, 82, 0, '2018-02-11 14:03:14', 3000, 'Оплата индивидуального пакета'),
(1641, 82, 0, '2018-02-14 14:43:05', 0, 'Отсутствовал на занятии'),
(1642, 82, 0, '2018-02-16 14:56:22', 0, 'Присутствовал на занятии'),
(1643, 82, 1, '2018-02-21 11:03:11', 200, '21,02 Ая заболела отмена урока'),
(1644, 82, 0, '2018-02-28 17:02:09', 0, 'Присутствовал на занятии'),
(1645, 82, 0, '2018-03-07 15:13:23', 0, 'Присутствовал на занятии'),
(1646, 82, 0, '2018-03-14 15:27:25', 0, 'Присутствовал на занятии'),
(1647, 82, 0, '2018-03-15 15:32:07', 200, 'Оплата индивидуального пакета'),
(1648, 82, 0, '2018-03-16 14:46:18', 0, 'Отсутствовал на занятии'),
(1649, 82, 0, '2018-03-21 17:00:56', 0, 'Отсутствовал на занятии'),
(1650, 82, 0, '2018-03-23 16:01:34', 0, 'Присутствовал на занятии'),
(1651, 82, 0, '2018-04-04 15:59:56', 0, 'Присутствовал на занятии'),
(1652, 82, 0, '2018-04-06 16:06:30', 0, 'Присутствовал на занятии'),
(1653, 82, 1, '2018-04-08 15:35:22', 3200, 'на 8.04 -2 занятия '),
(1654, 82, 0, '2018-04-08 15:36:35', 3200, 'Оплата индивидуального пакета'),
(1655, 82, 0, '2018-04-18 16:52:40', 0, 'Присутствовал на занятии'),
(1656, 82, 0, '2018-04-20 22:07:11', 0, 'Присутствовал на занятии'),
(1657, 83, 0, '2018-01-10 17:59:23', 0, 'Предупредила за 5 мин до занятия '),
(1658, 83, 1, '2018-01-10 17:59:23', 400, 'Предупредила за 5 мин до занятия '),
(1659, 83, 0, '2018-01-13 14:25:29', 400, 'Оплата индивидуального пакета'),
(1660, 83, 1, '2018-01-17 17:59:00', 800, ''),
(1661, 83, 0, '2018-01-17 18:03:39', 0, 'Присутствовал на занятии'),
(1662, 83, 0, '2018-01-18 16:32:45', 400, 'Оплата индивидуального пакета'),
(1663, 83, 0, '2018-01-18 16:33:03', 400, 'Оплата индивидуального пакета'),
(1664, 83, 0, '2018-01-24 16:48:45', 0, 'Присутствовал на занятии'),
(1665, 83, 0, '2018-01-24 20:15:28', 0, 'Отсутствовал на занятии'),
(1666, 83, 1, '2018-01-31 17:56:28', 400, ''),
(1667, 83, 0, '2018-01-31 18:16:30', 400, 'Оплата индивидуального пакета'),
(1668, 83, 0, '2018-01-31 23:15:39', 0, 'Присутствовал на занятии'),
(1669, 83, 0, '2018-02-07 17:55:35', 0, 'Присутствовал на занятии'),
(1670, 83, 1, '2018-02-07 19:15:09', 1200, ''),
(1671, 83, 0, '2018-02-08 12:11:15', 1200, 'Оплата индивидуального пакета'),
(1672, 83, 0, '2018-02-15 13:02:19', 0, 'Присутствовал на занятии'),
(1673, 83, 0, '2018-02-28 20:00:24', 0, 'Присутствовал на занятии'),
(1674, 83, 1, '2018-03-14 17:58:49', 500, '400 за сегодняшнее занятие, 100р в остатке'),
(1675, 83, 0, '2018-03-14 19:02:18', 0, 'Присутствовал на занятии'),
(1676, 83, 1, '2018-03-21 23:43:22', 200, 'корректировка ошибочного списания 0,5 урока'),
(1677, 83, 0, '2018-03-21 23:44:25', 200, 'Оплата индивидуального пакета'),
(1678, 83, 0, '2018-03-21 23:44:56', 400, 'Оплата индивидуального пакета'),
(1679, 83, 1, '2018-04-04 17:59:02', 700, 'на 3.04 баланс 0'),
(1680, 83, 0, '2018-04-04 18:03:00', 0, 'Присутствовал на занятии'),
(1681, 83, 0, '2018-04-04 18:52:25', 400, 'Оплата индивидуального пакета'),
(1682, 83, 0, '2018-04-04 18:52:59', 400, 'Оплата индивидуального пакета'),
(1683, 83, 0, '2018-04-18 18:54:33', 0, 'Присутствовал на занятии'),
(1684, 84, 0, '2018-01-15 19:50:13', 0, 'Отсутствовал на занятии'),
(1685, 84, 0, '2018-01-17 18:03:58', 0, 'Отсутствовал на занятии'),
(1686, 84, 0, '2018-01-22 22:34:29', 0, 'Отсутствовал на занятии'),
(1687, 85, 1, '2018-01-09 14:40:19', 3000, ''),
(1688, 85, 0, '2018-01-09 14:40:41', 3000, 'Оплата индивидуального пакета'),
(1689, 85, 0, '2018-01-09 18:42:44', 0, 'Присутствовал на занятии'),
(1690, 85, 0, '2018-01-23 18:27:59', 0, 'Присутствовал на занятии'),
(1691, 85, 0, '2018-01-30 17:49:31', 0, 'Присутствовал на занятии'),
(1692, 85, 0, '2018-02-02 13:31:56', 0, 'Присутствовал на занятии'),
(1693, 85, 0, '2018-02-06 19:40:11', 0, 'Присутствовал на занятии'),
(1694, 85, 0, '2018-02-09 13:28:36', 0, 'Присутствовал на занятии'),
(1695, 85, 0, '2018-02-13 17:49:08', 0, 'Присутствовал на занятии'),
(1696, 85, 0, '2018-02-16 12:59:05', 0, 'Присутствовал на занятии'),
(1697, 85, 1, '2018-02-20 12:39:52', 3000, ''),
(1698, 85, 0, '2018-02-20 12:40:48', 3000, 'Оплата индивидуального пакета'),
(1699, 85, 0, '2018-02-20 19:39:12', 0, 'Присутствовал на занятии'),
(1700, 85, 1, '2018-03-06 12:56:45', 200, 'возмещения за позднюю отмену урока студией'),
(1701, 85, 1, '2018-03-06 12:56:48', 200, 'возмещения за позднюю отмену урока студией'),
(1702, 85, 1, '2018-03-06 21:45:20', -200, 'корректировка ошибочного ввода'),
(1703, 85, 0, '2018-03-13 15:46:23', 0, 'Присутствовал на занятии'),
(1704, 85, 0, '2018-03-16 13:51:16', 0, 'Присутствовал на занятии'),
(1705, 85, 0, '2018-03-20 14:02:44', 0, 'Присутствовал на занятии'),
(1706, 85, 0, '2018-03-23 12:38:49', 0, 'Присутствовал на занятии'),
(1707, 85, 1, '2018-03-27 14:42:08', 200, 'компенсация за позднюю отмену занятия Студией'),
(1708, 85, 0, '2018-03-30 13:28:28', 0, 'Присутствовал на занятии'),
(1709, 85, 1, '2018-03-30 13:34:10', 2600, 'на 31.03 в остатке еще +2 урока остается'),
(1710, 85, 0, '2018-03-30 13:35:47', 3000, 'Оплата индивидуального пакета'),
(1711, 85, 0, '2018-04-03 19:48:41', 0, 'Присутствовал на занятии'),
(1712, 85, 0, '2018-04-06 16:06:48', 0, 'Присутствовал на занятии'),
(1713, 85, 0, '2018-04-20 22:07:50', 0, 'Присутствовал на занятии'),
(1714, 86, 1, '2017-12-28 20:07:26', 1, ''),
(1715, 86, 0, '2017-12-28 20:09:45', 1, 'Оплата индивидуального пакета'),
(1716, 86, 0, '2018-02-05 23:05:20', 0, 'Присутствовал на занятии'),
(1717, 86, 0, '2018-02-15 13:00:40', 0, 'Отсутствовал на занятии'),
(1718, 86, 1, '2018-02-16 16:54:11', 200, 'за позднюю отмену занятий Студией'),
(1719, 86, 0, '2018-02-19 19:08:50', 0, 'Присутствовал на занятии'),
(1720, 86, 0, '2018-02-26 19:41:29', 0, 'Присутствовал на занятии'),
(1721, 86, 1, '2018-03-04 17:40:23', 200, 'компенсация за позднюю отмену занятия Студией 01.03'),
(1722, 86, 0, '2018-03-08 22:44:47', 400, 'Оплата индивидуального пакета'),
(1723, 86, 0, '2018-03-12 17:48:46', 0, 'Присутствовал на занятии'),
(1724, 86, 0, '2018-03-15 22:29:35', 0, 'Присутствовал на занятии'),
(1725, 86, 0, '2018-03-19 16:14:32', 0, 'Присутствовал на занятии'),
(1726, 86, 1, '2018-03-20 12:10:45', 3000, 'на 19.03 на остатке 0,5 ур'),
(1727, 86, 0, '2018-03-20 23:15:05', 3000, 'Оплата индивидуального пакета'),
(1728, 86, 0, '2018-03-26 16:57:18', 0, 'Присутствовал на занятии'),
(1729, 86, 0, '2018-03-29 14:45:36', 0, 'Присутствовал на занятии'),
(1730, 86, 0, '2018-04-02 16:16:46', 0, 'Присутствовал на занятии'),
(1731, 86, 0, '2018-04-16 18:32:03', 0, 'Отсутствовал на занятии'),
(1732, 86, 0, '2018-04-19 23:31:21', 0, 'Присутствовал на занятии'),
(1733, 87, 0, '2018-01-10 18:04:59', 0, 'фролова за 5 мин предупредила'),
(1734, 87, 1, '2018-01-15 16:01:07', 2000, ''),
(1735, 87, 0, '2018-01-15 16:01:38', 2000, 'Оплата индивидуального пакета'),
(1736, 87, 0, '2018-01-15 19:28:18', 0, 'Присутствовал на занятии'),
(1737, 87, 0, '2018-01-17 18:04:06', 0, 'Отсутствовал на занятии'),
(1738, 87, 0, '2018-01-22 18:04:13', 0, 'Присутствовал на занятии'),
(1739, 87, 0, '2018-01-29 17:52:45', 0, 'Присутствовал на занятии'),
(1740, 87, 0, '2018-01-31 16:55:56', 0, 'Присутствовал на занятии'),
(1741, 87, 1, '2018-02-05 16:00:15', 2000, ''),
(1742, 87, 0, '2018-02-05 16:03:33', 2000, 'Оплата индивидуального пакета'),
(1743, 87, 0, '2018-02-05 23:05:33', 0, 'Присутствовал на занятии'),
(1744, 87, 0, '2018-02-07 17:55:53', 0, 'Отсутствовал на занятии'),
(1745, 87, 0, '2018-02-12 10:50:46', 0, 'Отсутствовал на занятии'),
(1746, 87, 0, '2018-02-26 19:41:41', 0, 'Присутствовал на занятии'),
(1747, 87, 0, '2018-03-12 11:12:02', 0, 'Отсутствовал на занятии'),
(1748, 87, 0, '2018-03-14 22:49:16', 0, 'Отсутствовал на занятии'),
(1749, 87, 0, '2018-03-19 14:37:22', 0, 'Отсутствовал на занятии'),
(1750, 87, 0, '2018-03-21 18:11:59', 0, 'Присутствовал на занятии'),
(1751, 87, 1, '2018-04-18 17:54:02', 1800, 'на 17.04 в остатке -0,5 индив'),
(1752, 87, 0, '2018-04-18 18:54:07', 0, 'Присутствовал на занятии'),
(1753, 87, 0, '2018-04-19 17:29:46', 1800, 'Оплата индивидуального пакета'),
(1754, 88, 1, '2018-01-15 14:35:29', 2000, ''),
(1755, 88, 0, '2018-01-15 14:36:09', 2000, 'Оплата индивидуального пакета'),
(1756, 88, 0, '2018-01-15 15:58:23', 0, 'Присутствовал на занятии'),
(1757, 88, 0, '2018-01-22 13:29:05', 0, 'Отсутствовал на занятии'),
(1758, 88, 0, '2018-01-29 17:52:36', 0, 'Присутствовал на занятии'),
(1759, 88, 0, '2018-02-05 15:38:41', 0, 'Отсутствовал на занятии'),
(1760, 88, 0, '2018-02-08 18:29:38', 0, 'Присутствовал на занятии'),
(1761, 88, 1, '2018-03-04 17:41:41', 200, 'компенсация за позднюю отмену занятия Студией 01.03'),
(1762, 88, 0, '2018-03-15 22:31:03', 0, 'Присутствовал на занятии'),
(1763, 88, 0, '2018-03-22 18:34:59', 0, 'Присутствовал на занятии'),
(1764, 88, 1, '2018-03-28 21:26:22', 200, ''),
(1765, 88, 0, '2018-03-28 21:27:30', 400, 'Оплата индивидуального пакета'),
(1766, 88, 0, '2018-03-29 12:34:40', 0, 'Отсутствовал на занятии'),
(1767, 90, 0, '2018-01-18 15:01:59', 0, 'Присутствовал на занятии'),
(1768, 90, 1, '2018-01-18 15:01:59', 500, ''),
(1769, 90, 0, '2018-01-18 16:31:54', 500, 'Оплата индивидуального пакета'),
(1770, 90, 1, '2018-01-25 14:51:24', 500, ''),
(1771, 90, 0, '2018-01-25 18:04:21', 0, 'Присутствовал на занятии'),
(1772, 90, 0, '2018-01-25 19:07:07', 500, 'Оплата индивидуального пакета'),
(1773, 90, 0, '2018-02-01 18:06:18', 0, 'Присутствовал на занятии'),
(1774, 90, 1, '2018-02-01 18:06:18', 500, ''),
(1775, 90, 0, '2018-02-02 12:27:40', 500, 'Оплата индивидуального пакета'),
(1776, 90, 0, '2018-02-08 12:04:21', 0, 'Отсутствовал на занятии'),
(1777, 90, 1, '2018-02-13 14:30:32', 1, ''),
(1778, 90, 0, '2018-02-13 14:33:07', 0, 'Отсутствовал на занятии'),
(1779, 90, 0, '2018-02-13 14:33:44', 1, 'Оплата индивидуального пакета'),
(1780, 90, 1, '2018-02-15 14:53:13', 500, 'поурочно'),
(1781, 90, 0, '2018-02-15 14:57:11', 0, 'Присутствовал на занятии'),
(1782, 90, 0, '2018-02-15 16:37:25', 500, 'Оплата индивидуального пакета'),
(1783, 90, 1, '2018-02-21 11:03:42', 200, '21,02 Ая заболела отмена урока'),
(1784, 90, 1, '2018-02-24 16:33:05', -200, 'корректировка'),
(1785, 90, 0, '2018-03-15 18:22:35', 0, 'Присутствовал на занятии'),
(1786, 90, 1, '2018-03-15 18:22:35', 500, ''),
(1787, 90, 0, '2018-03-15 18:28:21', 500, 'Оплата индивидуального пакета'),
(1788, 90, 1, '2018-03-21 15:54:17', 500, 'оплата сегодняшнего занятия'),
(1789, 90, 0, '2018-03-21 17:02:21', 0, 'Присутствовал на занятии'),
(1790, 90, 0, '2018-03-21 23:43:37', 500, 'Оплата индивидуального пакета'),
(1791, 90, 0, '2018-03-29 17:32:33', 0, 'Отсутствовал на занятии'),
(1792, 90, 1, '2018-03-29 17:38:18', 200, 'корректировка баланса'),
(1793, 90, 0, '2018-03-29 17:39:27', 200, 'Оплата индивидуального пакета'),
(1794, 90, 1, '2018-04-18 15:48:09', 500, 'поурочно'),
(1795, 90, 0, '2018-04-18 16:51:25', 0, 'Присутствовал на занятии'),
(1796, 90, 0, '2018-04-18 16:52:44', 500, 'Оплата индивидуального пакета'),
(1797, 91, 1, '2017-12-31 00:23:28', 1, ''),
(1798, 91, 0, '2017-12-31 00:23:43', 1, 'Оплата индивидуального пакета'),
(1799, 91, 0, '2018-01-06 17:39:30', 0, 'Присутствовал на занятии'),
(1800, 91, 0, '2018-01-11 14:36:04', 0, 'Отсутствовал на занятии'),
(1801, 91, 0, '2018-01-13 17:21:45', 0, 'Присутствовал на занятии'),
(1802, 91, 0, '2018-01-15 20:17:34', 0, 'Присутствовал на занятии'),
(1803, 91, 0, '2018-01-20 20:44:22', 0, 'Отсутствовал на занятии'),
(1804, 91, 1, '2018-01-27 16:05:33', 2000, ''),
(1805, 91, 0, '2018-01-27 16:52:59', 0, 'Присутствовал на занятии'),
(1806, 91, 0, '2018-01-27 16:57:45', 2000, 'Оплата индивидуального пакета'),
(1807, 91, 0, '2018-02-03 17:39:35', 0, 'Присутствовал на занятии'),
(1808, 91, 0, '2018-02-10 17:15:02', 0, 'Присутствовал на занятии'),
(1809, 91, 0, '2018-02-17 17:54:20', 0, 'Присутствовал на занятии'),
(1810, 91, 0, '2018-02-24 16:11:01', 0, 'Присутствовал на занятии'),
(1811, 91, 1, '2018-03-10 14:53:46', 500, 'поурочно'),
(1812, 91, 1, '2018-03-10 14:53:48', 500, 'поурочно'),
(1813, 91, 0, '2018-03-10 16:05:59', 0, 'Присутствовал на занятии'),
(1814, 91, 1, '2018-03-10 19:44:34', -500, 'корректировка ошибочного ввода'),
(1815, 91, 0, '2018-03-10 20:07:49', 500, 'Оплата индивидуального пакета'),
(1816, 91, 0, '2018-03-18 13:23:14', 0, 'Отсутствовал на занятии'),
(1817, 91, 1, '2018-03-24 14:58:01', 2000, 'на 23.05 на балансе -1,5'),
(1818, 91, 0, '2018-03-24 14:58:53', 2000, 'Оплата индивидуального пакета'),
(1819, 91, 0, '2018-03-24 16:01:16', 0, 'Присутствовал на занятии'),
(1820, 91, 0, '2018-04-01 17:46:09', 0, 'Присутствовал на занятии'),
(1821, 91, 0, '2018-04-15 12:36:20', 0, 'Отсутствовал на занятии'),
(1822, 91, 0, '2018-04-17 16:39:53', 0, 'Присутствовал на занятии'),
(1823, 92, 1, '2017-12-31 00:25:50', 1, ''),
(1824, 92, 0, '2017-12-31 00:26:01', 1, 'Оплата индивидуального пакета'),
(1825, 92, 1, '2018-01-12 15:02:51', 3000, ''),
(1826, 92, 0, '2018-01-12 16:42:22', 0, 'Присутствовал на занятии'),
(1827, 92, 0, '2018-01-12 17:09:45', 3000, 'Оплата индивидуального пакета'),
(1828, 92, 0, '2018-01-13 17:21:58', 0, 'Присутствовал на занятии'),
(1829, 92, 0, '2018-01-20 13:40:48', 0, 'Присутствовал на занятии'),
(1830, 92, 0, '2018-01-26 16:05:01', 0, 'Присутствовал на занятии'),
(1831, 92, 0, '2018-01-27 13:39:02', 0, 'Присутствовал на занятии'),
(1832, 92, 0, '2018-02-02 15:05:30', 0, 'Отсутствовал на занятии'),
(1833, 92, 0, '2018-02-03 15:02:29', 0, 'Присутствовал на занятии'),
(1834, 92, 0, '2018-02-09 16:01:34', 0, 'Присутствовал на занятии'),
(1835, 92, 0, '2018-02-10 13:54:57', 0, 'Присутствовал на занятии'),
(1836, 92, 0, '2018-02-24 14:49:51', 0, 'Присутствовал на занятии'),
(1837, 92, 1, '2018-03-03 12:26:53', 3000, 'на 02.03 в остатке -0,5 было'),
(1838, 92, 0, '2018-03-03 12:28:10', 3000, 'Оплата индивидуального пакета'),
(1839, 92, 0, '2018-03-03 12:33:55', 0, 'Присутствовал на занятии'),
(1840, 92, 0, '2018-03-10 13:24:28', 0, 'Присутствовал на занятии'),
(1841, 92, 0, '2018-03-16 16:51:13', 0, 'Присутствовал на занятии'),
(1842, 92, 0, '2018-03-17 14:15:28', 0, 'Присутствовал на занятии'),
(1843, 92, 0, '2018-03-23 16:01:10', 0, 'Присутствовал на занятии'),
(1844, 92, 0, '2018-03-24 13:02:48', 0, 'Присутствовал на занятии'),
(1845, 92, 0, '2018-03-30 11:08:22', 0, 'Присутствовал на занятии'),
(1846, 92, 0, '2018-03-31 13:31:11', 0, 'Присутствовал на занятии'),
(1847, 92, 1, '2018-03-31 13:36:12', 3000, 'на 1.04 -0,5'),
(1848, 92, 0, '2018-03-31 13:37:01', 3000, 'Оплата индивидуального пакета'),
(1849, 92, 0, '2018-04-06 16:06:14', 0, 'Присутствовал на занятии'),
(1850, 92, 0, '2018-04-07 13:26:57', 0, 'Присутствовал на занятии'),
(1851, 92, 0, '2018-04-14 13:30:16', 0, 'Присутствовал на занятии'),
(1852, 92, 0, '2018-04-20 22:06:27', 0, 'Присутствовал на занятии'),
(1853, 93, 1, '2017-12-30 23:53:19', 1, ''),
(1854, 93, 0, '2017-12-30 23:53:43', 1, 'Оплата индивидуального пакета'),
(1855, 93, 0, '2018-01-12 19:31:50', 0, 'Присутствовал на занятии'),
(1856, 93, 0, '2018-01-16 21:46:34', 0, 'Присутствовал на занятии'),
(1857, 93, 0, '2018-01-23 18:28:14', 0, 'Отсутствовал на занятии'),
(1858, 93, 0, '2018-01-26 18:38:28', 0, 'Присутствовал на занятии'),
(1859, 93, 0, '2018-01-30 17:49:55', 0, 'Отсутствовал на занятии'),
(1860, 93, 0, '2018-02-02 18:29:32', 0, 'Присутствовал на занятии'),
(1861, 93, 1, '2018-02-06 18:41:55', 3000, ''),
(1862, 93, 0, '2018-02-06 19:24:04', 3000, 'Оплата индивидуального пакета'),
(1863, 93, 0, '2018-02-06 19:40:23', 0, 'Присутствовал на занятии'),
(1864, 93, 0, '2018-02-09 17:34:12', 0, 'Присутствовал на занятии'),
(1865, 93, 0, '2018-02-13 17:49:20', 0, 'Присутствовал на занятии'),
(1866, 93, 0, '2018-02-16 19:30:10', 0, 'Присутствовал на занятии'),
(1867, 93, 0, '2018-02-20 19:39:42', 0, 'Присутствовал на занятии'),
(1868, 93, 0, '2018-02-21 16:56:09', 0, 'Присутствовал на занятии'),
(1869, 93, 0, '2018-02-23 18:02:01', 0, 'Присутствовал на занятии'),
(1870, 93, 0, '2018-02-28 17:53:33', 0, 'Присутствовал на занятии'),
(1871, 93, 1, '2018-03-02 17:41:23', 3000, 'сегодня было второе занятие по абонементу'),
(1872, 93, 0, '2018-03-02 18:07:59', 0, 'Присутствовал на занятии'),
(1873, 93, 0, '2018-03-02 18:47:20', 3000, 'Оплата индивидуального пакета'),
(1874, 93, 0, '2018-04-04 17:21:03', 0, 'Присутствовал на занятии'),
(1875, 93, 0, '2018-04-06 19:59:35', 0, 'Присутствовал на занятии'),
(1876, 93, 0, '2018-04-11 17:15:38', 0, 'Отсутствовал на занятии'),
(1877, 93, 0, '2018-04-13 10:49:24', 0, 'Отсутствовал на занятии'),
(1878, 93, 0, '2018-04-18 17:15:45', 0, 'Присутствовал на занятии'),
(1879, 94, 1, '2017-12-29 20:20:13', 500, ''),
(1880, 94, 0, '2017-12-29 20:21:35', 0, 'Присутствовал на занятии'),
(1881, 94, 0, '2017-12-29 20:22:17', 500, 'Оплата индивидуального пакета'),
(1882, 94, 1, '2018-01-09 13:25:26', 2000, ''),
(1883, 94, 0, '2018-01-09 13:29:50', 2000, 'Оплата индивидуального пакета'),
(1884, 94, 0, '2018-01-12 19:32:02', 0, 'Отсутствовал на занятии'),
(1885, 94, 0, '2018-01-26 18:38:39', 0, 'Присутствовал на занятии'),
(1886, 94, 0, '2018-01-27 21:55:23', 0, 'Присутствовал на занятии'),
(1887, 94, 0, '2018-02-02 18:29:42', 0, 'Отсутствовал на занятии'),
(1888, 94, 0, '2018-02-16 19:30:18', 0, 'Присутствовал на занятии'),
(1889, 94, 0, '2018-02-23 18:02:15', 0, 'Присутствовал на занятии'),
(1890, 94, 1, '2018-02-24 15:40:47', 500, ''),
(1891, 94, 0, '2018-02-24 16:02:06', 0, 'Присутствовал на занятии'),
(1892, 94, 0, '2018-03-01 12:48:00', 500, 'Оплата индивидуального пакета'),
(1893, 94, 1, '2018-03-02 17:42:19', 2000, ''),
(1894, 94, 0, '2018-03-02 18:49:06', 2000, 'Оплата индивидуального пакета'),
(1895, 94, 0, '2018-03-03 12:31:31', 0, 'Отсутствовал на занятии'),
(1896, 94, 0, '2018-03-03 14:02:47', 0, 'Присутствовал на занятии'),
(1897, 94, 0, '2018-03-09 17:28:55', 0, 'Присутствовал на занятии'),
(1898, 94, 0, '2018-03-24 22:42:54', 0, 'Присутствовал на занятии'),
(1899, 94, 0, '2018-03-30 20:25:23', 0, 'Присутствовал на занятии'),
(1900, 94, 0, '2018-03-31 20:11:28', 0, 'Присутствовал на занятии'),
(1901, 94, 1, '2018-04-03 19:15:36', 1800, 'на 02,04 было -0.5'),
(1902, 94, 0, '2018-04-03 19:17:31', 1800, 'Оплата индивидуального пакета'),
(1903, 94, 0, '2018-04-03 19:48:22', 0, 'Присутствовал на занятии'),
(1904, 94, 0, '2018-04-06 19:59:13', 0, 'Присутствовал на занятии'),
(1905, 94, 0, '2018-04-13 18:29:08', 0, 'Присутствовал на занятии'),
(1906, 95, 0, '2018-01-09 18:43:05', 0, 'Присутствовал на занятии'),
(1907, 95, 0, '2018-01-12 19:31:36', 0, 'Присутствовал на занятии'),
(1908, 95, 0, '2018-01-23 18:28:25', 0, 'Присутствовал на занятии'),
(1909, 95, 0, '2018-01-30 17:49:41', 0, 'Присутствовал на занятии'),
(1910, 95, 0, '2018-02-06 19:40:34', 0, 'Присутствовал на занятии'),
(1911, 95, 1, '2018-02-09 13:06:58', 1000, 'оплата долга'),
(1912, 95, 0, '2018-02-11 15:42:46', 600, 'Оплата группового пакета'),
(1913, 95, 0, '2018-02-11 15:42:53', 400, 'Оплата индивидуального пакета'),
(1914, 95, 0, '2018-02-16 19:29:47', 0, 'Присутствовал на занятии'),
(1915, 95, 1, '2018-02-21 11:12:39', 1000, 'было -1 индивидуальное'),
(1916, 95, 0, '2018-02-23 18:01:47', 0, 'Присутствовал на занятии'),
(1917, 95, 0, '2018-02-27 19:52:32', 0, 'Присутствовал на занятии'),
(1918, 95, 0, '2018-03-03 14:02:22', 0, 'Присутствовал на занятии'),
(1919, 95, 1, '2018-03-06 14:52:24', 1000, 'на балансе 1000, -3 индивидуальных - 1 групповое.  на 05.03'),
(1920, 95, 0, '2018-03-06 19:47:19', 0, 'Присутствовал на занятии'),
(1921, 95, 0, '2018-03-06 21:25:19', 400, 'Оплата группового пакета'),
(1922, 95, 0, '2018-03-09 17:28:28', 0, 'Присутствовал на занятии'),
(1923, 95, 0, '2018-03-12 22:53:19', 1600, 'Оплата индивидуального пакета'),
(1924, 95, 0, '2018-03-13 19:41:22', 0, 'Присутствовал на занятии'),
(1925, 95, 0, '2018-03-20 21:12:15', 0, 'Присутствовал на занятии'),
(1926, 95, 0, '2018-03-30 20:25:45', 0, 'Присутствовал на занятии'),
(1927, 95, 0, '2018-04-03 19:50:19', 0, 'Присутствовал на занятии'),
(1928, 95, 1, '2018-04-10 10:25:28', 3000, 'на 9.04 в остатке -1 индив'),
(1929, 95, 0, '2018-04-10 15:30:26', 1000, 'Оплата группового пакета'),
(1930, 95, 0, '2018-04-10 15:30:46', 400, 'Оплата индивидуального пакета'),
(1931, 95, 0, '2018-04-10 22:20:44', 400, 'Оплата индивидуального пакета'),
(1932, 95, 0, '2018-04-17 17:12:02', 0, 'Присутствовал на занятии'),
(1933, 95, 0, '2018-04-17 21:43:23', 0, 'Присутствовал на занятии'),
(1934, 96, 0, '2018-01-06 17:12:25', 0, 'Присутствовал на занятии'),
(1935, 96, 0, '2018-01-13 18:23:13', 0, 'Отсутствовал на занятии'),
(1936, 96, 0, '2018-02-03 19:45:48', 0, 'Присутствовал на занятии'),
(1937, 96, 0, '2018-02-10 18:35:41', 0, 'Отсутствовал на занятии'),
(1938, 96, 1, '2018-02-24 15:45:27', 1, ''),
(1939, 96, 0, '2018-02-24 16:29:51', 1, 'Оплата индивидуального пакета'),
(1940, 96, 0, '2018-02-24 19:37:09', 0, 'Присутствовал на занятии'),
(1941, 96, 0, '2018-03-03 18:51:42', 0, 'Присутствовал на занятии'),
(1942, 96, 0, '2018-03-09 17:26:01', 0, 'Присутствовал на занятии'),
(1943, 96, 0, '2018-03-17 19:27:20', 0, 'Присутствовал на занятии'),
(1944, 96, 0, '2018-03-24 22:42:07', 0, 'Присутствовал на занятии'),
(1945, 96, 1, '2018-04-06 16:51:44', 1500, 'долг за март '),
(1946, 96, 0, '2018-04-06 16:53:13', 900, 'Оплата индивидуального пакета'),
(1947, 96, 0, '2018-04-06 16:53:19', 300, 'Оплата индивидуального пакета'),
(1948, 96, 0, '2018-04-06 16:53:24', 300, 'Оплата индивидуального пакета'),
(1949, 96, 0, '2018-04-07 18:16:05', 0, 'Отсутствовал на занятии'),
(1950, 96, 0, '2018-04-14 18:41:22', 0, 'Присутствовал на занятии'),
(1951, 97, 1, '2017-12-30 23:47:12', 1, ''),
(1952, 97, 0, '2017-12-30 23:47:38', 1, 'Оплата индивидуального пакета'),
(1953, 97, 1, '2017-12-30 23:49:00', 1, ''),
(1954, 97, 0, '2017-12-30 23:49:25', 1, 'Оплата группового пакета'),
(1955, 97, 0, '2018-01-09 18:43:05', 0, 'Присутствовал на занятии'),
(1956, 97, 0, '2018-01-13 18:22:46', 0, 'Присутствовал на занятии'),
(1957, 97, 0, '2018-01-16 23:22:46', 0, 'Присутствовал на занятии'),
(1958, 97, 0, '2018-01-23 18:28:25', 0, 'Присутствовал на занятии'),
(1959, 97, 0, '2018-01-27 21:55:04', 0, 'Присутствовал на занятии'),
(1960, 97, 0, '2018-01-30 17:49:41', 0, 'Присутствовал на занятии'),
(1961, 97, 0, '2018-02-03 19:46:06', 0, 'Присутствовал на занятии'),
(1962, 97, 0, '2018-02-06 19:40:34', 0, 'Присутствовал на занятии'),
(1963, 97, 0, '2018-02-10 18:35:32', 0, 'Присутствовал на занятии'),
(1964, 97, 1, '2018-02-12 11:05:33', 3000, ''),
(1965, 97, 0, '2018-02-12 11:07:44', 2000, 'Оплата индивидуального пакета'),
(1966, 97, 0, '2018-02-12 11:07:56', 1000, 'Оплата группового пакета'),
(1967, 97, 0, '2018-02-13 17:49:33', 0, 'Присутствовал на занятии'),
(1968, 97, 0, '2018-02-20 19:39:53', 0, 'Присутствовал на занятии'),
(1969, 97, 0, '2018-02-24 17:19:56', 0, 'Присутствовал на занятии'),
(1970, 97, 0, '2018-02-27 19:52:32', 0, 'Присутствовал на занятии'),
(1971, 97, 0, '2018-03-03 18:52:04', 0, 'Присутствовал на занятии'),
(1972, 97, 0, '2018-03-06 19:47:19', 0, 'Присутствовал на занятии'),
(1973, 97, 0, '2018-03-09 17:26:42', 0, 'Присутствовал на занятии'),
(1974, 97, 0, '2018-03-13 19:41:22', 0, 'Присутствовал на занятии'),
(1975, 97, 0, '2018-03-17 19:28:29', 0, 'Присутствовал на занятии'),
(1976, 97, 0, '2018-03-20 21:12:15', 0, 'Присутствовал на занятии'),
(1977, 97, 0, '2018-03-24 22:42:31', 0, 'Присутствовал на занятии'),
(1978, 97, 0, '2018-03-30 20:24:57', 0, 'Присутствовал на занятии'),
(1979, 97, 0, '2018-04-03 19:50:19', 0, 'Присутствовал на занятии'),
(1980, 97, 0, '2018-04-06 19:59:53', 0, 'Присутствовал на занятии'),
(1981, 97, 1, '2018-04-08 15:42:58', 1, 'урок бонусом по акции'),
(1982, 97, 0, '2018-04-08 16:24:59', 1, 'Оплата индивидуального пакета'),
(1983, 97, 1, '2018-04-09 15:41:38', 3200, 'на 09.04 -1 занятие индив, -1 занятие групповое'),
(1984, 97, 0, '2018-04-10 22:18:29', 1600, 'Оплата индивидуального пакета'),
(1985, 97, 0, '2018-04-10 22:18:37', 800, 'Оплата группового пакета'),
(1986, 97, 0, '2018-04-13 18:28:51', 0, 'Присутствовал на занятии'),
(1987, 97, 0, '2018-04-17 17:12:02', 0, 'Присутствовал на занятии'),
(1988, 97, 0, '2018-04-17 21:43:23', 0, 'Присутствовал на занятии'),
(1989, 99, 1, '2017-12-31 00:22:10', 1, ''),
(1990, 99, 0, '2017-12-31 00:22:33', 1, 'Оплата индивидуального пакета'),
(1991, 99, 0, '2018-01-06 17:39:25', 0, 'Отсутствовал на занятии'),
(1992, 99, 0, '2018-01-08 20:03:03', 0, 'Присутствовал на занятии'),
(1993, 99, 0, '2018-01-13 17:21:11', 0, 'Присутствовал на занятии'),
(1994, 99, 0, '2018-01-15 20:15:26', 0, 'Присутствовал на занятии'),
(1995, 99, 0, '2018-01-20 12:34:14', 0, 'Отсутствовал на занятии'),
(1996, 100, 1, '2017-12-31 00:19:48', 1, ''),
(1997, 100, 0, '2017-12-31 00:20:07', 1, 'Оплата индивидуального пакета'),
(1998, 100, 0, '2018-01-06 17:39:15', 0, 'Присутствовал на занятии'),
(1999, 100, 0, '2018-01-13 17:20:51', 0, 'Присутствовал на занятии'),
(2000, 100, 0, '2018-01-20 11:28:51', 0, 'Присутствовал на занятии'),
(2001, 100, 0, '2018-01-27 10:58:08', 0, 'Присутствовал на занятии'),
(2002, 100, 1, '2018-01-27 14:24:44', 2000, ''),
(2003, 100, 0, '2018-01-27 14:25:06', 2000, 'Оплата индивидуального пакета'),
(2004, 100, 0, '2018-02-03 11:29:12', 0, 'Присутствовал на занятии'),
(2005, 100, 0, '2018-02-10 13:53:43', 0, 'Присутствовал на занятии'),
(2006, 100, 0, '2018-02-17 11:34:10', 0, 'Присутствовал на занятии'),
(2007, 100, 0, '2018-02-24 12:26:17', 0, 'Присутствовал на занятии'),
(2008, 100, 1, '2018-02-24 17:38:15', 3000, 'на 23.02 в остатке 0'),
(2009, 100, 0, '2018-02-24 17:43:11', 3000, 'Оплата индивидуального пакета'),
(2010, 100, 0, '2018-03-03 12:33:09', 0, 'Присутствовал на занятии'),
(2011, 100, 0, '2018-03-10 11:34:37', 0, 'Присутствовал на занятии'),
(2012, 100, 0, '2018-03-17 12:22:32', 0, 'Присутствовал на занятии'),
(2013, 100, 0, '2018-03-24 12:17:40', 0, 'Присутствовал на занятии'),
(2014, 100, 0, '2018-03-31 11:31:13', 0, 'Присутствовал на занятии'),
(2015, 100, 1, '2018-04-07 11:32:28', 1800, 'на 07.04 +2 занятия'),
(2016, 100, 0, '2018-04-07 11:33:28', 1800, 'Оплата индивидуального пакета'),
(2017, 100, 0, '2018-04-07 11:51:48', 0, 'Присутствовал на занятии'),
(2018, 100, 0, '2018-04-14 11:47:49', 0, 'Присутствовал на занятии'),
(2019, 101, 1, '2018-01-09 13:32:33', 300, ''),
(2020, 101, 0, '2018-01-09 18:47:37', 0, 'Присутствовал на занятии'),
(2021, 101, 1, '2018-01-15 16:20:09', 1300, ''),
(2022, 101, 0, '2018-01-15 16:20:54', 1600, 'Оплата индивидуального пакета'),
(2023, 101, 0, '2018-01-16 15:59:43', 0, 'Присутствовал на занятии'),
(2024, 101, 0, '2018-01-23 15:19:07', 0, 'Присутствовал на занятии'),
(2025, 101, 0, '2018-02-03 15:03:49', 0, 'Присутствовал на занятии'),
(2026, 101, 1, '2018-02-06 11:22:44', 1600, ''),
(2027, 101, 0, '2018-02-06 16:02:12', 0, 'Присутствовал на занятии'),
(2028, 101, 0, '2018-02-06 17:06:37', 1600, 'Оплата индивидуального пакета'),
(2029, 101, 0, '2018-02-13 16:13:10', 0, 'Присутствовал на занятии'),
(2030, 101, 0, '2018-02-20 18:35:56', 0, 'Присутствовал на занятии'),
(2031, 101, 0, '2018-02-27 15:28:50', 0, 'Присутствовал на занятии'),
(2032, 101, 1, '2018-03-09 16:23:08', 1600, 'на момент оплаты - по нулям'),
(2033, 101, 0, '2018-03-09 18:18:24', 1600, 'Оплата индивидуального пакета'),
(2034, 101, 0, '2018-03-13 18:51:51', 0, 'Присутствовал на занятии'),
(2035, 101, 0, '2018-03-20 16:06:06', 0, 'Присутствовал на занятии'),
(2036, 101, 0, '2018-03-27 15:55:32', 0, 'Присутствовал на занятии'),
(2037, 101, 0, '2018-04-03 15:55:55', 0, 'Присутствовал на занятии'),
(2038, 101, 0, '2018-04-10 15:50:38', 0, 'Присутствовал на занятии'),
(2039, 101, 1, '2018-04-15 17:59:43', 1400, 'оплата внесена 3.04'),
(2040, 101, 0, '2018-04-17 19:36:51', 0, 'Отсутствовал на занятии'),
(2041, 102, 1, '2017-12-28 19:41:00', 1, ''),
(2042, 102, 0, '2017-12-28 19:41:18', 1, 'Оплата индивидуального пакета'),
(2043, 102, 0, '2018-01-10 18:38:01', 0, 'Отсутствовал на занятии'),
(2044, 103, 1, '2017-12-31 01:06:55', 1, ''),
(2045, 103, 0, '2017-12-31 01:07:10', 1, 'Оплата индивидуального пакета'),
(2046, 103, 0, '2018-01-09 19:28:43', 0, 'Присутствовал на занятии'),
(2047, 103, 0, '2018-01-13 21:54:52', 0, 'Присутствовал на занятии'),
(2048, 103, 0, '2018-01-16 16:57:36', 0, 'Присутствовал на занятии'),
(2049, 103, 0, '2018-01-20 12:33:29', 0, 'Отсутствовал на занятии'),
(2050, 104, 1, '2017-12-31 01:06:01', 1, ''),
(2051, 104, 0, '2017-12-31 01:06:27', 1, 'Оплата индивидуального пакета'),
(2052, 105, 1, '2017-12-28 19:57:18', 1, ''),
(2053, 105, 0, '2017-12-28 19:58:30', 1, 'Оплата индивидуального пакета'),
(2054, 105, 1, '2018-01-23 18:57:09', 2000, ''),
(2055, 105, 0, '2018-01-23 19:52:12', 0, 'Присутствовал на занятии'),
(2056, 105, 0, '2018-01-30 20:31:24', 0, 'Присутствовал на занятии'),
(2057, 105, 0, '2018-01-30 22:50:13', 2000, 'Оплата индивидуального пакета'),
(2058, 105, 0, '2018-02-06 18:35:02', 0, 'Присутствовал на занятии'),
(2059, 105, 0, '2018-02-13 20:29:52', 0, 'Присутствовал на занятии'),
(2060, 105, 0, '2018-02-20 18:36:35', 0, 'Присутствовал на занятии'),
(2061, 105, 0, '2018-02-27 20:36:04', 0, 'Присутствовал на занятии'),
(2062, 105, 1, '2018-02-27 20:39:00', 2000, '-1 было на 27 фев'),
(2063, 105, 0, '2018-03-02 18:49:21', 2000, 'Оплата индивидуального пакета'),
(2064, 105, 0, '2018-03-06 18:07:59', 0, 'Присутствовал на занятии'),
(2065, 105, 0, '2018-03-25 12:55:19', 0, 'Присутствовал на занятии'),
(2066, 105, 0, '2018-03-27 18:42:11', 0, 'Отсутствовал на занятии'),
(2067, 105, 0, '2018-04-03 19:41:57', 0, 'Присутствовал на занятии'),
(2068, 105, 0, '2018-04-10 19:19:44', 0, 'Присутствовал на занятии'),
(2069, 105, 0, '2018-04-17 19:36:18', 0, 'Присутствовал на занятии'),
(2070, 106, 1, '2018-01-03 00:27:11', 799, ''),
(2071, 106, 1, '2018-01-04 17:24:47', 1, ''),
(2072, 106, 0, '2018-01-05 14:45:52', 800, 'Оплата группового пакета'),
(2073, 106, 0, '2018-01-09 18:43:05', 0, 'Присутствовал на занятии'),
(2074, 106, 0, '2018-01-23 18:28:25', 0, 'Присутствовал на занятии'),
(2075, 106, 0, '2018-01-30 17:49:41', 0, 'Присутствовал на занятии'),
(2076, 106, 0, '2018-02-06 19:40:34', 0, 'Присутствовал на занятии'),
(2077, 106, 0, '2018-02-13 17:49:33', 0, 'Присутствовал на занятии'),
(2078, 106, 1, '2018-02-20 16:01:24', 800, 'было  -1 внес 20,02'),
(2079, 106, 0, '2018-02-20 16:02:38', 800, 'Оплата группового пакета'),
(2080, 106, 0, '2018-02-20 19:39:53', 0, 'Присутствовал на занятии'),
(2081, 106, 0, '2018-02-27 19:52:32', 0, 'Присутствовал на занятии'),
(2082, 106, 0, '2018-03-06 19:47:19', 0, 'Присутствовал на занятии'),
(2083, 106, 1, '2018-03-10 15:04:59', 200, 'на 13.03 групповое'),
(2084, 106, 0, '2018-03-13 19:41:22', 0, 'Присутствовал на занятии'),
(2085, 106, 0, '2018-03-20 21:12:15', 0, 'Присутствовал на занятии'),
(2086, 106, 0, '2018-03-22 10:07:38', 200, 'Оплата группового пакета'),
(2087, 106, 1, '2018-03-24 10:31:13', 800, 'на групповые, одно уже прошло'),
(2088, 106, 0, '2018-03-24 10:32:07', 800, 'Оплата группового пакета'),
(2089, 106, 0, '2018-04-03 19:50:19', 0, 'Присутствовал на занятии'),
(2090, 106, 0, '2018-04-17 17:12:02', 0, 'Присутствовал на занятии'),
(2091, 106, 0, '2018-04-17 21:43:23', 0, 'Присутствовал на занятии'),
(2092, 107, 1, '2018-01-17 16:04:53', 300, ''),
(2093, 107, 0, '2018-01-17 17:25:54', 0, 'Присутствовал на занятии'),
(2094, 107, 0, '2018-01-18 16:35:17', 300, 'Оплата индивидуального пакета'),
(2095, 107, 0, '2018-01-21 16:13:35', 0, 'Присутствовал на занятии'),
(2096, 107, 0, '2018-01-21 16:38:31', 0, 'Присутствовал на занятии'),
(2097, 107, 1, '2018-01-21 16:42:09', 300, ''),
(2098, 107, 1, '2018-01-21 20:35:27', 300, ''),
(2099, 107, 0, '2018-01-21 20:35:46', 300, 'Оплата индивидуального пакета'),
(2100, 107, 0, '2018-01-21 20:35:54', 300, 'Оплата индивидуального пакета'),
(2101, 107, 0, '2018-01-24 16:56:21', 0, 'Присутствовал на занятии'),
(2102, 107, 1, '2018-01-25 22:25:44', 300, ''),
(2103, 107, 0, '2018-01-26 14:28:35', 300, 'Оплата индивидуального пакета'),
(2104, 107, 0, '2018-01-31 17:25:46', 0, 'Присутствовал на занятии'),
(2105, 107, 1, '2018-02-01 18:20:10', 300, ''),
(2106, 107, 0, '2018-02-01 18:20:55', 300, 'Оплата индивидуального пакета'),
(2107, 107, 1, '2018-02-07 17:56:58', 300, ''),
(2108, 107, 0, '2018-02-07 19:32:55', 0, 'Присутствовал на занятии'),
(2109, 107, 0, '2018-02-08 12:13:21', 300, 'Оплата индивидуального пакета'),
(2110, 107, 1, '2018-02-21 15:30:26', 300, 'было по нулям до начала занятия'),
(2111, 107, 0, '2018-02-21 16:57:02', 0, 'Присутствовал на занятии'),
(2112, 107, 0, '2018-02-22 22:51:21', 300, 'Оплата индивидуального пакета'),
(2113, 107, 1, '2018-03-28 16:03:03', 300, 'оплата занятия за 28,03'),
(2114, 107, 0, '2018-03-28 17:57:01', 0, 'Присутствовал на занятии'),
(2115, 107, 0, '2018-03-28 20:06:44', 300, 'Оплата индивидуального пакета'),
(2116, 107, 0, '2018-04-04 16:54:42', 0, 'Отсутствовал на занятии'),
(2117, 107, 1, '2018-04-06 17:10:48', 200, ''),
(2118, 107, 0, '2018-04-06 17:11:59', 200, 'Оплата индивидуального пакета'),
(2119, 107, 1, '2018-04-10 22:41:26', 1, 'бонус по акции, один урок'),
(2120, 107, 0, '2018-04-10 22:42:45', 1, 'Оплата индивидуального пакета'),
(2121, 107, 0, '2018-04-11 17:15:06', 0, 'Присутствовал на занятии'),
(2122, 107, 1, '2018-04-18 15:52:37', 500, 'поурочно '),
(2123, 107, 0, '2018-04-18 15:55:46', 0, 'Присутствовал на занятии'),
(2124, 107, 0, '2018-04-19 17:30:44', 500, 'Оплата индивидуального пакета'),
(2125, 108, 1, '2017-12-31 00:30:11', 1, ''),
(2126, 108, 0, '2017-12-31 00:30:38', 1, 'Оплата индивидуального пакета'),
(2127, 108, 0, '2018-01-09 20:28:48', 0, 'Присутствовал на занятии'),
(2128, 108, 0, '2018-01-13 16:57:35', 0, 'Присутствовал на занятии'),
(2129, 108, 0, '2018-01-20 17:04:46', 0, 'Присутствовал на занятии'),
(2130, 108, 0, '2018-01-30 20:16:21', 0, 'Присутствовал на занятии'),
(2131, 109, 0, '2018-01-13 10:51:40', 0, '8 уроков'),
(2132, 109, 1, '2018-01-13 10:51:40', 3000, '8 уроков'),
(2133, 109, 0, '2018-01-13 12:55:48', 0, 'Присутствовал на занятии'),
(2134, 109, 0, '2018-01-13 13:45:38', 3000, 'Оплата индивидуального пакета'),
(2135, 109, 0, '2018-01-20 12:55:28', 0, 'Присутствовал на занятии'),
(2136, 109, 0, '2018-01-20 16:27:02', 0, 'Присутствовал на занятии'),
(2137, 109, 0, '2018-01-27 12:56:45', 0, 'Присутствовал на занятии'),
(2138, 109, 0, '2018-01-27 13:27:24', 0, 'Присутствовал на занятии'),
(2139, 109, 0, '2018-02-03 15:02:58', 0, 'Присутствовал на занятии'),
(2140, 109, 0, '2018-02-03 16:33:16', 0, 'Присутствовал на занятии'),
(2141, 109, 0, '2018-02-10 11:54:33', 0, 'Присутствовал на занятии'),
(2142, 109, 1, '2018-02-10 11:54:33', 3000, ''),
(2143, 109, 0, '2018-02-10 13:20:53', 3000, 'Оплата индивидуального пакета'),
(2144, 109, 0, '2018-02-10 16:27:59', 0, 'Присутствовал на занятии'),
(2145, 109, 0, '2018-02-17 11:56:32', 0, 'Присутствовал на занятии'),
(2146, 109, 0, '2018-02-17 15:24:55', 0, 'Присутствовал на занятии'),
(2147, 109, 0, '2018-02-24 15:18:08', 0, 'Присутствовал на занятии'),
(2148, 109, 0, '2018-02-24 17:59:42', 0, 'Присутствовал на занятии'),
(2149, 109, 0, '2018-03-10 14:13:26', 0, 'Присутствовал на занятии'),
(2150, 109, 0, '2018-03-10 15:57:01', 0, 'Присутствовал на занятии'),
(2151, 109, 0, '2018-03-17 11:50:30', 0, 'Присутствовал на занятии'),
(2152, 109, 1, '2018-03-17 11:50:30', 3000, ''),
(2153, 109, 0, '2018-03-17 13:09:04', 3000, 'Оплата индивидуального пакета'),
(2154, 109, 0, '2018-03-17 14:01:23', 0, 'Присутствовал на занятии'),
(2155, 109, 0, '2018-03-24 15:08:09', 0, 'Присутствовал на занятии'),
(2156, 109, 0, '2018-03-24 19:25:15', 0, 'Присутствовал на занятии'),
(2157, 109, 0, '2018-04-07 12:56:13', 0, 'Присутствовал на занятии'),
(2158, 109, 0, '2018-04-07 14:29:44', 0, 'Присутствовал на занятии'),
(2159, 109, 0, '2018-04-14 10:42:49', 0, 'Отсутствовал на занятии'),
(2160, 109, 0, '2018-04-14 15:21:45', 0, 'Отсутствовал на занятии'),
(2161, 109, 1, '2018-04-20 17:24:51', 1, ''),
(2162, 109, 0, '2018-04-20 17:25:29', 1, 'Оплата индивидуального пакета'),
(2163, 110, 1, '2017-12-31 00:31:09', 1, ''),
(2164, 110, 0, '2017-12-31 00:31:26', 1, 'Оплата индивидуального пакета'),
(2165, 110, 0, '2018-01-13 16:57:19', 0, 'Присутствовал на занятии'),
(2166, 110, 0, '2018-01-13 16:57:27', 0, 'Присутствовал на занятии'),
(2167, 110, 0, '2018-01-20 17:04:53', 0, 'Присутствовал на занятии'),
(2168, 110, 0, '2018-01-20 17:04:58', 0, 'Присутствовал на занятии'),
(2169, 110, 0, '2018-01-27 23:11:44', 0, 'Присутствовал на занятии'),
(2170, 110, 0, '2018-01-27 23:11:48', 0, 'Присутствовал на занятии'),
(2171, 110, 1, '2018-02-03 12:52:47', 3000, ''),
(2172, 110, 0, '2018-02-03 17:15:27', 0, 'Присутствовал на занятии'),
(2173, 110, 0, '2018-02-03 17:15:34', 0, 'Присутствовал на занятии'),
(2174, 110, 0, '2018-02-05 10:44:16', 3000, 'Оплата индивидуального пакета'),
(2175, 110, 0, '2018-02-17 16:47:10', 0, 'Присутствовал на занятии'),
(2176, 110, 0, '2018-02-17 16:47:18', 0, 'Присутствовал на занятии'),
(2177, 110, 0, '2018-02-17 17:06:40', 0, 'Присутствовал на занятии'),
(2178, 110, 0, '2018-02-17 17:06:51', 0, 'Присутствовал на занятии'),
(2179, 110, 1, '2018-02-24 15:05:04', 3000, 'на 25.02 в остатке +2 урока'),
(2180, 110, 0, '2018-02-24 16:44:48', 3000, 'Оплата индивидуального пакета'),
(2181, 110, 0, '2018-02-24 17:06:27', 0, 'Присутствовал на занятии'),
(2182, 110, 0, '2018-02-24 17:06:38', 0, 'Присутствовал на занятии'),
(2183, 110, 0, '2018-03-03 17:06:52', 0, 'Присутствовал на занятии'),
(2184, 110, 0, '2018-03-03 17:07:13', 0, 'Присутствовал на занятии'),
(2185, 110, 0, '2018-03-10 19:41:45', 0, 'Присутствовал на занятии'),
(2186, 110, 0, '2018-03-10 19:42:11', 0, 'Присутствовал на занятии'),
(2187, 110, 0, '2018-03-17 17:13:37', 0, 'Присутствовал на занятии'),
(2188, 110, 0, '2018-03-17 17:14:00', 0, 'Присутствовал на занятии'),
(2189, 110, 0, '2018-03-24 17:08:24', 0, 'Присутствовал на занятии'),
(2190, 110, 0, '2018-03-24 17:08:44', 0, 'Присутствовал на занятии'),
(2191, 110, 0, '2018-03-31 17:32:45', 0, 'Присутствовал на занятии'),
(2192, 110, 0, '2018-03-31 17:33:00', 0, 'Присутствовал на занятии'),
(2193, 110, 0, '2018-04-07 10:57:59', 0, 'Отсутствовал на занятии'),
(2194, 110, 0, '2018-04-07 10:59:03', 0, 'Отсутствовал на занятии'),
(2195, 110, 1, '2018-04-09 14:13:49', 6400, 'на 09,04 -1 занятие'),
(2196, 110, 0, '2018-04-10 15:05:40', 3200, 'Оплата индивидуального пакета'),
(2197, 110, 0, '2018-04-10 15:05:49', 3200, 'Оплата индивидуального пакета'),
(2198, 110, 0, '2018-04-14 18:12:21', 0, 'Отсутствовал на занятии'),
(2199, 110, 0, '2018-04-14 18:12:47', 0, 'Отсутствовал на занятии'),
(2200, 113, 1, '2017-12-31 00:32:24', 1, ''),
(2201, 113, 0, '2017-12-31 00:32:48', 1, 'Оплата индивидуального пакета'),
(2202, 113, 0, '2018-01-12 21:42:10', 0, 'Присутствовал на занятии'),
(2203, 113, 0, '2018-01-24 20:58:21', 0, 'Присутствовал на занятии'),
(2204, 114, 0, '2018-01-14 15:57:37', 0, 'Присутствовал на занятии'),
(2205, 114, 1, '2018-01-14 15:57:37', 2000, ''),
(2206, 114, 0, '2018-01-14 16:11:56', 2000, 'Оплата индивидуального пакета'),
(2207, 114, 0, '2018-01-20 16:25:10', 0, 'Присутствовал на занятии'),
(2208, 114, 0, '2018-02-03 16:32:15', 0, 'Присутствовал на занятии'),
(2209, 114, 0, '2018-02-10 16:27:36', 0, 'Присутствовал на занятии'),
(2210, 114, 0, '2018-02-17 15:38:49', 0, 'Присутствовал на занятии'),
(2211, 114, 0, '2018-02-24 15:17:51', 0, 'Присутствовал на занятии'),
(2212, 114, 1, '2018-03-09 15:51:05', 2000, 'одно занятие по абонементу уже состоялось'),
(2213, 114, 0, '2018-03-09 15:52:31', 2000, 'Оплата индивидуального пакета'),
(2214, 114, 0, '2018-03-17 15:01:24', 0, 'Присутствовал на занятии'),
(2215, 114, 0, '2018-03-24 19:25:52', 0, 'Присутствовал на занятии'),
(2216, 114, 0, '2018-03-31 16:04:05', 0, 'Присутствовал на занятии'),
(2217, 114, 0, '2018-04-07 13:47:50', 0, 'Отсутствовал на занятии'),
(2218, 114, 0, '2018-04-14 16:20:31', 0, 'Отсутствовал на занятии'),
(2219, 115, 0, '2018-01-14 15:12:14', 0, 'Присутствовал на занятии'),
(2220, 115, 0, '2018-01-21 17:58:27', 0, 'Присутствовал на занятии'),
(2221, 115, 0, '2018-01-24 13:56:49', 0, 'Присутствовал на занятии'),
(2222, 115, 1, '2018-01-31 12:25:55', 1200, ''),
(2223, 115, 0, '2018-01-31 12:26:48', 900, 'Оплата индивидуального пакета'),
(2224, 115, 0, '2018-01-31 12:27:00', 300, 'Оплата индивидуального пакета'),
(2225, 115, 0, '2018-01-31 18:58:58', 0, 'Присутствовал на занятии'),
(2226, 115, 0, '2018-02-07 13:53:07', 0, 'Присутствовал на занятии'),
(2227, 115, 0, '2018-02-25 14:28:17', 0, 'Присутствовал на занятии'),
(2228, 115, 1, '2018-02-25 14:37:15', 1800, 'на 24.02 в остатке -1'),
(2229, 115, 0, '2018-02-25 17:08:37', 1800, 'Оплата индивидуального пакета'),
(2230, 115, 0, '2018-03-04 16:47:24', 0, 'Присутствовал на занятии'),
(2231, 115, 0, '2018-03-07 12:03:52', 0, 'Присутствовал на занятии'),
(2232, 115, 0, '2018-03-14 20:15:07', 0, 'Присутствовал на занятии'),
(2233, 115, 0, '2018-03-21 15:26:48', 0, 'Присутствовал на занятии'),
(2234, 115, 0, '2018-03-28 12:32:27', 0, 'Присутствовал на занятии'),
(2235, 115, 0, '2018-04-18 12:42:53', 0, 'Присутствовал на занятии'),
(2236, 116, 0, '2018-01-12 18:36:07', 0, 'Присутствовал на занятии'),
(2237, 116, 0, '2018-01-26 17:37:31', 0, 'Присутствовал на занятии'),
(2238, 116, 1, '2018-01-31 12:25:27', 900, ''),
(2239, 116, 0, '2018-01-31 12:28:01', 900, 'Оплата индивидуального пакета'),
(2240, 116, 0, '2018-02-03 00:19:35', 0, 'Присутствовал на занятии'),
(2241, 116, 1, '2018-02-25 14:38:13', 600, 'на 25.02 в остатке 0'),
(2242, 116, 0, '2018-02-25 17:09:11', 300, 'Оплата индивидуального пакета'),
(2243, 116, 0, '2018-02-25 17:09:22', 300, 'Оплата индивидуального пакета'),
(2244, 116, 0, '2018-03-02 19:08:32', 0, 'Присутствовал на занятии'),
(2245, 116, 0, '2018-03-02 20:43:24', 0, 'Присутствовал на занятии'),
(2246, 116, 1, '2018-03-07 11:41:28', 600, 'перед оплатой было по нулям'),
(2247, 116, 0, '2018-03-07 18:14:26', 300, 'Оплата индивидуального пакета'),
(2248, 116, 0, '2018-03-07 18:14:38', 300, 'Оплата индивидуального пакета'),
(2249, 116, 0, '2018-03-16 18:54:09', 0, 'Присутствовал на занятии'),
(2250, 116, 0, '2018-03-30 18:59:52', 0, 'Присутствовал на занятии'),
(2251, 116, 0, '2018-04-20 23:08:30', 0, 'Присутствовал на занятии'),
(2252, 118, 1, '2017-12-31 01:00:45', 1, ''),
(2253, 118, 0, '2017-12-31 01:01:02', 1, 'Оплата индивидуального пакета'),
(2254, 118, 0, '2018-01-21 20:10:40', 0, 'Отсутствовал на занятии'),
(2255, 118, 0, '2018-01-28 13:06:30', 0, 'Присутствовал на занятии'),
(2256, 118, 0, '2018-01-28 13:07:18', 0, 'Присутствовал на занятии'),
(2257, 118, 0, '2018-02-04 13:28:39', 0, 'Отсутствовал на занятии'),
(2258, 118, 0, '2018-02-04 13:28:54', 0, 'Отсутствовал на занятии'),
(2259, 118, 0, '2018-02-10 12:31:58', 0, 'Присутствовал на занятии');
INSERT INTO `Payment` (`id`, `user`, `type`, `datetime`, `value`, `description`) VALUES
(2260, 118, 0, '2018-02-10 12:32:24', 0, 'Присутствовал на занятии'),
(2261, 118, 1, '2018-02-11 15:33:22', 3000, '0,5 урока в долг было'),
(2262, 118, 0, '2018-02-11 15:40:15', 3000, 'Оплата индивидуального пакета'),
(2263, 118, 0, '2018-02-17 15:25:06', 0, 'Присутствовал на занятии'),
(2264, 118, 0, '2018-02-17 15:25:19', 0, 'Присутствовал на занятии'),
(2265, 118, 0, '2018-02-24 17:58:43', 0, 'Присутствовал на занятии'),
(2266, 118, 0, '2018-02-24 17:59:02', 0, 'Присутствовал на занятии'),
(2267, 118, 0, '2018-03-03 14:46:43', 0, 'Отсутствовал на занятии'),
(2268, 118, 0, '2018-03-03 14:47:05', 0, 'Отсутствовал на занятии'),
(2269, 118, 0, '2018-03-31 12:47:27', 0, 'Отсутствовал на занятии'),
(2270, 118, 0, '2018-03-31 12:48:15', 0, 'Отсутствовал на занятии'),
(2271, 119, 1, '2017-12-31 01:02:08', 1, ''),
(2272, 119, 0, '2017-12-31 01:02:25', 1, 'Оплата индивидуального пакета'),
(2273, 119, 0, '2018-01-08 20:18:17', 0, 'Присутствовал на занятии'),
(2274, 119, 0, '2018-01-11 17:56:05', 0, 'Присутствовал на занятии'),
(2275, 119, 0, '2018-01-14 16:29:44', 0, 'Присутствовал на занятии'),
(2276, 119, 0, '2018-01-16 16:58:29', 0, 'Присутствовал на занятии'),
(2277, 119, 0, '2018-01-18 18:05:27', 0, 'Присутствовал на занятии'),
(2278, 119, 1, '2018-01-20 20:45:32', 3000, ''),
(2279, 119, 0, '2018-01-21 13:49:02', 3000, 'Оплата индивидуального пакета'),
(2280, 119, 0, '2018-01-21 19:22:26', 0, 'Присутствовал на занятии'),
(2281, 119, 0, '2018-01-22 15:40:03', 0, 'Отсутствовал на занятии'),
(2282, 119, 0, '2018-01-22 19:37:46', 0, 'Отсутствовал на занятии'),
(2283, 119, 0, '2018-01-25 17:57:19', 0, 'Присутствовал на занятии'),
(2284, 119, 0, '2018-01-28 16:54:24', 0, 'Присутствовал на занятии'),
(2285, 119, 0, '2018-01-29 19:01:58', 0, 'Присутствовал на занятии'),
(2286, 119, 0, '2018-02-01 17:26:57', 0, 'Присутствовал на занятии'),
(2287, 119, 0, '2018-02-04 18:03:08', 0, 'Присутствовал на занятии'),
(2288, 119, 0, '2018-02-05 17:04:12', 0, 'Присутствовал на занятии'),
(2289, 119, 1, '2018-02-07 22:06:00', 3000, ''),
(2290, 119, 0, '2018-02-07 22:17:47', 3000, 'Оплата индивидуального пакета'),
(2291, 119, 0, '2018-02-08 17:04:43', 0, 'Присутствовал на занятии'),
(2292, 119, 0, '2018-02-11 18:22:34', 0, 'Присутствовал на занятии'),
(2293, 119, 0, '2018-02-12 17:37:51', 0, 'Присутствовал на занятии'),
(2294, 119, 0, '2018-02-15 16:53:39', 0, 'Присутствовал на занятии'),
(2295, 119, 0, '2018-02-18 18:33:55', 0, 'Присутствовал на занятии'),
(2296, 119, 0, '2018-02-19 17:03:33', 0, 'Присутствовал на занятии'),
(2297, 119, 0, '2018-02-22 17:53:24', 0, 'Присутствовал на занятии'),
(2298, 119, 0, '2018-02-25 16:56:20', 0, 'Присутствовал на занятии'),
(2299, 119, 1, '2018-02-25 22:11:51', 3000, 'отсчет абонемента с 26.02'),
(2300, 119, 0, '2018-02-25 22:12:37', 3000, 'Оплата индивидуального пакета'),
(2301, 119, 0, '2018-02-26 17:53:56', 0, 'Присутствовал на занятии'),
(2302, 119, 0, '2018-03-01 16:59:32', 0, 'Присутствовал на занятии'),
(2303, 119, 0, '2018-03-04 18:11:34', 0, 'Присутствовал на занятии'),
(2304, 119, 0, '2018-03-05 17:00:21', 0, 'Присутствовал на занятии'),
(2305, 119, 0, '2018-03-11 18:32:44', 0, 'Присутствовал на занятии'),
(2306, 119, 0, '2018-03-12 18:00:37', 0, 'Присутствовал на занятии'),
(2307, 119, 0, '2018-03-19 17:04:41', 0, 'Присутствовал на занятии'),
(2308, 119, 0, '2018-03-22 16:57:33', 0, 'Присутствовал на занятии'),
(2309, 119, 0, '2018-03-25 16:39:22', 0, 'Присутствовал на занятии'),
(2310, 119, 0, '2018-03-26 16:57:42', 0, 'Присутствовал на занятии'),
(2311, 119, 1, '2018-03-26 16:59:23', 3000, 'сегодня было второе занятие по абонементу'),
(2312, 119, 0, '2018-03-26 16:59:52', 3000, 'Оплата индивидуального пакета'),
(2313, 119, 0, '2018-03-29 16:56:48', 0, 'Присутствовал на занятии'),
(2314, 119, 0, '2018-04-01 16:44:29', 0, 'Присутствовал на занятии'),
(2315, 119, 0, '2018-04-02 16:48:44', 0, 'Присутствовал на занятии'),
(2316, 119, 0, '2018-04-05 18:47:07', 0, 'Присутствовал на занятии'),
(2317, 119, 0, '2018-04-08 18:10:00', 0, 'Присутствовал на занятии'),
(2318, 119, 0, '2018-04-09 17:52:10', 0, 'Присутствовал на занятии'),
(2319, 119, 0, '2018-04-12 19:51:49', 0, 'Присутствовал на занятии'),
(2320, 119, 1, '2018-04-15 14:36:52', 3200, 'на 14.04 -1 занятие'),
(2321, 119, 0, '2018-04-15 14:38:56', 3200, 'Оплата индивидуального пакета'),
(2322, 119, 0, '2018-04-15 17:01:18', 0, 'Присутствовал на занятии'),
(2323, 119, 0, '2018-04-16 18:50:11', 0, 'Присутствовал на занятии'),
(2324, 119, 0, '2018-04-19 18:04:27', 0, 'Присутствовал на занятии'),
(2325, 120, 1, '2018-01-06 13:48:18', 1, ''),
(2326, 120, 0, '2018-01-06 13:48:46', 1, 'Оплата индивидуального пакета'),
(2327, 120, 0, '2018-01-06 17:39:20', 0, 'Отсутствовал на занятии'),
(2328, 120, 1, '2018-01-08 17:36:33', 2400, ''),
(2329, 120, 0, '2018-01-08 17:45:15', 1600, 'Оплата индивидуального пакета'),
(2330, 120, 0, '2018-01-08 17:45:26', 800, 'Оплата группового пакета'),
(2331, 120, 0, '2018-01-08 19:11:54', 0, 'Присутствовал на занятии'),
(2332, 120, 0, '2018-01-11 16:54:34', 0, 'Присутствовал на занятии'),
(2333, 120, 0, '2018-01-15 20:18:09', 0, 'Присутствовал на занятии'),
(2334, 120, 0, '2018-01-18 16:26:10', 0, 'Присутствовал на занятии'),
(2335, 120, 0, '2018-01-22 19:01:44', 0, 'Присутствовал на занятии'),
(2336, 120, 0, '2018-01-25 18:02:46', 0, 'Присутствовал на занятии'),
(2337, 120, 0, '2018-01-29 20:11:44', 0, 'Присутствовал на занятии'),
(2338, 120, 0, '2018-02-01 17:26:33', 0, 'Присутствовал на занятии'),
(2339, 120, 0, '2018-02-05 18:29:44', 0, 'Присутствовал на занятии'),
(2340, 120, 1, '2018-02-08 15:59:59', 2500, ''),
(2341, 120, 0, '2018-02-08 17:10:11', 0, 'Присутствовал на занятии'),
(2342, 120, 0, '2018-02-11 15:44:59', 800, 'Оплата группового пакета'),
(2343, 120, 0, '2018-02-11 15:45:16', 1600, 'Оплата индивидуального пакета'),
(2344, 120, 0, '2018-02-12 19:50:16', 0, 'Присутствовал на занятии'),
(2345, 120, 0, '2018-02-15 16:42:50', 0, 'Присутствовал на занятии'),
(2346, 120, 0, '2018-02-19 18:53:24', 0, 'Присутствовал на занятии'),
(2347, 120, 0, '2018-02-22 19:33:36', 0, 'Присутствовал на занятии'),
(2348, 120, 0, '2018-02-26 18:37:57', 0, 'Присутствовал на занятии'),
(2349, 120, 0, '2018-03-01 19:10:12', 0, 'Присутствовал на занятии'),
(2350, 120, 0, '2018-03-05 21:43:01', 0, 'Присутствовал на занятии'),
(2351, 120, 0, '2018-03-15 16:31:33', 0, 'Присутствовал на занятии'),
(2352, 120, 1, '2018-03-15 17:00:41', 2500, 'на 16.03 должно остаться 3 групповых на балансе и 4 индивидуальных'),
(2353, 120, 0, '2018-03-15 17:03:12', 200, 'Оплата индивидуального пакета'),
(2354, 120, 0, '2018-03-15 17:03:47', 1600, 'Оплата индивидуального пакета'),
(2355, 120, 0, '2018-03-15 17:04:23', 800, 'Оплата группового пакета'),
(2356, 120, 0, '2018-03-19 17:24:54', 0, 'Присутствовал на занятии'),
(2357, 120, 0, '2018-03-22 17:30:47', 0, 'Присутствовал на занятии'),
(2358, 120, 0, '2018-04-05 15:17:03', 0, 'Присутствовал на занятии'),
(2359, 120, 0, '2018-04-12 16:40:21', 0, 'Присутствовал на занятии'),
(2360, 120, 0, '2018-04-19 17:29:23', 0, 'Присутствовал на занятии'),
(2361, 121, 1, '2018-04-18 19:00:58', 500, 'поурочно'),
(2362, 122, 0, '2018-01-16 21:48:37', 0, 'Отсутствовал на занятии'),
(2363, 122, 0, '2018-01-18 21:02:54', 0, 'Присутствовал на занятии'),
(2364, 122, 1, '2018-01-18 21:02:54', 3000, ''),
(2365, 122, 0, '2018-01-20 12:14:46', 0, 'Отсутствовал на занятии'),
(2366, 122, 0, '2018-01-20 12:16:19', 3000, 'Оплата индивидуального пакета'),
(2367, 122, 0, '2018-01-23 19:41:08', 0, 'Отсутствовал на занятии'),
(2368, 122, 0, '2018-01-25 20:50:46', 0, 'Присутствовал на занятии'),
(2369, 122, 1, '2018-01-25 20:50:46', 3000, ''),
(2370, 122, 0, '2018-01-30 20:37:01', 0, 'Присутствовал на занятии'),
(2371, 122, 0, '2018-02-01 21:03:35', 0, 'Присутствовал на занятии'),
(2372, 122, 0, '2018-02-06 20:37:27', 0, 'Присутствовал на занятии'),
(2373, 122, 0, '2018-02-08 19:04:38', 0, 'Присутствовал на занятии'),
(2374, 122, 0, '2018-02-13 18:36:50', 0, 'Присутствовал на занятии'),
(2375, 122, 0, '2018-02-15 19:00:28', 0, 'Присутствовал на занятии'),
(2376, 122, 0, '2018-02-20 11:01:45', 0, 'Отсутствовал на занятии'),
(2377, 122, 1, '2018-02-22 22:48:48', -3000, 'корректировка ошибочного ввода'),
(2378, 122, 0, '2018-03-13 17:59:08', 0, 'Присутствовал на занятии'),
(2379, 122, 1, '2018-03-13 17:59:08', 3000, ''),
(2380, 122, 0, '2018-03-14 10:47:32', 3000, 'Оплата индивидуального пакета'),
(2381, 122, 0, '2018-03-15 14:35:25', 0, 'Отсутствовал на занятии'),
(2382, 122, 0, '2018-03-20 19:18:13', 0, 'Присутствовал на занятии'),
(2383, 122, 0, '2018-03-22 19:52:04', 0, 'Присутствовал на занятии'),
(2384, 122, 0, '2018-03-27 18:50:28', 0, 'Отсутствовал на занятии'),
(2385, 122, 0, '2018-03-29 18:27:42', 0, 'Отсутствовал на занятии'),
(2386, 122, 0, '2018-04-03 17:58:58', 0, 'Присутствовал на занятии'),
(2387, 122, 0, '2018-04-05 18:01:27', 0, 'Отсутствовал на занятии'),
(2388, 122, 0, '2018-04-10 17:14:10', 0, 'Присутствовал на занятии'),
(2389, 123, 1, '2017-12-31 00:11:59', 1, ''),
(2390, 123, 0, '2017-12-31 00:12:22', 1, 'Оплата индивидуального пакета'),
(2391, 123, 0, '2018-01-11 16:18:44', 0, 'Присутствовал на занятии'),
(2392, 123, 0, '2018-01-15 21:45:30', 0, 'Присутствовал на занятии'),
(2393, 123, 1, '2018-01-16 12:12:34', 3000, ''),
(2394, 123, 0, '2018-01-17 17:58:55', 0, 'Присутствовал на занятии'),
(2395, 123, 0, '2018-01-18 18:35:09', 3000, 'Оплата индивидуального пакета'),
(2396, 123, 0, '2018-01-22 19:52:14', 0, 'Присутствовал на занятии'),
(2397, 123, 0, '2018-01-24 21:49:06', 0, 'Присутствовал на занятии'),
(2398, 123, 0, '2018-01-30 20:24:14', 0, 'Присутствовал на занятии'),
(2399, 123, 0, '2018-01-31 21:59:44', 0, 'Присутствовал на занятии'),
(2400, 123, 0, '2018-02-05 20:23:23', 0, 'Присутствовал на занятии'),
(2401, 123, 0, '2018-02-10 16:28:16', 0, 'Присутствовал на занятии'),
(2402, 123, 0, '2018-02-13 12:50:30', 0, 'Присутствовал на занятии'),
(2403, 123, 0, '2018-02-14 15:38:08', 0, 'Присутствовал на занятии'),
(2404, 123, 1, '2018-02-16 14:14:03', 3500, 'на балансе перед оплатой был один урок'),
(2405, 123, 0, '2018-02-19 19:38:10', 0, 'Присутствовал на занятии'),
(2406, 123, 0, '2018-02-19 20:02:30', 3000, 'Оплата индивидуального пакета'),
(2407, 123, 0, '2018-02-24 15:15:11', 0, 'Присутствовал на занятии'),
(2408, 123, 0, '2018-02-26 19:06:17', 0, 'Присутствовал на занятии'),
(2409, 123, 0, '2018-02-28 16:46:03', 0, 'Присутствовал на занятии'),
(2410, 123, 0, '2018-03-07 19:43:17', 0, 'Присутствовал на занятии'),
(2411, 123, 0, '2018-03-07 19:43:18', 0, 'Присутствовал на занятии'),
(2412, 123, 0, '2018-03-07 19:43:19', 0, 'Присутствовал на занятии'),
(2413, 123, 0, '2018-03-10 16:05:49', 0, 'Присутствовал на занятии'),
(2414, 123, 0, '2018-03-12 18:58:09', 0, 'Присутствовал на занятии'),
(2415, 123, 0, '2018-03-14 16:14:54', 0, 'Присутствовал на занятии'),
(2416, 123, 0, '2018-03-19 17:49:43', 0, 'Присутствовал на занятии'),
(2417, 123, 0, '2018-03-19 17:49:44', 0, 'Присутствовал на занятии'),
(2418, 123, 0, '2018-03-19 17:49:45', 0, 'Присутствовал на занятии'),
(2419, 123, 0, '2018-03-19 17:49:45', 0, 'Присутствовал на занятии'),
(2420, 123, 0, '2018-03-21 17:26:28', 0, 'Присутствовал на занятии'),
(2421, 123, 0, '2018-03-26 19:57:18', 0, 'Отсутствовал на занятии'),
(2422, 123, 0, '2018-03-28 14:02:42', 0, 'Присутствовал на занятии'),
(2423, 123, 1, '2018-03-30 15:45:58', 1, 'корректировка ошибочного списания пяти часов'),
(2424, 123, 0, '2018-03-30 15:47:29', 1, 'Оплата индивидуального пакета'),
(2425, 123, 1, '2018-03-31 12:34:14', 3200, ''),
(2426, 123, 0, '2018-04-02 10:01:26', 0, 'Отсутствовал на занятии'),
(2427, 123, 0, '2018-04-04 16:07:11', 0, 'Присутствовал на занятии'),
(2428, 123, 0, '2018-04-04 16:07:12', 0, 'Присутствовал на занятии'),
(2429, 123, 0, '2018-04-04 16:07:12', 0, 'Присутствовал на занятии'),
(2430, 123, 0, '2018-04-09 16:06:00', 0, 'Присутствовал на занятии'),
(2431, 123, 0, '2018-04-11 17:31:51', 0, 'Присутствовал на занятии'),
(2432, 123, 0, '2018-04-11 17:35:55', 3200, 'Оплата индивидуального пакета'),
(2433, 123, 0, '2018-04-17 21:45:58', 0, 'Присутствовал на занятии'),
(2434, 123, 0, '2018-04-18 16:26:10', 0, 'Присутствовал на занятии'),
(2435, 125, 0, '2018-01-11 17:54:12', 0, 'Присутствовал на занятии'),
(2436, 125, 1, '2018-01-11 17:54:12', 3000, ''),
(2437, 125, 0, '2018-01-12 16:54:46', 0, 'Оплата индивидуального пакета'),
(2438, 125, 1, '2018-01-12 16:58:07', -3000, 'ошибочное внесение средств'),
(2439, 125, 0, '2018-01-14 16:29:01', 0, 'Присутствовал на занятии'),
(2440, 125, 0, '2018-01-18 18:06:20', 0, 'Присутствовал на занятии'),
(2441, 125, 0, '2018-01-21 19:21:34', 0, 'Присутствовал на занятии'),
(2442, 125, 1, '2018-01-21 19:21:34', 3000, ''),
(2443, 125, 0, '2018-01-21 20:21:37', 3000, 'Оплата индивидуального пакета'),
(2444, 125, 0, '2018-01-25 17:58:11', 0, 'Присутствовал на занятии'),
(2445, 125, 0, '2018-01-28 16:54:54', 0, 'Присутствовал на занятии'),
(2446, 125, 0, '2018-02-01 18:54:32', 0, 'Присутствовал на занятии'),
(2447, 125, 0, '2018-02-04 18:03:54', 0, 'Присутствовал на занятии'),
(2448, 125, 0, '2018-02-08 18:50:05', 0, 'Присутствовал на занятии'),
(2449, 125, 0, '2018-02-11 18:22:56', 0, 'Присутствовал на занятии'),
(2450, 125, 0, '2018-02-15 19:01:15', 0, 'Присутствовал на занятии'),
(2451, 125, 0, '2018-02-18 15:53:25', 0, 'Присутствовал на занятии'),
(2452, 125, 1, '2018-02-18 18:31:13', 3000, 'ещё +1 в остатке с прошлого абонемента'),
(2453, 125, 0, '2018-02-19 19:59:52', 3000, 'Оплата индивидуального пакета'),
(2454, 125, 0, '2018-02-22 18:56:36', 0, 'Присутствовал на занятии'),
(2455, 125, 0, '2018-02-25 14:59:41', 0, 'Присутствовал на занятии'),
(2456, 125, 0, '2018-03-01 18:56:49', 0, 'Присутствовал на занятии'),
(2457, 125, 0, '2018-03-04 18:12:39', 0, 'Присутствовал на занятии'),
(2458, 125, 0, '2018-03-15 18:08:02', 0, 'Присутствовал на занятии'),
(2459, 125, 0, '2018-03-18 16:29:28', 0, 'Присутствовал на занятии'),
(2460, 125, 0, '2018-03-22 19:04:38', 0, 'Присутствовал на занятии'),
(2461, 125, 0, '2018-03-25 16:13:48', 0, 'Присутствовал на занятии'),
(2462, 125, 1, '2018-03-25 16:13:48', 3000, ''),
(2463, 125, 0, '2018-03-26 20:32:31', 3000, 'Оплата индивидуального пакета'),
(2464, 125, 0, '2018-03-29 19:05:33', 0, 'Присутствовал на занятии'),
(2465, 125, 0, '2018-04-01 16:43:49', 0, 'Присутствовал на занятии'),
(2466, 125, 0, '2018-04-05 18:47:43', 0, 'Присутствовал на занятии'),
(2467, 125, 0, '2018-04-08 18:08:43', 0, 'Присутствовал на занятии'),
(2468, 125, 0, '2018-04-12 19:53:18', 0, 'Присутствовал на занятии'),
(2469, 125, 0, '2018-04-15 16:58:53', 0, 'Присутствовал на занятии'),
(2470, 125, 0, '2018-04-19 18:05:56', 0, 'Присутствовал на занятии'),
(2471, 125, 1, '2018-04-19 18:05:56', 3200, ''),
(2472, 126, 1, '2017-12-31 00:03:48', 1, ''),
(2473, 126, 0, '2017-12-31 00:04:22', 1, 'Оплата индивидуального пакета'),
(2474, 126, 0, '2018-01-11 16:18:53', 0, 'Присутствовал на занятии'),
(2475, 126, 0, '2018-01-15 21:45:47', 0, 'Присутствовал на занятии'),
(2476, 126, 0, '2018-01-17 17:59:26', 0, 'Присутствовал на занятии'),
(2477, 126, 1, '2018-01-18 20:00:52', 2800, ''),
(2478, 126, 0, '2018-01-18 20:04:18', 2500, 'Оплата индивидуального пакета'),
(2479, 126, 0, '2018-01-18 20:04:29', 300, 'Оплата индивидуального пакета'),
(2480, 126, 0, '2018-01-22 19:52:36', 0, 'Присутствовал на занятии'),
(2481, 126, 0, '2018-01-24 21:50:54', 0, 'Присутствовал на занятии'),
(2482, 126, 0, '2018-01-30 20:24:31', 0, 'Присутствовал на занятии'),
(2483, 126, 0, '2018-01-31 22:00:34', 0, 'Присутствовал на занятии'),
(2484, 126, 0, '2018-02-05 20:23:02', 0, 'Присутствовал на занятии'),
(2485, 126, 0, '2018-02-07 20:58:36', 0, 'Присутствовал на занятии'),
(2486, 126, 0, '2018-02-12 14:37:01', 0, 'Присутствовал на занятии'),
(2487, 126, 1, '2018-02-12 14:37:01', 2800, ''),
(2488, 126, 0, '2018-02-12 21:07:44', 2800, 'Оплата индивидуального пакета'),
(2489, 126, 0, '2018-02-14 13:35:39', 0, 'Присутствовал на занятии'),
(2490, 126, 0, '2018-02-26 13:37:03', 0, 'Отсутствовал на занятии'),
(2491, 126, 0, '2018-02-28 10:49:42', 0, 'Отсутствовал на занятии'),
(2492, 126, 0, '2018-03-07 19:40:50', 0, 'Присутствовал на занятии'),
(2493, 126, 0, '2018-03-12 18:59:53', 0, 'Присутствовал на занятии'),
(2494, 126, 0, '2018-03-14 16:16:21', 0, 'Присутствовал на занятии'),
(2495, 126, 0, '2018-03-19 14:35:18', 0, 'Присутствовал на занятии'),
(2496, 126, 0, '2018-03-21 17:27:22', 0, 'Присутствовал на занятии'),
(2497, 126, 0, '2018-03-26 19:56:37', 0, 'Присутствовал на занятии'),
(2498, 126, 0, '2018-03-28 13:58:39', 0, 'Присутствовал на занятии'),
(2499, 126, 1, '2018-04-02 14:07:25', 2800, 'на 1,04 -2 занятия'),
(2500, 126, 0, '2018-04-03 13:44:52', 2800, 'Оплата индивидуального пакета'),
(2501, 126, 0, '2018-04-04 16:07:09', 0, 'Присутствовал на занятии'),
(2502, 126, 0, '2018-04-04 16:07:10', 0, 'Присутствовал на занятии'),
(2503, 126, 0, '2018-04-09 16:05:23', 0, 'Присутствовал на занятии'),
(2504, 126, 0, '2018-04-10 22:22:11', 0, 'Присутствовал на занятии'),
(2505, 126, 0, '2018-04-11 17:33:02', 0, 'Присутствовал на занятии'),
(2506, 126, 0, '2018-04-17 21:46:21', 0, 'Присутствовал на занятии'),
(2507, 126, 0, '2018-04-18 16:31:47', 0, 'Присутствовал на занятии'),
(2508, 127, 1, '2017-12-30 23:56:58', 1, ''),
(2509, 127, 0, '2017-12-30 23:57:18', 1, 'Оплата индивидуального пакета'),
(2510, 127, 0, '2018-01-31 22:00:13', 0, 'Присутствовал на занятии'),
(2511, 127, 0, '2018-02-07 20:57:31', 0, 'Присутствовал на занятии'),
(2512, 127, 0, '2018-02-17 13:44:30', 0, 'Присутствовал на занятии'),
(2513, 127, 0, '2018-02-28 20:36:48', 0, 'Присутствовал на занятии'),
(2514, 127, 0, '2018-03-10 16:06:50', 0, 'Присутствовал на занятии'),
(2515, 127, 0, '2018-03-19 20:43:13', 0, 'Присутствовал на занятии'),
(2516, 127, 0, '2018-04-14 16:14:04', 0, 'Присутствовал на занятии'),
(2517, 127, 1, '2018-04-14 16:14:04', 3200, ''),
(2518, 127, 0, '2018-04-14 22:04:25', 3200, 'Оплата индивидуального пакета'),
(2519, 128, 1, '2017-12-30 23:55:49', 1, ''),
(2520, 128, 0, '2017-12-30 23:56:15', 1, 'Оплата индивидуального пакета'),
(2521, 128, 0, '2018-01-30 20:25:26', 0, 'Присутствовал на занятии'),
(2522, 128, 0, '2018-01-31 21:59:25', 0, 'Присутствовал на занятии'),
(2523, 128, 1, '2018-02-03 16:32:53', 3000, ''),
(2524, 128, 0, '2018-02-04 14:34:18', 3000, 'Оплата индивидуального пакета'),
(2525, 128, 0, '2018-02-05 20:22:09', 0, 'Присутствовал на занятии'),
(2526, 128, 0, '2018-02-07 20:57:49', 0, 'Присутствовал на занятии'),
(2527, 128, 0, '2018-02-19 19:38:44', 0, 'Присутствовал на занятии'),
(2528, 128, 0, '2018-02-26 19:04:29', 0, 'Присутствовал на занятии'),
(2529, 128, 0, '2018-02-28 20:37:55', 0, 'Присутствовал на занятии'),
(2530, 128, 0, '2018-03-07 19:41:58', 0, 'Присутствовал на занятии'),
(2531, 128, 0, '2018-03-12 19:01:22', 0, 'Присутствовал на занятии'),
(2532, 128, 0, '2018-03-19 17:50:16', 0, 'Присутствовал на занятии'),
(2533, 128, 0, '2018-03-19 17:50:18', 0, 'Присутствовал на занятии'),
(2534, 128, 1, '2018-03-21 23:42:09', 500, 'поурочно'),
(2535, 128, 0, '2018-03-21 23:43:29', 500, 'Оплата индивидуального пакета'),
(2536, 129, 1, '2017-12-30 23:58:00', 1, ''),
(2537, 129, 0, '2017-12-30 23:58:16', 1, 'Оплата индивидуального пакета'),
(2538, 129, 0, '2018-01-13 10:54:31', 0, 'Присутствовал на занятии'),
(2539, 129, 0, '2018-01-20 16:28:59', 0, 'Отсутствовал на занятии'),
(2540, 129, 0, '2018-01-20 16:40:01', 0, 'Отсутствовал на занятии'),
(2541, 129, 0, '2018-01-27 13:26:42', 0, 'Присутствовал на занятии'),
(2542, 129, 1, '2018-01-27 13:26:42', 2000, ''),
(2543, 129, 0, '2018-01-27 15:23:54', 2000, 'Оплата индивидуального пакета'),
(2544, 129, 0, '2018-02-03 16:35:21', 0, 'Присутствовал на занятии'),
(2545, 129, 0, '2018-02-10 16:32:37', 0, 'Присутствовал на занятии'),
(2546, 129, 0, '2018-02-17 11:56:48', 0, 'Присутствовал на занятии'),
(2547, 129, 0, '2018-02-17 11:56:49', 0, 'Присутствовал на занятии'),
(2548, 129, 0, '2018-02-24 15:18:58', 0, 'Присутствовал на занятии'),
(2549, 129, 0, '2018-03-10 15:56:04', 0, 'Присутствовал на занятии'),
(2550, 129, 1, '2018-03-12 16:29:29', 1, 'корректировка ошибочного списания занятия'),
(2551, 129, 0, '2018-03-12 16:30:17', 1, 'Оплата индивидуального пакета'),
(2552, 129, 0, '2018-03-17 11:48:20', 0, 'Присутствовал на занятии'),
(2553, 129, 1, '2018-03-17 11:48:20', 2000, ''),
(2554, 129, 0, '2018-03-17 13:09:00', 2000, 'Оплата индивидуального пакета'),
(2555, 129, 0, '2018-03-24 19:23:59', 0, 'Присутствовал на занятии'),
(2556, 129, 0, '2018-03-31 16:02:35', 0, 'Присутствовал на занятии'),
(2557, 129, 0, '2018-04-07 14:27:55', 0, 'Присутствовал на занятии'),
(2558, 129, 1, '2018-04-07 14:27:55', 500, ''),
(2559, 129, 1, '2018-04-08 10:08:41', -500, 'корректировка ошибочного ввода'),
(2560, 129, 0, '2018-04-14 16:21:01', 0, 'Присутствовал на занятии'),
(2561, 130, 1, '2017-12-31 00:02:06', 1, ''),
(2562, 130, 0, '2017-12-31 00:02:21', 1, 'Оплата индивидуального пакета'),
(2563, 130, 0, '2018-01-15 21:46:07', 0, 'Присутствовал на занятии'),
(2564, 130, 0, '2018-01-20 16:27:58', 0, 'Отсутствовал на занятии'),
(2565, 130, 0, '2018-01-20 16:39:46', 0, 'Отсутствовал на занятии'),
(2566, 130, 0, '2018-01-22 19:52:48', 0, 'Присутствовал на занятии'),
(2567, 130, 0, '2018-01-27 15:31:42', 0, 'Присутствовал на занятии'),
(2568, 130, 1, '2018-01-27 15:31:42', 3000, ''),
(2569, 130, 0, '2018-01-27 16:58:53', 3000, 'Оплата индивидуального пакета'),
(2570, 130, 0, '2018-01-30 20:25:09', 0, 'Присутствовал на занятии'),
(2571, 130, 0, '2018-02-03 16:33:44', 0, 'Присутствовал на занятии'),
(2572, 130, 0, '2018-02-05 20:22:42', 0, 'Присутствовал на занятии'),
(2573, 130, 0, '2018-02-10 16:31:57', 0, 'Присутствовал на занятии'),
(2574, 130, 0, '2018-02-12 15:03:27', 0, 'Присутствовал на занятии'),
(2575, 130, 0, '2018-02-17 15:39:05', 0, 'Присутствовал на занятии'),
(2576, 130, 0, '2018-02-24 15:19:24', 0, 'Присутствовал на занятии'),
(2577, 130, 0, '2018-02-26 19:05:06', 0, 'Присутствовал на занятии'),
(2578, 130, 0, '2018-03-10 15:44:26', 0, 'Присутствовал на занятии'),
(2579, 130, 1, '2018-03-10 15:44:26', 3000, ''),
(2580, 130, 0, '2018-03-10 20:07:37', 3000, 'Оплата индивидуального пакета'),
(2581, 130, 0, '2018-03-12 19:00:36', 0, 'Присутствовал на занятии'),
(2582, 130, 0, '2018-03-17 15:24:00', 0, 'Присутствовал на занятии'),
(2583, 130, 0, '2018-03-19 17:49:40', 0, 'Присутствовал на занятии'),
(2584, 130, 0, '2018-03-19 17:49:42', 0, 'Присутствовал на занятии'),
(2585, 130, 0, '2018-03-24 19:24:18', 0, 'Присутствовал на занятии'),
(2586, 130, 0, '2018-03-26 19:57:02', 0, 'Присутствовал на занятии'),
(2587, 130, 0, '2018-03-31 16:03:29', 0, 'Присутствовал на занятии'),
(2588, 130, 0, '2018-04-07 15:27:15', 0, 'Присутствовал на занятии'),
(2589, 130, 0, '2018-04-09 16:04:34', 0, 'Присутствовал на занятии'),
(2590, 130, 1, '2018-04-09 16:04:34', 3000, ''),
(2591, 130, 0, '2018-04-10 22:14:52', 2800, 'Оплата индивидуального пакета'),
(2592, 130, 0, '2018-04-10 22:22:29', 0, 'Присутствовал на занятии'),
(2593, 130, 0, '2018-04-14 16:21:38', 0, 'Присутствовал на занятии'),
(2594, 130, 0, '2018-04-17 21:46:40', 0, 'Присутствовал на занятии'),
(2595, 131, 1, '2017-12-31 00:02:42', 1, ''),
(2596, 131, 0, '2017-12-31 00:03:08', 1, 'Оплата индивидуального пакета'),
(2597, 131, 0, '2018-01-09 20:12:19', 0, 'Присутствовал на занятии'),
(2598, 131, 0, '2018-01-16 21:48:47', 0, 'Присутствовал на занятии'),
(2599, 131, 0, '2018-01-23 19:41:25', 0, 'Присутствовал на занятии'),
(2600, 131, 0, '2018-01-30 20:37:15', 0, 'Отсутствовал на занятии'),
(2601, 131, 0, '2018-02-20 16:33:44', 0, 'Отсутствовал на занятии'),
(2602, 131, 0, '2018-02-27 11:22:07', 0, 'Отсутствовал на занятии'),
(2603, 132, 1, '2017-12-31 00:14:07', 1, ''),
(2604, 132, 0, '2017-12-31 00:14:19', 1, 'Оплата индивидуального пакета'),
(2605, 132, 0, '2018-01-12 19:14:04', 0, 'Отсутствовал на занятии'),
(2606, 132, 0, '2018-01-16 19:01:57', 0, 'Присутствовал на занятии'),
(2607, 132, 0, '2018-01-23 15:23:57', 0, 'Присутствовал на занятии'),
(2608, 132, 0, '2018-01-30 17:56:07', 0, 'Отсутствовал на занятии'),
(2609, 132, 0, '2018-02-06 18:13:00', 0, 'Присутствовал на занятии'),
(2610, 132, 1, '2018-02-06 18:13:00', 2000, ''),
(2611, 132, 0, '2018-02-06 19:15:02', 2000, 'Оплата индивидуального пакета'),
(2612, 132, 0, '2018-02-13 16:15:01', 0, 'Присутствовал на занятии'),
(2613, 133, 0, '2018-01-11 15:31:27', 0, 'Отсутствовал на занятии'),
(2614, 133, 1, '2018-01-14 13:08:47', 450, ''),
(2615, 133, 0, '2018-01-14 15:12:20', 0, 'Присутствовал на занятии'),
(2616, 133, 0, '2018-01-14 15:40:28', 0, 'Отсутствовал на занятии'),
(2617, 133, 0, '2018-01-17 19:11:12', 0, 'не явился'),
(2618, 133, 0, '2018-01-20 12:43:18', 0, 'Отсутствовал на занятии'),
(2619, 133, 0, '2018-01-20 12:44:47', 0, 'Оплата индивидуального пакета'),
(2620, 133, 0, '2018-01-21 17:58:04', 0, 'Отсутствовал на занятии'),
(2621, 133, 0, '2018-01-24 18:59:25', 0, 'Присутствовал на занятии'),
(2622, 133, 1, '2018-01-24 18:59:36', 450, ''),
(2623, 133, 1, '2018-01-28 14:13:08', 150, ''),
(2624, 133, 0, '2018-01-28 18:13:31', 0, 'не явился'),
(2625, 133, 0, '2018-01-30 22:47:52', 1050, 'Оплата индивидуального пакета'),
(2626, 133, 1, '2018-01-31 18:02:05', 300, ''),
(2627, 133, 0, '2018-01-31 18:58:51', 0, 'Присутствовал на занятии'),
(2628, 133, 0, '2018-02-01 12:16:09', 300, 'Оплата индивидуального пакета'),
(2629, 133, 0, '2018-02-04 18:41:45', 0, 'не явился'),
(2630, 133, 0, '2018-02-07 20:47:25', 0, 'Отсутствовал на занятии'),
(2631, 133, 0, '2018-02-07 21:02:02', 0, 'не явился'),
(2632, 133, 1, '2018-02-12 15:22:11', 1000, ''),
(2633, 133, 0, '2018-02-17 15:06:21', 0, 'Отсутствовал на занятии'),
(2634, 133, 0, '2018-02-17 15:07:07', 700, 'Оплата индивидуального пакета'),
(2635, 133, 0, '2018-02-17 15:07:15', 300, 'Оплата индивидуального пакета'),
(2636, 133, 0, '2018-02-21 17:07:25', 0, 'Отсутствовал на занятии'),
(2637, 133, 0, '2018-02-25 16:59:51', 0, 'Присутствовал на занятии'),
(2638, 133, 0, '2018-03-04 16:47:50', 0, 'Присутствовал на занятии'),
(2639, 133, 1, '2018-03-04 21:41:18', 2, ''),
(2640, 133, 0, '2018-03-04 21:43:53', 1, 'Оплата индивидуального пакета'),
(2641, 133, 1, '2018-03-18 14:31:02', 400, 'за сегодня и 100 на следующий'),
(2642, 133, 0, '2018-03-18 16:59:48', 0, 'Присутствовал на занятии'),
(2643, 133, 0, '2018-03-19 10:40:54', 300, 'Оплата индивидуального пакета'),
(2644, 133, 1, '2018-03-25 14:35:50', 200, ''),
(2645, 133, 0, '2018-03-25 14:36:40', 300, 'Оплата индивидуального пакета'),
(2646, 133, 0, '2018-03-25 15:02:47', 0, 'Присутствовал на занятии'),
(2647, 133, 1, '2018-03-30 16:05:21', 200, ''),
(2648, 133, 0, '2018-03-30 17:12:26', 200, 'Оплата индивидуального пакета'),
(2649, 133, 0, '2018-03-30 17:16:11', 0, 'Присутствовал на занятии'),
(2650, 133, 1, '2018-04-08 14:37:19', 300, ''),
(2651, 133, 0, '2018-04-08 15:29:35', 0, 'Присутствовал на занятии'),
(2652, 133, 0, '2018-04-08 15:41:43', 300, 'Оплата индивидуального пакета'),
(2653, 133, 0, '2018-04-15 22:01:52', 0, 'Отсутствовал на занятии'),
(2654, 135, 1, '2017-12-31 00:39:33', 1, ''),
(2655, 135, 0, '2017-12-31 00:39:50', 1, 'Оплата индивидуального пакета'),
(2656, 135, 0, '2018-01-08 20:18:07', 0, 'Присутствовал на занятии'),
(2657, 135, 0, '2018-01-11 17:54:49', 0, 'Присутствовал на занятии'),
(2658, 135, 0, '2018-01-16 16:58:52', 0, 'Присутствовал на занятии'),
(2659, 135, 0, '2018-01-18 15:41:06', 0, 'Присутствовал на занятии'),
(2660, 135, 0, '2018-01-22 15:40:02', 0, 'Присутствовал на занятии'),
(2661, 135, 0, '2018-01-25 15:40:11', 0, 'Присутствовал на занятии'),
(2662, 135, 1, '2018-01-25 15:40:11', 2000, ''),
(2663, 135, 0, '2018-01-25 19:20:46', 2000, 'Оплата индивидуального пакета'),
(2664, 135, 0, '2018-01-29 19:01:31', 0, 'Присутствовал на занятии'),
(2665, 135, 1, '2018-01-29 19:01:31', 3000, ''),
(2666, 135, 0, '2018-01-30 22:49:38', 3000, 'Оплата индивидуального пакета'),
(2667, 135, 0, '2018-02-01 17:26:07', 0, 'Присутствовал на занятии'),
(2668, 135, 0, '2018-02-05 17:03:46', 0, 'Присутствовал на занятии'),
(2669, 135, 0, '2018-02-08 17:05:23', 0, 'Отсутствовал на занятии'),
(2670, 135, 0, '2018-02-12 16:04:05', 0, 'Присутствовал на занятии'),
(2671, 135, 0, '2018-02-15 16:54:11', 0, 'Присутствовал на занятии'),
(2672, 135, 0, '2018-02-19 17:02:19', 0, 'Присутствовал на занятии'),
(2673, 135, 0, '2018-02-22 17:53:54', 0, 'Присутствовал на занятии'),
(2674, 135, 0, '2018-02-26 15:50:43', 0, 'Присутствовал на занятии'),
(2675, 135, 1, '2018-02-26 15:50:43', 3000, ''),
(2676, 135, 0, '2018-02-27 18:19:42', 3000, 'Оплата индивидуального пакета'),
(2677, 135, 0, '2018-03-01 17:00:41', 0, 'Присутствовал на занятии'),
(2678, 135, 0, '2018-03-05 17:01:46', 0, 'Присутствовал на занятии'),
(2679, 135, 0, '2018-03-12 17:59:43', 0, 'Присутствовал на занятии'),
(2680, 135, 0, '2018-03-15 16:12:33', 0, 'Присутствовал на занятии'),
(2681, 135, 0, '2018-03-19 17:01:00', 0, 'Присутствовал на занятии'),
(2682, 135, 0, '2018-03-22 10:33:45', 0, 'Отсутствовал на занятии'),
(2683, 135, 0, '2018-03-26 17:27:27', 0, 'Отсутствовал на занятии'),
(2684, 135, 0, '2018-03-29 16:57:26', 0, 'Отсутствовал на занятии'),
(2685, 135, 0, '2018-04-02 16:49:36', 0, 'Присутствовал на занятии'),
(2686, 135, 0, '2018-04-05 18:46:33', 0, 'Присутствовал на занятии'),
(2687, 135, 0, '2018-04-09 10:22:01', 0, 'Отсутствовал на занятии'),
(2688, 136, 1, '2017-12-31 00:42:01', 1, ''),
(2689, 136, 0, '2017-12-31 00:42:19', 1, 'Оплата индивидуального пакета'),
(2690, 136, 1, '2018-01-13 14:55:04', 400, ''),
(2691, 136, 0, '2018-01-13 14:55:27', 400, 'Оплата индивидуального пакета'),
(2692, 136, 0, '2018-01-13 15:01:17', 400, 'Оплата индивидуального пакета'),
(2693, 136, 1, '2018-01-13 17:01:31', 400, ''),
(2694, 136, 0, '2018-01-14 15:25:30', 0, 'Присутствовал на занятии'),
(2695, 136, 1, '2018-01-15 13:05:21', 2, ''),
(2696, 137, 1, '2018-01-12 15:54:23', 1500, ''),
(2697, 137, 0, '2018-01-12 16:40:27', 0, 'Отсутствовал на занятии'),
(2698, 137, 0, '2018-01-12 16:45:09', 0, 'Отсутствовал на занятии'),
(2699, 137, 0, '2018-01-12 17:09:12', 1500, 'Оплата индивидуального пакета'),
(2700, 137, 0, '2018-01-19 16:47:48', 0, 'Присутствовал на занятии'),
(2701, 137, 0, '2018-01-22 18:04:01', 0, 'Присутствовал на занятии'),
(2702, 137, 0, '2018-01-26 16:05:11', 0, 'Отсутствовал на занятии'),
(2703, 137, 1, '2018-01-29 16:41:33', 2000, ''),
(2704, 137, 0, '2018-01-29 17:52:22', 0, 'Присутствовал на занятии'),
(2705, 137, 0, '2018-02-02 12:42:53', 1800, 'Оплата индивидуального пакета'),
(2706, 137, 0, '2018-02-02 16:11:15', 0, 'Присутствовал на занятии'),
(2707, 137, 0, '2018-02-16 18:51:18', 0, 'Присутствовал на занятии'),
(2708, 137, 0, '2018-03-12 17:49:22', 0, 'Присутствовал на занятии'),
(2709, 137, 0, '2018-03-16 16:48:36', 0, 'Присутствовал на занятии'),
(2710, 137, 0, '2018-03-19 20:39:19', 0, 'Присутствовал на занятии'),
(2711, 137, 0, '2018-04-16 18:32:30', 0, 'Присутствовал на занятии'),
(2712, 137, 0, '2018-04-20 22:04:43', 0, 'Присутствовал на занятии'),
(2713, 139, 0, '2018-01-09 20:12:42', 0, 'Присутствовал на занятии'),
(2714, 139, 1, '2018-01-11 14:30:23', 3000, ''),
(2715, 139, 0, '2018-01-11 14:30:42', 3000, 'Оплата индивидуального пакета'),
(2716, 139, 0, '2018-01-11 21:05:53', 0, 'Присутствовал на занятии'),
(2717, 139, 0, '2018-01-16 21:48:59', 0, 'Присутствовал на занятии'),
(2718, 139, 0, '2018-01-18 21:03:08', 0, 'Присутствовал на занятии'),
(2719, 139, 0, '2018-01-24 18:54:13', 0, 'Присутствовал на занятии'),
(2720, 139, 0, '2018-01-26 18:07:53', 0, 'Присутствовал на занятии'),
(2721, 139, 1, '2018-01-30 15:32:48', 3000, ''),
(2722, 139, 0, '2018-01-30 15:33:29', 3000, 'Оплата индивидуального пакета'),
(2723, 139, 0, '2018-01-31 18:51:56', 0, 'Присутствовал на занятии'),
(2724, 139, 0, '2018-02-02 19:12:41', 0, 'Присутствовал на занятии'),
(2725, 139, 0, '2018-02-14 18:18:43', 0, 'Присутствовал на занятии'),
(2726, 139, 0, '2018-02-16 18:35:08', 0, 'Присутствовал на занятии'),
(2727, 139, 0, '2018-02-21 18:44:12', 0, 'Присутствовал на занятии'),
(2728, 139, 0, '2018-02-23 18:32:47', 0, 'Присутствовал на занятии'),
(2729, 139, 0, '2018-02-28 19:09:58', 0, 'Присутствовал на занятии'),
(2730, 139, 0, '2018-03-02 18:39:55', 0, 'Присутствовал на занятии'),
(2731, 139, 0, '2018-03-07 19:15:20', 0, 'Присутствовал на занятии'),
(2732, 139, 0, '2018-03-14 19:02:16', 0, 'Присутствовал на занятии'),
(2733, 139, 0, '2018-03-16 18:47:52', 0, 'Присутствовал на занятии'),
(2734, 139, 0, '2018-03-21 19:25:19', 0, 'Присутствовал на занятии'),
(2735, 139, 0, '2018-03-23 18:53:01', 0, 'Присутствовал на занятии'),
(2736, 139, 1, '2018-03-25 14:14:29', 3000, 'на счет деньги внесены были 07.03, на 24.03 на балансе было -3'),
(2737, 139, 0, '2018-03-25 14:19:33', 3000, 'Оплата индивидуального пакета'),
(2738, 139, 0, '2018-04-04 19:09:42', 0, 'Отсутствовал на занятии'),
(2739, 139, 0, '2018-04-06 18:40:37', 0, 'Присутствовал на занятии'),
(2740, 139, 1, '2018-04-11 10:22:04', 3200, 'на 10.04 в остатке 3,5 занятия '),
(2741, 139, 0, '2018-04-11 17:30:39', 3200, 'Оплата индивидуального пакета'),
(2742, 139, 0, '2018-04-11 18:04:11', 0, 'Присутствовал на занятии'),
(2743, 139, 0, '2018-04-13 18:31:29', 0, 'Присутствовал на занятии'),
(2744, 139, 0, '2018-04-18 18:08:02', 0, 'Присутствовал на занятии'),
(2745, 139, 0, '2018-04-20 17:48:27', 0, 'Присутствовал на занятии'),
(2746, 140, 0, '2018-01-09 20:12:27', 0, 'Присутствовал на занятии'),
(2747, 140, 0, '2018-01-11 21:06:07', 0, 'Присутствовал на занятии'),
(2748, 140, 1, '2018-01-31 18:09:04', 700, 'оплата долга 2 урока'),
(2749, 140, 0, '2018-01-31 18:14:19', 350, 'Оплата индивидуального пакета'),
(2750, 140, 0, '2018-01-31 18:14:47', 350, 'Оплата индивидуального пакета'),
(2751, 141, 0, '2018-01-09 20:12:06', 0, 'Присутствовал на занятии'),
(2752, 141, 1, '2018-01-10 17:35:26', 1, ''),
(2753, 141, 0, '2018-01-10 17:36:20', 1, 'Оплата индивидуального пакета'),
(2754, 141, 0, '2018-01-11 21:06:47', 0, 'Присутствовал на занятии'),
(2755, 141, 0, '2018-01-16 21:48:15', 0, 'Присутствовал на занятии'),
(2756, 141, 0, '2018-01-18 21:03:37', 0, 'Присутствовал на занятии'),
(2757, 141, 0, '2018-01-23 19:40:58', 0, 'Присутствовал на занятии'),
(2758, 141, 0, '2018-01-25 20:51:24', 0, 'Присутствовал на занятии'),
(2759, 141, 1, '2018-01-25 22:24:57', 3000, ''),
(2760, 141, 0, '2018-01-27 15:24:50', 3000, 'Оплата индивидуального пакета'),
(2761, 141, 0, '2018-01-30 20:36:41', 0, 'Присутствовал на занятии'),
(2762, 141, 0, '2018-02-01 21:03:49', 0, 'Присутствовал на занятии'),
(2763, 141, 0, '2018-02-06 20:37:06', 0, 'Присутствовал на занятии'),
(2764, 141, 0, '2018-02-08 19:10:43', 0, 'Присутствовал на занятии'),
(2765, 141, 0, '2018-02-13 19:03:04', 0, 'Присутствовал на занятии'),
(2766, 141, 0, '2018-02-15 19:03:35', 0, 'Присутствовал на занятии'),
(2767, 141, 0, '2018-02-20 19:14:57', 0, 'Присутствовал на занятии'),
(2768, 141, 0, '2018-02-22 18:25:54', 0, 'Присутствовал на занятии'),
(2769, 141, 1, '2018-02-22 18:25:54', 3000, ''),
(2770, 141, 0, '2018-02-22 22:49:28', 3000, 'Оплата индивидуального пакета'),
(2771, 141, 0, '2018-02-27 19:19:56', 0, 'Присутствовал на занятии'),
(2772, 141, 0, '2018-03-01 20:08:25', 0, 'Присутствовал на занятии'),
(2773, 141, 0, '2018-03-06 19:26:04', 0, 'Присутствовал на занятии'),
(2774, 141, 0, '2018-03-07 19:18:00', 0, 'Присутствовал на занятии'),
(2775, 141, 0, '2018-03-13 19:59:23', 0, 'Присутствовал на занятии'),
(2776, 141, 0, '2018-03-15 18:58:00', 0, 'Присутствовал на занятии'),
(2777, 141, 0, '2018-03-20 19:58:26', 0, 'Присутствовал на занятии'),
(2778, 141, 0, '2018-03-22 19:59:07', 0, 'Присутствовал на занятии'),
(2779, 141, 1, '2018-03-22 19:59:07', 3000, ''),
(2780, 141, 0, '2018-03-23 20:44:30', 3000, 'Оплата индивидуального пакета'),
(2781, 141, 0, '2018-03-27 20:31:56', 0, 'Присутствовал на занятии'),
(2782, 141, 0, '2018-03-29 19:59:18', 0, 'Присутствовал на занятии'),
(2783, 141, 0, '2018-04-03 19:23:10', 0, 'Присутствовал на занятии'),
(2784, 141, 0, '2018-04-05 19:34:00', 0, 'Присутствовал на занятии'),
(2785, 141, 0, '2018-04-10 20:00:22', 0, 'Присутствовал на занятии'),
(2786, 141, 0, '2018-04-12 18:23:50', 0, 'Присутствовал на занятии'),
(2787, 141, 0, '2018-04-17 19:08:41', 0, 'Присутствовал на занятии'),
(2788, 141, 0, '2018-04-20 19:43:52', 0, 'Присутствовал на занятии'),
(2789, 142, 1, '2017-12-31 00:10:34', 1, ''),
(2790, 142, 0, '2017-12-31 00:10:55', 1, 'Оплата индивидуального пакета'),
(2791, 142, 0, '2018-01-30 20:36:51', 0, 'Присутствовал на занятии'),
(2792, 142, 0, '2018-02-06 20:37:16', 0, 'Отсутствовал на занятии'),
(2793, 142, 0, '2018-02-13 16:08:12', 0, 'Отсутствовал на занятии'),
(2794, 142, 0, '2018-02-20 19:14:12', 0, 'Присутствовал на занятии'),
(2795, 142, 0, '2018-02-27 18:35:15', 0, 'Отсутствовал на занятии'),
(2796, 142, 0, '2018-03-06 18:31:07', 0, 'Отсутствовал на занятии'),
(2797, 142, 0, '2018-03-13 18:42:28', 0, 'Отсутствовал на занятии'),
(2798, 143, 0, '2018-01-13 13:33:42', 0, 'Присутствовал на занятии'),
(2799, 143, 1, '2018-01-14 12:11:39', 500, ''),
(2800, 143, 0, '2018-01-14 12:34:43', 500, 'Оплата индивидуального пакета'),
(2801, 143, 0, '2018-01-27 15:32:32', 0, 'Присутствовал на занятии'),
(2802, 143, 1, '2018-01-27 15:32:32', 500, ''),
(2803, 143, 0, '2018-01-27 16:59:27', 500, 'Оплата индивидуального пакета'),
(2804, 143, 0, '2018-02-03 16:34:40', 0, 'Присутствовал на занятии'),
(2805, 143, 1, '2018-02-03 16:34:40', 500, ''),
(2806, 143, 0, '2018-02-05 10:42:02', 500, 'Оплата индивидуального пакета'),
(2807, 143, 0, '2018-02-10 16:33:16', 0, '500'),
(2808, 143, 1, '2018-02-10 16:43:41', 500, ''),
(2809, 143, 0, '2018-02-11 15:42:28', 500, 'Оплата индивидуального пакета'),
(2810, 143, 0, '2018-03-17 14:59:33', 0, 'Присутствовал на занятии'),
(2811, 143, 1, '2018-03-17 14:59:33', 500, ''),
(2812, 143, 0, '2018-03-17 16:36:43', 500, 'Оплата индивидуального пакета'),
(2813, 143, 0, '2018-04-07 14:28:44', 0, 'Присутствовал на занятии'),
(2814, 143, 1, '2018-04-08 10:06:19', 500, 'поурочно'),
(2815, 143, 0, '2018-04-08 10:07:04', 500, 'Оплата индивидуального пакета'),
(2816, 144, 1, '2018-01-14 12:41:59', 3000, ''),
(2817, 144, 0, '2018-01-14 12:42:18', 3000, 'Оплата индивидуального пакета'),
(2818, 144, 0, '2018-01-14 12:50:51', 0, 'Присутствовал на занятии'),
(2819, 144, 0, '2018-01-17 18:35:32', 0, 'Присутствовал на занятии'),
(2820, 144, 0, '2018-01-21 12:36:58', 0, 'Присутствовал на занятии'),
(2821, 144, 0, '2018-01-24 19:42:26', 0, 'Присутствовал на занятии'),
(2822, 144, 0, '2018-01-28 12:03:56', 0, 'Присутствовал на занятии'),
(2823, 144, 0, '2018-01-31 18:32:44', 0, 'Присутствовал на занятии'),
(2824, 144, 0, '2018-02-04 13:58:26', 0, 'Присутствовал на занятии'),
(2825, 144, 0, '2018-02-07 19:10:01', 0, 'Присутствовал на занятии'),
(2826, 144, 0, '2018-02-11 12:02:19', 0, 'Присутствовал на занятии'),
(2827, 144, 1, '2018-02-11 13:39:43', 3000, 'сегодня первый урок по новому абонементу'),
(2828, 144, 0, '2018-02-11 13:44:15', 3000, 'Оплата индивидуального пакета'),
(2829, 144, 0, '2018-02-14 17:47:10', 0, 'Отсутствовал на занятии'),
(2830, 144, 0, '2018-02-18 11:56:53', 0, 'Присутствовал на занятии'),
(2831, 144, 0, '2018-02-21 18:28:39', 0, 'Присутствовал на занятии'),
(2832, 144, 0, '2018-02-25 13:09:56', 0, 'Присутствовал на занятии'),
(2833, 144, 0, '2018-02-28 18:21:29', 0, 'Присутствовал на занятии'),
(2834, 144, 0, '2018-03-04 12:42:35', 0, 'Присутствовал на занятии'),
(2835, 144, 0, '2018-03-07 18:29:33', 0, 'Присутствовал на занятии'),
(2836, 144, 0, '2018-03-11 12:03:09', 0, 'Присутствовал на занятии'),
(2837, 144, 1, '2018-03-11 12:07:33', 3000, 'на 10.03 на остатке +0,5'),
(2838, 144, 0, '2018-03-11 12:14:10', 3000, 'Оплата индивидуального пакета'),
(2839, 144, 0, '2018-03-14 19:06:36', 0, 'Присутствовал на занятии'),
(2840, 144, 0, '2018-03-18 11:59:18', 0, 'Присутствовал на занятии'),
(2841, 144, 0, '2018-03-21 18:01:10', 0, 'Присутствовал на занятии'),
(2842, 144, 0, '2018-03-25 12:38:10', 0, 'Присутствовал на занятии'),
(2843, 144, 0, '2018-03-28 19:01:43', 0, 'Присутствовал на занятии'),
(2844, 144, 0, '2018-04-01 16:05:48', 0, 'Присутствовал на занятии'),
(2845, 144, 0, '2018-04-04 19:14:12', 0, 'Присутствовал на занятии'),
(2846, 144, 0, '2018-04-08 13:03:57', 0, 'Присутствовал на занятии'),
(2847, 144, 1, '2018-04-11 18:38:35', 3000, 'на 10.04 в остатке -0,5 занятия'),
(2848, 144, 0, '2018-04-11 19:23:46', 0, 'Присутствовал на занятии'),
(2849, 144, 0, '2018-04-12 13:23:14', 3000, 'Оплата индивидуального пакета'),
(2850, 144, 0, '2018-04-15 11:59:02', 0, 'Присутствовал на занятии'),
(2851, 145, 1, '2017-12-31 00:09:30', 1, ''),
(2852, 145, 0, '2017-12-31 00:09:48', 1, 'Оплата индивидуального пакета'),
(2853, 145, 0, '2018-01-11 16:18:35', 0, 'Присутствовал на занятии'),
(2854, 145, 1, '2018-01-17 12:40:30', 1200, ''),
(2855, 145, 0, '2018-01-17 18:00:03', 0, 'Присутствовал на занятии'),
(2856, 145, 0, '2018-01-18 16:34:43', 1200, 'Оплата индивидуального пакета'),
(2857, 145, 0, '2018-01-24 21:51:11', 0, 'Присутствовал на занятии'),
(2858, 145, 0, '2018-01-31 22:00:57', 0, 'Присутствовал на занятии'),
(2859, 145, 1, '2018-02-07 15:15:43', 400, ''),
(2860, 145, 0, '2018-02-07 20:59:10', 0, 'Присутствовал на занятии'),
(2861, 145, 0, '2018-02-14 15:38:28', 0, 'Присутствовал на занятии'),
(2862, 145, 1, '2018-02-15 13:22:35', 1200, ''),
(2863, 145, 0, '2018-02-15 13:23:14', 1600, 'Оплата индивидуального пакета'),
(2864, 145, 0, '2018-02-19 19:37:29', 0, 'Присутствовал на занятии'),
(2865, 145, 0, '2018-02-28 16:46:42', 0, 'Присутствовал на занятии'),
(2866, 145, 0, '2018-03-07 11:42:36', 0, 'Отсутствовал на занятии'),
(2867, 145, 1, '2018-03-14 10:28:55', 1200, 'на 14.03 -0.5 занятий'),
(2868, 145, 0, '2018-03-14 10:31:00', 1200, 'Оплата индивидуального пакета'),
(2869, 145, 1, '2018-03-14 10:42:27', 200, 'за пол урока. на 14.03 было +2.5'),
(2870, 145, 0, '2018-03-14 16:17:30', 0, 'Присутствовал на занятии'),
(2871, 145, 0, '2018-03-15 22:55:24', 200, 'Оплата индивидуального пакета'),
(2872, 145, 0, '2018-03-21 17:11:29', 0, 'Присутствовал на занятии'),
(2873, 145, 0, '2018-03-28 23:03:05', 0, 'Присутствовал на занятии'),
(2874, 147, 1, '2017-12-31 00:08:27', 1, ''),
(2875, 147, 0, '2017-12-31 00:08:59', 1, 'Оплата индивидуального пакета'),
(2876, 147, 0, '2018-01-13 13:34:28', 0, 'Присутствовал на занятии'),
(2877, 147, 0, '2018-01-30 20:23:57', 0, 'Присутствовал на занятии'),
(2878, 147, 0, '2018-02-05 20:24:06', 0, 'Присутствовал на занятии'),
(2879, 147, 0, '2018-02-21 11:43:07', 0, 'Выдать преподавателю премию!'),
(2880, 148, 1, '2017-12-30 23:45:25', 1, ''),
(2881, 148, 0, '2017-12-30 23:45:47', 1, 'Оплата индивидуального пакета'),
(2882, 148, 0, '2018-01-05 16:57:52', 0, 'Присутствовал на занятии'),
(2883, 148, 0, '2018-01-09 18:42:55', 0, 'Присутствовал на занятии'),
(2884, 148, 0, '2018-01-12 19:32:12', 0, 'Присутствовал на занятии'),
(2885, 148, 0, '2018-01-13 18:22:35', 0, 'Присутствовал на занятии'),
(2886, 148, 0, '2018-01-16 21:46:20', 0, 'Присутствовал на занятии'),
(2887, 148, 0, '2018-01-23 18:27:47', 0, 'Присутствовал на занятии'),
(2888, 148, 1, '2018-01-23 18:41:47', 3000, ''),
(2889, 148, 0, '2018-01-23 18:42:29', 3000, 'Оплата индивидуального пакета'),
(2890, 148, 0, '2018-01-30 22:03:18', 0, 'Присутствовал на занятии'),
(2891, 148, 0, '2018-02-06 19:39:59', 0, 'Присутствовал на занятии'),
(2892, 148, 0, '2018-02-10 18:35:21', 0, 'Присутствовал на занятии'),
(2893, 148, 0, '2018-02-13 19:34:53', 0, 'Присутствовал на занятии'),
(2894, 148, 0, '2018-02-20 19:39:32', 0, 'Присутствовал на занятии'),
(2895, 148, 0, '2018-02-24 16:01:56', 0, 'Присутствовал на занятии'),
(2896, 148, 0, '2018-02-24 17:19:47', 0, 'Присутствовал на занятии'),
(2897, 148, 0, '2018-02-27 19:52:23', 0, 'Присутствовал на занятии'),
(2898, 148, 1, '2018-03-03 15:58:17', 3000, 'сегодня первый урок по новому абонементу'),
(2899, 148, 0, '2018-03-03 17:16:23', 3000, 'Оплата индивидуального пакета'),
(2900, 148, 0, '2018-03-03 18:51:19', 0, 'Присутствовал на занятии'),
(2901, 148, 0, '2018-03-06 19:46:54', 0, 'Присутствовал на занятии'),
(2902, 148, 0, '2018-03-13 19:40:56', 0, 'Присутствовал на занятии'),
(2903, 148, 0, '2018-03-17 19:27:55', 0, 'Присутствовал на занятии'),
(2904, 148, 0, '2018-03-20 21:11:33', 0, 'Присутствовал на занятии'),
(2905, 148, 0, '2018-03-24 22:41:15', 0, 'Присутствовал на занятии'),
(2906, 148, 1, '2018-03-27 14:45:37', 200, 'компенсация за позднюю отмену занятия Студией'),
(2907, 148, 0, '2018-03-31 17:08:52', 200, 'Оплата группового пакета'),
(2908, 148, 0, '2018-03-31 20:10:43', 0, 'Присутствовал на занятии'),
(2909, 148, 1, '2018-04-03 18:38:08', 5000, 'на 03.04 было 1 индив. 1 групповое. 3200 за новый абонемент. 200 за групповое. в остатке 1600р'),
(2910, 148, 0, '2018-04-03 19:50:01', 0, 'Присутствовал на занятии'),
(2911, 148, 0, '2018-04-03 19:50:19', 0, 'Присутствовал на занятии'),
(2912, 148, 0, '2018-04-04 11:49:51', 3200, 'Оплата индивидуального пакета'),
(2913, 148, 0, '2018-04-04 11:50:13', 200, 'Оплата группового пакета'),
(2914, 148, 0, '2018-04-07 18:09:32', 0, 'Присутствовал на занятии'),
(2915, 148, 0, '2018-04-14 18:41:06', 0, 'Присутствовал на занятии'),
(2916, 148, 0, '2018-04-17 21:42:54', 0, 'Присутствовал на занятии'),
(2917, 149, 1, '2017-12-31 00:07:42', 1, ''),
(2918, 149, 0, '2017-12-31 00:08:02', 1, 'Оплата индивидуального пакета'),
(2919, 149, 0, '2018-01-11 16:18:40', 0, 'Присутствовал на занятии'),
(2920, 149, 0, '2018-01-15 21:46:27', 0, 'Присутствовал на занятии'),
(2921, 149, 0, '2018-01-17 17:58:24', 0, 'Присутствовал на занятии'),
(2922, 149, 0, '2018-01-22 19:52:59', 0, 'Присутствовал на занятии'),
(2923, 149, 1, '2018-01-24 15:48:46', 3000, ''),
(2924, 149, 0, '2018-01-24 15:51:08', 3000, 'Оплата индивидуального пакета'),
(2925, 149, 0, '2018-01-24 21:49:20', 0, 'Присутствовал на занятии'),
(2926, 149, 0, '2018-01-30 20:24:48', 0, 'Отсутствовал на занятии'),
(2927, 149, 0, '2018-01-31 21:58:58', 0, 'Дятел полный'),
(2928, 149, 1, '2018-02-04 20:05:09', 1, ''),
(2929, 149, 0, '2018-02-04 20:05:43', 1, 'Оплата индивидуального пакета'),
(2930, 149, 0, '2018-02-05 20:21:33', 0, 'Присутствовал на занятии'),
(2931, 149, 0, '2018-02-07 20:58:06', 0, 'Присутствовал на занятии'),
(2932, 149, 0, '2018-02-13 12:50:15', 0, 'Присутствовал на занятии'),
(2933, 149, 0, '2018-02-19 19:37:50', 0, 'Присутствовал на занятии'),
(2934, 149, 1, '2018-02-26 16:31:46', 3000, 'было одно занятие'),
(2935, 149, 0, '2018-02-26 16:32:18', 3000, 'Оплата индивидуального пакета'),
(2936, 149, 0, '2018-02-26 19:07:05', 0, 'Присутствовал на занятии'),
(2937, 149, 0, '2018-02-28 20:37:15', 0, 'Присутствовал на занятии'),
(2938, 149, 0, '2018-03-07 19:45:01', 0, 'Присутствовал на занятии'),
(2939, 149, 0, '2018-03-07 19:45:02', 0, 'Присутствовал на занятии'),
(2940, 149, 0, '2018-03-07 19:45:03', 0, 'Присутствовал на занятии'),
(2941, 149, 0, '2018-03-12 18:57:36', 0, 'Присутствовал на занятии'),
(2942, 149, 0, '2018-03-19 17:50:19', 0, 'Присутствовал на занятии'),
(2943, 149, 0, '2018-03-21 17:10:13', 0, 'Отсутствовал на занятии'),
(2944, 149, 0, '2018-03-28 23:02:42', 0, 'Дятел'),
(2945, 149, 0, '2018-04-04 17:57:02', 0, 'Присутствовал на занятии'),
(2946, 149, 0, '2018-04-09 17:39:39', 0, 'Присутствовал на занятии'),
(2947, 149, 0, '2018-04-10 22:21:57', 0, 'Присутствовал на занятии'),
(2948, 149, 1, '2018-04-11 11:18:01', 1700, 'на 10.04 в остатке -2 занятия'),
(2949, 149, 0, '2018-04-11 17:32:15', 0, 'Присутствовал на занятии'),
(2950, 149, 0, '2018-04-12 13:23:28', 1600, 'Оплата индивидуального пакета'),
(2951, 149, 1, '2018-04-13 14:33:25', 1500, ''),
(2952, 149, 0, '2018-04-13 19:46:34', 1600, 'Оплата индивидуального пакета'),
(2953, 150, 1, '2017-12-31 00:34:32', 1, ''),
(2954, 150, 0, '2017-12-31 00:34:50', 1, 'Оплата индивидуального пакета'),
(2955, 150, 0, '2018-01-19 20:00:29', 0, 'Присутствовал на занятии'),
(2956, 150, 0, '2018-01-31 20:32:30', 0, 'Присутствовал на занятии'),
(2957, 150, 0, '2018-02-27 21:08:56', 0, 'Присутствовал на занятии'),
(2958, 150, 1, '2018-02-27 21:08:56', 2000, ''),
(2959, 150, 0, '2018-02-28 10:59:21', 2000, 'Оплата индивидуального пакета'),
(2960, 150, 0, '2018-03-06 18:54:26', 0, 'Присутствовал на занятии'),
(2961, 150, 0, '2018-03-13 17:41:54', 0, 'Отсутствовал на занятии'),
(2962, 150, 0, '2018-04-03 21:03:26', 0, 'Присутствовал на занятии'),
(2963, 151, 0, '2018-01-11 21:06:57', 0, 'Отсутствовал на занятии'),
(2964, 151, 0, '2018-01-18 21:03:47', 0, 'Присутствовал на занятии'),
(2965, 151, 0, '2018-01-25 16:33:44', 0, 'Отсутствовал на занятии'),
(2966, 151, 1, '2018-01-31 12:08:22', 600, ''),
(2967, 151, 0, '2018-01-31 12:09:07', 300, 'Оплата индивидуального пакета'),
(2968, 151, 0, '2018-01-31 12:09:14', 300, 'Оплата индивидуального пакета'),
(2969, 152, 0, '2018-01-11 17:55:43', 0, 'Присутствовал на занятии'),
(2970, 152, 1, '2018-01-11 17:55:43', 3000, ''),
(2971, 152, 0, '2018-01-11 18:17:34', 3000, 'Оплата индивидуального пакета'),
(2972, 152, 0, '2018-01-22 16:22:09', 0, 'Отсутствовал на занятии'),
(2973, 152, 0, '2018-01-25 17:57:46', 0, 'Присутствовал на занятии'),
(2974, 152, 0, '2018-02-01 16:19:40', 0, 'Отсутствовал на занятии'),
(2975, 152, 0, '2018-02-01 19:14:04', 0, 'Отсутствовал на занятии'),
(2976, 152, 0, '2018-02-05 17:57:33', 0, 'Присутствовал на занятии'),
(2977, 152, 0, '2018-02-08 17:05:04', 0, 'Присутствовал на занятии'),
(2978, 152, 0, '2018-02-12 14:34:34', 0, 'Отсутствовал на занятии'),
(2979, 152, 0, '2018-02-15 15:32:40', 0, 'Отсутствовал на занятии'),
(2980, 152, 0, '2018-02-19 17:04:36', 0, 'Присутствовал на занятии'),
(2981, 152, 0, '2018-02-22 17:55:07', 0, 'Присутствовал на занятии'),
(2982, 152, 1, '2018-02-22 17:55:07', 3000, ''),
(2983, 152, 0, '2018-02-22 22:46:17', 3000, 'Оплата индивидуального пакета'),
(2984, 152, 0, '2018-02-26 17:54:22', 0, 'Присутствовал на занятии'),
(2985, 152, 0, '2018-03-01 17:02:58', 0, 'Присутствовал на занятии'),
(2986, 152, 0, '2018-03-05 17:27:33', 0, 'Отсутствовал на занятии'),
(2987, 152, 0, '2018-03-05 18:24:03', 0, 'Отсутствовал на занятии'),
(2988, 152, 0, '2018-03-12 18:01:33', 0, 'Присутствовал на занятии'),
(2989, 152, 0, '2018-03-15 18:07:09', 0, 'Присутствовал на занятии'),
(2990, 152, 0, '2018-03-19 17:58:52', 0, 'Присутствовал на занятии'),
(2991, 152, 0, '2018-03-26 17:59:34', 0, 'Отсутствовал на занятии'),
(2992, 152, 0, '2018-03-29 17:50:43', 0, 'Отсутствовал на занятии'),
(2993, 152, 0, '2018-04-02 16:50:34', 0, 'Присутствовал на занятии'),
(2994, 152, 1, '2018-04-02 16:50:34', 3000, ''),
(2995, 152, 0, '2018-04-03 13:44:15', 3000, 'Оплата индивидуального пакета'),
(2996, 152, 0, '2018-04-05 18:48:20', 0, 'Присутствовал на занятии'),
(2997, 152, 0, '2018-04-09 17:51:13', 0, 'Присутствовал на занятии'),
(2998, 152, 0, '2018-04-12 19:53:56', 0, 'Присутствовал на занятии'),
(2999, 152, 0, '2018-04-16 18:50:58', 0, 'Присутствовал на занятии'),
(3000, 152, 0, '2018-04-19 18:05:13', 0, 'Присутствовал на занятии'),
(3001, 153, 0, '2017-12-31 00:57:41', 0, 'Присутствовал на занятии'),
(3002, 153, 0, '2017-12-31 00:57:44', 0, 'Присутствовал на занятии'),
(3003, 153, 1, '2018-01-27 17:27:58', 800, ''),
(3004, 153, 0, '2018-01-28 14:12:14', 400, 'Оплата индивидуального пакета'),
(3005, 153, 0, '2018-01-28 14:12:20', 400, 'Оплата индивидуального пакета'),
(3006, 156, 0, '2018-01-09 18:44:08', 0, 'Присутствовал на занятии');
INSERT INTO `Payment` (`id`, `user`, `type`, `datetime`, `value`, `description`) VALUES
(3007, 156, 1, '2018-01-11 16:07:16', 1, ''),
(3008, 156, 0, '2018-01-11 16:07:38', 1, 'Оплата индивидуального пакета'),
(3009, 156, 0, '2018-01-16 18:34:19', 0, 'Присутствовал на занятии'),
(3010, 156, 0, '2018-01-16 19:44:12', 0, 'Присутствовал на занятии'),
(3011, 157, 0, '2018-01-20 11:29:13', 0, 'Присутствовал на занятии'),
(3012, 157, 1, '2018-01-20 11:29:13', 3000, ''),
(3013, 157, 0, '2018-01-20 12:10:41', 3000, 'Оплата индивидуального пакета'),
(3014, 157, 0, '2018-01-27 11:31:13', 0, 'Присутствовал на занятии'),
(3015, 157, 0, '2018-02-01 17:27:16', 0, 'Присутствовал на занятии'),
(3016, 157, 0, '2018-02-10 13:54:07', 0, 'Присутствовал на занятии'),
(3017, 157, 0, '2018-02-17 11:33:05', 0, 'Присутствовал на занятии'),
(3018, 157, 0, '2018-02-24 12:26:39', 0, 'Присутствовал на занятии'),
(3019, 157, 0, '2018-03-03 16:22:24', 0, 'Присутствовал на занятии'),
(3020, 157, 0, '2018-03-10 12:10:31', 0, 'Присутствовал на занятии'),
(3021, 157, 1, '2018-03-17 12:09:23', 3000, 'сегодня первый урок по новому абонементу'),
(3022, 157, 0, '2018-03-17 12:09:51', 3000, 'Оплата индивидуального пакета'),
(3023, 157, 0, '2018-03-17 12:23:13', 0, 'Присутствовал на занятии'),
(3024, 157, 0, '2018-03-24 12:18:30', 0, 'Присутствовал на занятии'),
(3025, 157, 0, '2018-03-31 12:17:47', 0, 'Присутствовал на занятии'),
(3026, 157, 0, '2018-04-07 11:52:14', 0, 'Присутствовал на занятии'),
(3027, 157, 0, '2018-04-14 13:28:31', 0, 'Присутствовал на занятии'),
(3028, 158, 0, '2018-01-14 13:05:23', 0, 'Присутствовал на занятии'),
(3029, 158, 0, '2018-01-21 15:59:32', 0, 'Присутствовал на занятии'),
(3030, 158, 1, '2018-01-21 15:59:32', 2000, ''),
(3031, 158, 0, '2018-01-21 16:28:57', 2000, 'Оплата индивидуального пакета'),
(3032, 158, 0, '2018-01-28 13:23:39', 0, 'Присутствовал на занятии'),
(3033, 158, 0, '2018-02-04 13:25:59', 0, 'Присутствовал на занятии'),
(3034, 158, 0, '2018-02-11 13:52:08', 0, 'Присутствовал на занятии'),
(3035, 158, 0, '2018-02-25 12:54:52', 0, 'Присутствовал на занятии'),
(3036, 158, 1, '2018-03-04 13:04:46', 2000, 'сегодня было второе занятие по абонементу'),
(3037, 158, 1, '2018-03-04 13:42:22', 1, 'Запись считать приоритетной. Корректировка ошибочного списания занятия. Первое занятие по абонементу считать с сегодня'),
(3038, 158, 0, '2018-03-04 13:43:16', 1, 'Оплата индивидуального пакета'),
(3039, 158, 0, '2018-03-04 13:43:39', 2000, 'Оплата индивидуального пакета'),
(3040, 158, 0, '2018-03-04 15:16:37', 0, 'Присутствовал на занятии'),
(3041, 158, 0, '2018-04-15 13:46:55', 0, 'Присутствовал на занятии'),
(3042, 159, 0, '2018-01-09 19:28:47', 0, 'Отсутствовал на занятии'),
(3043, 159, 1, '2018-01-16 18:14:08', 3000, ''),
(3044, 159, 0, '2018-01-16 18:14:50', 3000, 'Оплата индивидуального пакета'),
(3045, 159, 0, '2018-01-16 19:04:31', 0, 'Присутствовал на занятии'),
(3046, 159, 0, '2018-01-23 22:38:55', 0, 'Присутствовал на занятии'),
(3047, 159, 0, '2018-02-06 18:56:26', 0, 'Присутствовал на занятии'),
(3048, 159, 0, '2018-02-13 19:11:30', 0, 'Присутствовал на занятии'),
(3049, 159, 0, '2018-02-20 18:54:48', 0, 'Присутствовал на занятии'),
(3050, 159, 1, '2018-02-27 18:14:45', 200, 'компенсация за пропуск 9 января'),
(3051, 159, 1, '2018-02-27 18:14:48', 200, 'компенсация за пропуск 9 января'),
(3052, 159, 0, '2018-02-27 18:57:22', 0, 'Присутствовал на занятии'),
(3053, 159, 1, '2018-03-04 17:01:45', -200, 'корректировка'),
(3054, 159, 0, '2018-03-06 19:06:06', 0, 'Присутствовал на занятии'),
(3055, 159, 0, '2018-03-13 18:25:35', 0, 'Присутствовал на занятии'),
(3056, 159, 0, '2018-03-15 12:33:28', 200, 'Оплата индивидуального пакета'),
(3057, 160, 0, '2018-01-09 20:11:20', 0, 'Планирует ходить 2 раза в неделю'),
(3058, 160, 1, '2018-01-09 20:11:20', 3000, 'Планирует ходить 2 раза в неделю'),
(3059, 160, 0, '2018-01-10 12:44:34', 3000, 'Оплата индивидуального пакета'),
(3060, 160, 0, '2018-01-17 19:00:11', 0, 'Присутствовал на занятии'),
(3061, 160, 0, '2018-01-19 19:59:22', 0, 'Отсутствовал на занятии'),
(3062, 160, 0, '2018-01-20 17:35:40', 0, 'Отсутствовал на занятии'),
(3063, 160, 0, '2018-01-24 18:54:42', 0, 'Присутствовал на занятии'),
(3064, 160, 0, '2018-01-27 19:34:36', 0, 'Присутствовал на занятии'),
(3065, 160, 0, '2018-01-31 18:52:03', 0, 'Присутствовал на занятии'),
(3066, 160, 0, '2018-02-03 18:19:41', 0, 'Присутствовал на занятии'),
(3067, 160, 0, '2018-02-07 18:08:39', 0, 'Присутствовал на занятии'),
(3068, 160, 0, '2018-02-10 17:08:01', 0, 'Присутствовал на занятии'),
(3069, 160, 1, '2018-02-10 17:08:01', 3000, ''),
(3070, 160, 0, '2018-02-11 13:44:24', 3000, 'Оплата индивидуального пакета'),
(3071, 160, 0, '2018-02-14 18:19:44', 0, 'Присутствовал на занятии'),
(3072, 160, 0, '2018-02-17 18:08:55', 0, 'Присутствовал на занятии'),
(3073, 160, 0, '2018-02-21 18:44:36', 0, 'Присутствовал на занятии'),
(3074, 160, 0, '2018-02-24 16:07:20', 0, 'Присутствовал на занятии'),
(3075, 160, 0, '2018-02-28 19:10:20', 0, 'Присутствовал на занятии'),
(3076, 160, 0, '2018-03-03 18:05:44', 0, 'Присутствовал на занятии'),
(3077, 160, 0, '2018-03-07 19:08:20', 0, 'Присутствовал на занятии'),
(3078, 160, 0, '2018-03-10 18:04:22', 0, 'Присутствовал на занятии'),
(3079, 160, 1, '2018-03-14 14:39:40', 3000, 'на 13.03 -1 занятие'),
(3080, 160, 0, '2018-03-14 14:41:31', 3000, 'Оплата индивидуального пакета'),
(3081, 160, 0, '2018-03-14 19:00:33', 0, 'Присутствовал на занятии'),
(3082, 160, 0, '2018-03-17 18:08:55', 0, 'Присутствовал на занятии'),
(3083, 160, 0, '2018-03-21 18:02:14', 0, 'Присутствовал на занятии'),
(3084, 160, 0, '2018-03-24 17:58:48', 0, 'Присутствовал на занятии'),
(3085, 160, 0, '2018-03-27 20:31:23', 0, 'Присутствовал на занятии'),
(3086, 160, 0, '2018-03-30 19:00:45', 0, 'Присутствовал на занятии'),
(3087, 160, 0, '2018-04-04 19:10:16', 0, 'Присутствовал на занятии'),
(3088, 160, 0, '2018-04-07 17:56:48', 0, 'Присутствовал на занятии'),
(3089, 160, 1, '2018-04-10 10:21:25', 3000, 'на 10.04 на остатке -1 индив.'),
(3090, 160, 0, '2018-04-10 22:14:58', 2800, 'Оплата индивидуального пакета'),
(3091, 160, 0, '2018-04-11 17:56:56', 0, 'Присутствовал на занятии'),
(3092, 160, 1, '2018-04-12 12:49:12', 200, 'доплата за обонемент'),
(3093, 160, 0, '2018-04-12 13:24:28', 400, 'Оплата индивидуального пакета'),
(3094, 160, 0, '2018-04-14 17:54:07', 0, 'Отсутствовал на занятии'),
(3095, 160, 0, '2018-04-18 17:57:42', 0, 'Присутствовал на занятии'),
(3096, 161, 1, '2018-01-12 15:34:08', 1, ''),
(3097, 161, 0, '2018-01-12 15:34:48', 1, 'Оплата индивидуального пакета'),
(3098, 161, 0, '2018-01-12 18:36:17', 0, 'Присутствовал на занятии'),
(3099, 161, 1, '2018-01-18 22:58:09', 2000, ''),
(3100, 161, 0, '2018-01-19 15:36:22', 2000, 'Оплата индивидуального пакета'),
(3101, 161, 0, '2018-01-19 17:03:18', 0, 'Присутствовал на занятии'),
(3102, 161, 0, '2018-01-19 17:03:21', 0, 'Присутствовал на занятии'),
(3103, 161, 0, '2018-01-26 17:37:47', 0, 'Присутствовал на занятии'),
(3104, 161, 0, '2018-02-09 16:42:48', 0, 'Присутствовал на занятии'),
(3105, 161, 0, '2018-03-02 19:08:48', 0, 'Присутствовал на занятии'),
(3106, 161, 1, '2018-03-08 17:04:13', 2000, 'на момент оплаты было по нулям'),
(3107, 161, 0, '2018-03-08 20:19:38', 2000, 'Оплата индивидуального пакета'),
(3108, 161, 0, '2018-03-09 18:21:15', 0, 'Присутствовал на занятии'),
(3109, 161, 0, '2018-03-16 18:55:09', 0, 'Присутствовал на занятии'),
(3110, 161, 0, '2018-03-23 17:59:36', 0, 'Присутствовал на занятии'),
(3111, 161, 0, '2018-03-30 19:01:42', 0, 'Присутствовал на занятии'),
(3112, 161, 0, '2018-04-06 18:01:50', 0, 'Присутствовал на занятии'),
(3113, 163, 1, '2018-01-11 18:28:42', 1200, ''),
(3114, 163, 0, '2018-01-12 17:11:22', 1200, 'Оплата индивидуального пакета'),
(3115, 163, 0, '2018-01-12 18:35:56', 0, 'Присутствовал на занятии'),
(3116, 163, 0, '2018-01-19 17:03:12', 0, 'Присутствовал на занятии'),
(3117, 163, 0, '2018-01-26 17:37:39', 0, 'Присутствовал на занятии'),
(3118, 163, 1, '2018-02-07 22:05:30', 800, ''),
(3119, 163, 0, '2018-02-08 12:12:03', 400, 'Оплата индивидуального пакета'),
(3120, 163, 0, '2018-02-08 12:12:17', 400, 'Оплата индивидуального пакета'),
(3121, 163, 0, '2018-02-09 16:42:43', 0, 'Присутствовал на занятии'),
(3122, 163, 0, '2018-03-02 20:43:37', 0, 'Присутствовал на занятии'),
(3123, 163, 1, '2018-03-16 13:29:44', 1200, 'первое занятие сегодня'),
(3124, 163, 0, '2018-03-16 18:54:51', 0, 'Присутствовал на занятии'),
(3125, 163, 0, '2018-03-16 19:09:00', 1200, 'Оплата индивидуального пакета'),
(3126, 163, 0, '2018-03-23 17:59:14', 0, 'Присутствовал на занятии'),
(3127, 163, 0, '2018-03-30 19:01:23', 0, 'Присутствовал на занятии'),
(3128, 163, 0, '2018-04-06 18:01:03', 0, 'Присутствовал на занятии'),
(3129, 163, 1, '2018-04-06 18:03:23', 1, 'корректировка баланса'),
(3130, 163, 0, '2018-04-06 18:04:11', 1, 'Оплата индивидуального пакета'),
(3131, 163, 0, '2018-04-06 18:38:39', 0, 'Отсутствовал на занятии'),
(3132, 163, 0, '2018-04-06 18:40:03', 0, 'Отсутствовал на занятии'),
(3133, 163, 0, '2018-04-06 18:42:26', 1, 'Оплата индивидуального пакета'),
(3134, 163, 0, '2018-04-06 18:42:50', 1, 'Оплата индивидуального пакета'),
(3135, 163, 1, '2018-04-06 18:44:19', 2, ''),
(3136, 163, 0, '2018-04-20 23:08:44', 0, 'Присутствовал на занятии'),
(3137, 164, 0, '2018-01-11 17:55:17', 0, 'Присутствовал на занятии'),
(3138, 164, 1, '2018-01-11 17:55:17', 2000, ''),
(3139, 164, 0, '2018-01-12 14:40:51', 2000, 'Оплата индивидуального пакета'),
(3140, 164, 0, '2018-01-15 14:54:39', 0, 'Присутствовал на занятии'),
(3141, 164, 0, '2018-01-16 16:59:10', 0, 'Присутствовал на занятии'),
(3142, 164, 0, '2018-01-18 15:40:46', 0, 'Присутствовал на занятии'),
(3143, 164, 1, '2018-01-22 13:22:50', 1, ''),
(3144, 164, 0, '2018-01-22 13:24:24', 1, 'Оплата индивидуального пакета'),
(3145, 164, 0, '2018-01-22 15:39:30', 0, 'Присутствовал на занятии'),
(3146, 164, 1, '2018-01-22 21:25:12', 500, ''),
(3147, 164, 0, '2018-01-24 20:35:21', 500, 'Оплата индивидуального пакета'),
(3148, 164, 0, '2018-01-25 15:39:36', 0, 'Присутствовал на занятии'),
(3149, 164, 0, '2018-01-29 19:00:21', 0, 'Присутствовал на занятии'),
(3150, 165, 1, '2018-01-13 15:57:41', 2000, ''),
(3151, 165, 0, '2018-01-13 15:58:15', 2000, 'Оплата индивидуального пакета'),
(3152, 165, 0, '2018-01-13 16:57:09', 0, 'Присутствовал на занятии'),
(3153, 165, 0, '2018-01-20 17:05:07', 0, 'Присутствовал на занятии'),
(3154, 165, 0, '2018-02-03 17:15:10', 0, 'Присутствовал на занятии'),
(3155, 165, 0, '2018-02-17 16:47:27', 0, 'Присутствовал на занятии'),
(3156, 165, 0, '2018-02-17 17:06:21', 0, 'Присутствовал на занятии'),
(3157, 166, 1, '2018-01-09 19:20:05', 1, ''),
(3158, 166, 0, '2018-01-09 19:21:49', 1, 'Оплата индивидуального пакета'),
(3159, 166, 0, '2018-01-11 16:18:48', 0, 'Присутствовал на занятии'),
(3160, 167, 1, '2018-01-11 17:10:37', 3000, ''),
(3161, 167, 0, '2018-01-11 17:11:26', 3000, 'Оплата индивидуального пакета'),
(3162, 167, 0, '2018-01-11 18:11:19', 0, 'Присутствовал на занятии'),
(3163, 167, 0, '2018-01-15 15:58:35', 0, 'Присутствовал на занятии'),
(3164, 167, 0, '2018-01-18 20:06:06', 0, 'Присутствовал на занятии'),
(3165, 167, 0, '2018-01-22 13:28:50', 0, 'Присутствовал на занятии'),
(3166, 167, 0, '2018-01-25 18:03:58', 0, 'Присутствовал на занятии'),
(3167, 167, 0, '2018-01-29 14:46:49', 0, 'Присутствовал на занятии'),
(3168, 167, 1, '2018-02-01 17:26:17', 3000, ''),
(3169, 167, 0, '2018-02-01 18:05:53', 0, 'Присутствовал на занятии'),
(3170, 167, 0, '2018-02-02 12:38:10', 3000, 'Оплата индивидуального пакета'),
(3171, 167, 0, '2018-02-07 13:17:32', 0, 'Присутствовал на занятии'),
(3172, 167, 0, '2018-02-14 13:59:50', 0, 'Присутствовал на занятии'),
(3173, 167, 0, '2018-02-19 11:19:05', 0, 'Отсутствовал на занятии'),
(3174, 167, 1, '2018-02-21 11:01:31', 200, '21,02 Ая заболела отмена урока'),
(3175, 167, 0, '2018-02-28 13:03:59', 0, 'Присутствовал на занятии'),
(3176, 167, 0, '2018-03-07 15:12:42', 0, 'Присутствовал на занятии'),
(3177, 167, 0, '2018-03-14 13:17:24', 0, 'Присутствовал на занятии'),
(3178, 167, 0, '2018-03-14 22:53:21', 0, 'Отсутствовал на занятии'),
(3179, 167, 0, '2018-03-21 14:33:10', 0, 'Присутствовал на занятии'),
(3180, 167, 0, '2018-03-28 12:55:24', 0, 'Присутствовал на занятии'),
(3181, 167, 1, '2018-04-04 13:04:23', 3000, 'отсчет абонемента со следующего урока начнется'),
(3182, 167, 0, '2018-04-04 13:06:27', 3200, 'Оплата индивидуального пакета'),
(3183, 167, 0, '2018-04-04 16:00:46', 0, 'Присутствовал на занятии'),
(3184, 167, 0, '2018-04-18 14:34:27', 0, 'Присутствовал на занятии'),
(3185, 168, 0, '2018-01-10 18:38:07', 0, 'Присутствовал на занятии'),
(3186, 168, 0, '2018-01-21 15:11:13', 0, 'Присутствовал на занятии'),
(3187, 168, 0, '2018-01-28 15:09:08', 0, 'Присутствовал на занятии'),
(3188, 168, 1, '2018-02-05 10:38:27', 3, ''),
(3189, 168, 0, '2018-02-05 10:40:11', 1, 'Оплата индивидуального пакета'),
(3190, 168, 0, '2018-02-11 13:02:01', 0, 'Присутствовал на занятии'),
(3191, 168, 0, '2018-02-18 16:29:08', 0, 'Присутствовал на занятии'),
(3192, 168, 0, '2018-03-04 21:35:44', 1, 'Оплата индивидуального пакета'),
(3193, 168, 0, '2018-03-07 16:28:44', 0, 'Присутствовал на занятии'),
(3194, 168, 0, '2018-03-28 15:31:16', 0, 'Присутствовал на занятии'),
(3195, 168, 0, '2018-04-01 17:31:38', 1, 'Оплата индивидуального пакета'),
(3196, 169, 0, '2018-01-11 18:32:43', 0, 'Присутствовал на занятии'),
(3197, 169, 0, '2018-01-24 19:42:13', 0, 'Присутствовал на занятии'),
(3198, 169, 0, '2018-02-01 14:32:12', 0, 'Присутствовал на занятии'),
(3199, 169, 1, '2018-02-05 10:38:09', 2, ''),
(3200, 169, 0, '2018-02-05 10:40:58', 1, 'Оплата индивидуального пакета'),
(3201, 169, 0, '2018-02-07 16:34:27', 0, 'Присутствовал на занятии'),
(3202, 169, 0, '2018-02-14 14:41:13', 0, 'Присутствовал на занятии'),
(3203, 169, 0, '2018-02-22 15:30:26', 0, 'Присутствовал на занятии'),
(3204, 169, 0, '2018-03-01 16:05:20', 0, 'Присутствовал на занятии'),
(3205, 169, 0, '2018-03-04 12:52:38', 0, 'Присутствовал на занятии'),
(3206, 169, 0, '2018-03-04 21:36:10', 1, 'Оплата индивидуального пакета'),
(3207, 169, 0, '2018-03-21 15:25:03', 0, 'Присутствовал на занятии'),
(3208, 169, 0, '2018-03-31 15:00:21', 0, 'Присутствовал на занятии'),
(3209, 169, 1, '2018-04-01 17:29:25', 1, ''),
(3210, 169, 0, '2018-04-01 17:31:44', 1, 'Оплата индивидуального пакета'),
(3211, 169, 0, '2018-04-05 19:42:42', 0, 'Присутствовал на занятии'),
(3212, 169, 0, '2018-04-12 16:39:50', 0, 'Присутствовал на занятии'),
(3213, 169, 0, '2018-04-19 15:57:11', 0, 'Присутствовал на занятии'),
(3214, 170, 0, '2018-01-19 20:00:18', 0, 'Сегодня был первый полноценный урок'),
(3215, 170, 1, '2018-01-19 20:00:18', 2000, 'Сегодня был первый полноценный урок'),
(3216, 170, 1, '2018-01-20 12:10:09', -2000, 'за Павла, ученика Сайганова'),
(3217, 170, 0, '2018-01-21 15:24:02', 0, 'Присутствовал на занятии'),
(3218, 170, 0, '2018-01-21 15:25:47', 0, 'Присутствовал на занятии'),
(3219, 170, 0, '2018-01-21 15:30:15', 0, 'Присутствовал на занятии'),
(3220, 170, 0, '2018-01-21 18:43:23', 0, 'Присутствовал на занятии'),
(3221, 170, 1, '2018-01-21 18:43:23', 2000, ''),
(3222, 170, 1, '2018-01-21 20:22:19', -2000, 'некорректный ввод'),
(3223, 170, 0, '2018-01-23 19:26:40', 0, 'Присутствовал на занятии'),
(3224, 170, 0, '2018-01-24 20:49:55', 0, 'Присутствовал на занятии'),
(3225, 170, 0, '2018-01-24 20:50:02', 0, 'Присутствовал на занятии'),
(3226, 170, 1, '2018-01-26 15:36:53', 1, ''),
(3227, 170, 0, '2018-01-27 17:00:05', 0, 'Оплата индивидуального пакета'),
(3228, 170, 0, '2018-01-27 19:34:26', 0, 'Присутствовал на занятии'),
(3229, 170, 0, '2018-02-02 12:41:57', 0, 'Оплата индивидуального пакета'),
(3230, 170, 0, '2018-02-10 17:07:11', 0, 'Присутствовал на занятии'),
(3231, 170, 1, '2018-02-10 17:07:11', 3000, ''),
(3232, 170, 1, '2018-02-10 18:47:29', -3000, ''),
(3233, 170, 0, '2018-02-26 19:07:57', 0, 'Присутствовал на занятии'),
(3234, 170, 0, '2018-03-02 19:06:27', 1, 'Оплата индивидуального пакета'),
(3235, 170, 1, '2018-03-14 10:41:39', 200, ''),
(3236, 170, 0, '2018-03-14 10:42:27', 200, 'Оплата индивидуального пакета'),
(3237, 170, 1, '2018-03-14 18:40:13', 200, ''),
(3238, 170, 0, '2018-03-14 18:41:04', 200, 'Оплата индивидуального пакета'),
(3239, 170, 0, '2018-03-24 17:07:42', 0, 'урок проведён'),
(3240, 170, 0, '2018-03-26 17:50:07', 0, 'позвонить'),
(3241, 170, 1, '2018-03-26 17:50:07', 9, 'позвонить'),
(3242, 170, 0, '2018-03-26 17:54:11', 1, 'Оплата индивидуального пакета'),
(3243, 170, 0, '2018-04-04 16:06:52', 0, 'Присутствовал на занятии'),
(3244, 170, 0, '2018-04-04 18:53:10', 1, 'Оплата индивидуального пакета'),
(3245, 170, 0, '2018-04-07 15:12:52', 0, 'Присутствовал на занятии'),
(3246, 170, 0, '2018-04-07 16:04:45', 1, 'Оплата индивидуального пакета'),
(3247, 170, 0, '2018-04-13 18:07:12', 0, 'Присутствовал на занятии'),
(3248, 170, 0, '2018-04-13 18:07:36', 0, 'Присутствовал на занятии'),
(3249, 170, 0, '2018-04-13 18:08:07', 0, 'Присутствовал на занятии'),
(3250, 170, 0, '2018-04-13 19:47:26', 0, 'Присутствовал на занятии'),
(3251, 170, 0, '2018-04-14 22:04:10', 1, 'Оплата индивидуального пакета'),
(3252, 171, 0, '2018-01-20 16:44:58', 0, 'Присутствовал на занятии'),
(3253, 171, 1, '2018-01-20 16:44:58', 3000, ''),
(3254, 171, 0, '2018-01-20 17:39:59', 3000, 'Оплата индивидуального пакета'),
(3255, 171, 0, '2018-02-10 17:08:43', 0, 'Присутствовал на занятии'),
(3256, 171, 0, '2018-02-14 18:38:12', 0, 'Присутствовал на занятии'),
(3257, 171, 0, '2018-02-17 18:08:20', 0, 'Присутствовал на занятии'),
(3258, 171, 0, '2018-02-21 19:00:10', 0, 'Присутствовал на занятии'),
(3259, 171, 0, '2018-02-24 16:04:24', 0, 'Присутствовал на занятии'),
(3260, 171, 0, '2018-03-03 18:05:08', 0, 'Присутствовал на занятии'),
(3261, 171, 0, '2018-03-10 18:01:31', 0, 'Присутствовал на занятии'),
(3262, 171, 0, '2018-03-17 14:33:29', 0, 'Отсутствовал на занятии'),
(3263, 172, 1, '2018-01-14 14:46:45', 2000, ''),
(3264, 172, 0, '2018-01-14 14:47:16', 2000, 'Оплата индивидуального пакета'),
(3265, 172, 0, '2018-01-14 15:52:35', 0, 'Присутствовал на занятии'),
(3266, 172, 0, '2018-01-21 16:00:24', 0, 'Присутствовал на занятии'),
(3267, 172, 0, '2018-01-28 15:06:51', 0, 'Присутствовал на занятии'),
(3268, 172, 0, '2018-02-04 15:19:59', 0, 'Присутствовал на занятии'),
(3269, 172, 0, '2018-02-11 16:10:02', 0, 'Присутствовал на занятии'),
(3270, 172, 0, '2018-02-18 18:00:32', 0, 'Присутствовал на занятии'),
(3271, 172, 0, '2018-02-25 17:06:45', 0, 'Присутствовал на занятии'),
(3272, 172, 1, '2018-03-04 14:46:14', 3000, 'сегодня было третье занятие по новому абонементу'),
(3273, 172, 0, '2018-03-04 14:47:32', 3000, 'Оплата индивидуального пакета'),
(3274, 172, 0, '2018-03-04 15:17:10', 0, 'Присутствовал на занятии'),
(3275, 172, 0, '2018-03-11 15:05:17', 0, 'Присутствовал на занятии'),
(3276, 172, 0, '2018-03-18 13:40:18', 0, 'Отсутствовал на занятии'),
(3277, 172, 0, '2018-03-25 15:09:10', 0, 'Присутствовал на занятии'),
(3278, 172, 0, '2018-04-01 16:44:34', 0, 'Присутствовал на занятии'),
(3279, 172, 0, '2018-04-15 15:04:56', 0, 'Присутствовал на занятии'),
(3280, 173, 1, '2018-01-13 15:13:29', 1000, ''),
(3281, 173, 0, '2018-01-13 15:15:43', 1000, 'Оплата группового пакета'),
(3282, 173, 0, '2018-01-13 17:21:31', 0, 'Присутствовал на занятии'),
(3283, 173, 0, '2018-01-16 18:33:43', 0, 'Присутствовал на занятии'),
(3284, 173, 0, '2018-01-22 19:01:32', 0, 'Присутствовал на занятии'),
(3285, 173, 0, '2018-02-03 15:01:48', 0, 'Присутствовал на занятии'),
(3286, 173, 1, '2018-02-12 18:39:50', 1000, ''),
(3287, 173, 0, '2018-02-12 19:51:10', 0, 'Присутствовал на занятии'),
(3288, 173, 0, '2018-02-15 14:12:35', 1000, 'Оплата группового пакета'),
(3289, 173, 0, '2018-02-15 19:30:27', 0, 'Присутствовал на занятии'),
(3290, 173, 1, '2018-02-28 13:27:13', 500, 'подарок от игоря'),
(3291, 173, 0, '2018-02-28 13:52:35', 500, 'Оплата индивидуального пакета'),
(3292, 173, 0, '2018-03-03 19:01:47', 0, 'Присутствовал на занятии'),
(3293, 173, 0, '2018-03-13 18:53:27', 0, 'Присутствовал на занятии'),
(3294, 173, 0, '2018-03-20 16:05:10', 0, 'Присутствовал на занятии'),
(3295, 174, 1, '2018-01-13 15:16:56', 1000, ''),
(3296, 174, 0, '2018-01-13 17:01:55', 1000, 'Оплата группового пакета'),
(3297, 174, 0, '2018-01-13 17:21:31', 0, 'Присутствовал на занятии'),
(3298, 174, 0, '2018-01-16 18:33:43', 0, 'Присутствовал на занятии'),
(3299, 174, 0, '2018-01-22 19:01:32', 0, 'Присутствовал на занятии'),
(3300, 174, 0, '2018-02-03 15:01:48', 0, 'Присутствовал на занятии'),
(3301, 174, 0, '2018-02-12 19:51:10', 0, 'Присутствовал на занятии'),
(3302, 174, 1, '2018-02-15 18:36:16', 1000, ''),
(3303, 174, 0, '2018-02-15 18:36:48', 1000, 'Оплата группового пакета'),
(3304, 174, 0, '2018-02-15 19:30:27', 0, 'Присутствовал на занятии'),
(3305, 174, 0, '2018-03-13 18:53:27', 0, 'Присутствовал на занятии'),
(3306, 174, 0, '2018-03-20 16:05:10', 0, 'Присутствовал на занятии'),
(3307, 175, 1, '2018-01-20 15:15:51', 3000, ''),
(3308, 175, 0, '2018-01-20 15:24:24', 3000, 'Оплата индивидуального пакета'),
(3309, 175, 0, '2018-01-20 17:01:07', 0, 'Присутствовал на занятии'),
(3310, 175, 0, '2018-01-20 17:01:17', 0, 'Присутствовал на занятии'),
(3311, 175, 0, '2018-01-27 17:10:58', 0, 'Присутствовал на занятии'),
(3312, 175, 0, '2018-01-27 17:11:05', 0, 'Присутствовал на занятии'),
(3313, 175, 0, '2018-02-03 15:02:38', 0, 'Присутствовал на занятии'),
(3314, 175, 0, '2018-02-03 15:02:48', 0, 'Присутствовал на занятии'),
(3315, 175, 0, '2018-02-11 14:55:00', 0, 'Присутствовал на занятии'),
(3316, 175, 0, '2018-02-11 14:56:28', 0, 'Присутствовал на занятии'),
(3317, 175, 1, '2018-02-17 14:55:04', 3000, 'сегодня первый урок по новому абонементу'),
(3318, 175, 0, '2018-02-17 15:04:13', 3000, 'Оплата индивидуального пакета'),
(3319, 175, 0, '2018-02-17 15:25:31', 0, 'Присутствовал на занятии'),
(3320, 175, 0, '2018-02-17 15:25:36', 0, 'Присутствовал на занятии'),
(3321, 175, 0, '2018-02-24 17:59:17', 0, 'Присутствовал на занятии'),
(3322, 175, 0, '2018-02-24 17:59:29', 0, 'Присутствовал на занятии'),
(3323, 175, 0, '2018-03-03 17:57:43', 0, 'Присутствовал на занятии'),
(3324, 175, 0, '2018-03-10 14:13:58', 0, 'Присутствовал на занятии'),
(3325, 175, 0, '2018-03-17 14:02:04', 0, 'Присутствовал на занятии'),
(3326, 175, 0, '2018-03-24 15:08:40', 0, 'Присутствовал на занятии'),
(3327, 175, 1, '2018-03-31 15:00:33', 3000, 'сегодня первый урок по новому абонементу  '),
(3328, 175, 0, '2018-03-31 15:02:30', 0, 'Присутствовал на занятии'),
(3329, 175, 1, '2018-03-31 16:14:51', 3000, 'первое занятие сегодня'),
(3330, 175, 0, '2018-03-31 16:15:50', 3000, 'Оплата индивидуального пакета'),
(3331, 175, 1, '2018-03-31 16:19:27', -3000, 'корректировка ошибочного зачисления'),
(3332, 175, 0, '2018-04-07 15:03:24', 0, 'Присутствовал на занятии'),
(3333, 175, 0, '2018-04-14 15:21:25', 0, 'Присутствовал на занятии'),
(3334, 176, 0, '2018-01-15 20:18:24', 0, 'Присутствовал на занятии'),
(3335, 176, 1, '2018-01-16 15:06:43', 3000, ''),
(3336, 176, 0, '2018-01-16 15:06:58', 3000, 'Оплата индивидуального пакета'),
(3337, 176, 0, '2018-01-20 17:03:24', 0, 'Присутствовал на занятии'),
(3338, 176, 0, '2018-01-23 19:51:33', 0, 'Присутствовал на занятии'),
(3339, 176, 0, '2018-01-27 16:52:44', 0, 'Присутствовал на занятии'),
(3340, 176, 0, '2018-01-30 18:31:32', 0, 'Отсутствовал на занятии'),
(3341, 176, 0, '2018-02-03 11:58:30', 0, 'Присутствовал на занятии'),
(3342, 176, 0, '2018-02-10 17:22:48', 0, 'Отсутствовал на занятии'),
(3343, 176, 0, '2018-02-17 14:48:22', 0, 'Отсутствовал на занятии'),
(3344, 177, 1, '2018-01-16 16:21:02', 2000, ''),
(3345, 177, 0, '2018-01-16 16:58:06', 0, 'Присутствовал на занятии'),
(3346, 177, 0, '2018-01-18 16:32:13', 2000, 'Оплата индивидуального пакета'),
(3347, 177, 0, '2018-01-21 19:22:05', 0, 'Присутствовал на занятии'),
(3348, 177, 0, '2018-01-22 19:38:23', 0, 'Присутствовал на занятии'),
(3349, 177, 0, '2018-01-28 13:07:55', 0, 'Присутствовал на занятии'),
(3350, 177, 0, '2018-01-29 19:00:50', 0, 'Присутствовал на занятии'),
(3351, 177, 0, '2018-02-05 18:53:36', 0, 'Присутствовал на занятии'),
(3352, 177, 1, '2018-02-05 18:53:36', 2000, ''),
(3353, 177, 0, '2018-02-06 17:08:16', 2000, 'Оплата индивидуального пакета'),
(3354, 177, 0, '2018-02-11 14:54:26', 0, 'Присутствовал на занятии'),
(3355, 177, 0, '2018-02-12 19:15:08', 0, 'Присутствовал на занятии'),
(3356, 177, 0, '2018-02-18 15:52:57', 0, 'Отсутствовал на занятии'),
(3357, 177, 0, '2018-02-19 17:02:56', 0, 'Отсутствовал на занятии'),
(3358, 177, 0, '2018-02-25 14:59:16', 0, 'Отсутствовал на занятии'),
(3359, 177, 0, '2018-02-26 18:32:06', 0, 'Отсутствовал на занятии'),
(3360, 177, 1, '2018-03-03 17:14:41', 1, 'корректировка ошибочного списания занятия'),
(3361, 177, 0, '2018-03-03 17:15:09', 1, 'Оплата индивидуального пакета'),
(3362, 177, 0, '2018-03-05 18:55:45', 0, 'Присутствовал на занятии'),
(3363, 177, 0, '2018-03-12 18:57:08', 0, 'Присутствовал на занятии'),
(3364, 177, 1, '2018-03-12 18:57:08', 2000, ''),
(3365, 177, 0, '2018-03-12 22:45:20', 2000, 'Оплата индивидуального пакета'),
(3366, 177, 0, '2018-03-19 18:57:43', 0, 'Присутствовал на занятии'),
(3367, 177, 0, '2018-04-02 18:57:44', 0, 'Присутствовал на занятии'),
(3368, 177, 0, '2018-04-09 19:01:48', 0, 'Присутствовал на занятии'),
(3369, 177, 0, '2018-04-16 18:52:13', 0, 'Присутствовал на занятии'),
(3370, 178, 0, '2018-02-01 12:29:53', 0, 'Присутствовал на занятии'),
(3371, 178, 1, '2018-02-05 10:46:45', 1, ''),
(3372, 178, 0, '2018-02-05 10:47:20', 1, 'Оплата индивидуального пакета'),
(3373, 178, 0, '2018-02-07 14:08:58', 0, 'Отсутствовал на занятии'),
(3374, 178, 0, '2018-02-07 14:10:36', 0, 'Отсутствовал на занятии'),
(3375, 178, 0, '2018-02-08 12:01:36', 0, 'Отсутствовал на занятии'),
(3376, 178, 1, '2018-03-02 19:01:32', 1, ''),
(3377, 178, 0, '2018-03-02 19:03:58', 1, 'Оплата индивидуального пакета'),
(3378, 179, 1, '2018-01-15 14:55:24', 1, 'занятие по сертификату 41'),
(3379, 179, 0, '2018-01-15 14:56:21', 1, 'Оплата индивидуального пакета'),
(3380, 179, 0, '2018-01-16 21:47:57', 0, 'Присутствовал на занятии'),
(3381, 180, 0, '2018-01-18 18:05:57', 0, 'Присутствовал на занятии'),
(3382, 180, 0, '2018-01-21 19:20:50', 0, 'Присутствовал на занятии'),
(3383, 180, 1, '2018-01-21 19:20:50', 2000, ''),
(3384, 180, 0, '2018-01-21 20:34:45', 2000, 'Оплата индивидуального пакета'),
(3385, 180, 0, '2018-01-25 15:39:08', 0, 'Присутствовал на занятии'),
(3386, 180, 0, '2018-01-28 18:24:42', 0, 'Присутствовал на занятии'),
(3387, 180, 0, '2018-02-11 18:21:58', 0, 'Присутствовал на занятии'),
(3388, 180, 0, '2018-02-18 17:36:22', 0, 'Присутствовал на занятии'),
(3389, 180, 0, '2018-02-25 18:10:50', 0, 'Присутствовал на занятии'),
(3390, 180, 0, '2018-03-04 18:38:49', 0, 'Присутствовал на занятии'),
(3391, 180, 1, '2018-03-04 18:38:49', 3000, ''),
(3392, 180, 1, '2018-03-04 21:25:47', 1, 'корректировка, одно занятие от текущего абонемента передается Елизавете, чтоб балансы списывались одинаково, у каждого остается по 6 уроков на 05.03'),
(3393, 180, 0, '2018-03-04 21:29:41', 3001, 'Оплата индивидуального пакета'),
(3394, 180, 0, '2018-03-11 18:36:23', 0, 'Присутствовал на занятии'),
(3395, 180, 0, '2018-03-18 19:57:55', 0, 'Присутствовал на занятии'),
(3396, 180, 0, '2018-03-25 15:26:23', 0, 'Отсутствовал на занятии'),
(3397, 180, 0, '2018-04-01 18:24:21', 0, 'Присутствовал на занятии'),
(3398, 180, 0, '2018-04-08 18:10:37', 0, 'Присутствовал на занятии'),
(3399, 180, 0, '2018-04-15 13:24:50', 0, 'Отсутствовал на занятии'),
(3400, 181, 0, '2018-01-21 19:17:07', 0, 'Присутствовал на занятии'),
(3401, 181, 1, '2018-01-21 19:17:07', 3000, ''),
(3402, 181, 1, '2018-01-21 20:20:00', -1000, 'корректировка ошибочного ввода'),
(3403, 181, 0, '2018-01-21 20:31:12', 2000, 'Оплата индивидуального пакета'),
(3404, 181, 0, '2018-01-28 18:25:18', 0, 'Присутствовал на занятии'),
(3405, 181, 0, '2018-02-11 18:20:59', 0, 'Присутствовал на занятии'),
(3406, 181, 0, '2018-02-18 17:35:56', 0, 'Присутствовал на занятии'),
(3407, 181, 0, '2018-02-25 18:10:18', 0, 'Присутствовал на занятии'),
(3408, 181, 0, '2018-03-04 18:40:29', 0, 'Присутствовал на занятии'),
(3409, 181, 1, '2018-03-04 18:40:29', 3000, ''),
(3410, 181, 0, '2018-03-04 21:30:08', 3000, 'Оплата индивидуального пакета'),
(3411, 181, 0, '2018-03-11 18:50:38', 0, 'Присутствовал на занятии'),
(3412, 181, 0, '2018-03-18 19:57:01', 0, 'Присутствовал на занятии'),
(3413, 181, 0, '2018-03-25 15:26:27', 0, 'Отсутствовал на занятии'),
(3414, 181, 0, '2018-04-01 18:24:56', 0, 'Присутствовал на занятии'),
(3415, 181, 0, '2018-04-08 18:11:17', 0, 'Присутствовал на занятии'),
(3416, 181, 0, '2018-04-15 13:24:13', 0, 'Отсутствовал на занятии'),
(3417, 183, 1, '2018-01-17 14:11:29', 1, ''),
(3418, 183, 0, '2018-01-17 14:11:52', 1, 'Оплата индивидуального пакета'),
(3419, 183, 0, '2018-01-24 20:58:41', 0, 'Присутствовал на занятии'),
(3420, 183, 0, '2018-01-31 20:32:54', 0, 'Присутствовал на занятии'),
(3421, 183, 0, '2018-02-07 17:33:14', 0, 'Присутствовал на занятии'),
(3422, 183, 1, '2018-02-07 17:33:14', 3000, ''),
(3423, 183, 0, '2018-02-07 18:38:03', 3000, 'Оплата индивидуального пакета'),
(3424, 183, 0, '2018-02-14 22:51:54', 0, 'Присутствовал на занятии'),
(3425, 183, 0, '2018-02-22 12:34:46', 0, 'Присутствовал на занятии'),
(3426, 183, 0, '2018-02-28 15:32:54', 0, 'Присутствовал на занятии'),
(3427, 183, 0, '2018-03-07 15:56:27', 0, 'Присутствовал на занятии'),
(3428, 183, 0, '2018-03-14 17:25:53', 0, 'Присутствовал на занятии'),
(3429, 183, 0, '2018-03-21 16:55:19', 0, 'Присутствовал на занятии'),
(3430, 183, 0, '2018-03-28 17:14:27', 0, 'Присутствовал на занятии'),
(3431, 183, 0, '2018-04-04 15:07:12', 0, 'Присутствовал на занятии'),
(3432, 183, 0, '2018-04-11 14:57:07', 0, 'Присутствовал на занятии'),
(3433, 183, 1, '2018-04-11 14:57:07', 3200, ''),
(3434, 183, 0, '2018-04-11 16:54:23', 3200, 'Оплата индивидуального пакета'),
(3435, 183, 0, '2018-04-18 15:36:33', 0, 'Присутствовал на занятии'),
(3436, 184, 0, '2018-01-22 18:32:57', 0, 'Присутствовал на занятии'),
(3437, 184, 1, '2018-01-22 19:02:10', 2000, ''),
(3438, 184, 0, '2018-01-22 19:02:56', 2000, 'Оплата индивидуального пакета'),
(3439, 184, 0, '2018-01-24 16:56:47', 0, 'Присутствовал на занятии'),
(3440, 184, 0, '2018-01-29 18:02:28', 0, 'Присутствовал на занятии'),
(3441, 184, 0, '2018-02-05 18:47:38', 0, 'Присутствовал на занятии'),
(3442, 184, 0, '2018-02-12 13:48:25', 0, 'Отсутствовал на занятии'),
(3443, 184, 1, '2018-02-19 17:44:09', 2000, ''),
(3444, 184, 0, '2018-02-19 17:45:00', 2000, 'Оплата индивидуального пакета'),
(3445, 184, 0, '2018-02-19 17:48:11', 0, 'Присутствовал на занятии'),
(3446, 184, 0, '2018-02-21 16:56:37', 0, 'Присутствовал на занятии'),
(3447, 184, 0, '2018-02-26 18:23:02', 0, 'Присутствовал на занятии'),
(3448, 184, 0, '2018-02-28 17:00:38', 0, 'Присутствовал на занятии'),
(3449, 184, 0, '2018-03-05 18:54:51', 0, 'Присутствовал на занятии'),
(3450, 184, 0, '2018-03-11 13:49:19', 0, 'Присутствовал на занятии'),
(3451, 184, 1, '2018-03-16 17:04:12', 3000, 'на 16.03 в остатке -0,5'),
(3452, 184, 0, '2018-03-16 19:08:52', 3000, 'Оплата индивидуального пакета'),
(3453, 184, 0, '2018-03-18 12:24:07', 0, 'Присутствовал на занятии'),
(3454, 184, 0, '2018-03-25 14:26:26', 0, 'Присутствовал на занятии'),
(3455, 184, 0, '2018-04-01 16:13:35', 0, 'Присутствовал на занятии'),
(3456, 184, 0, '2018-04-08 13:16:25', 0, 'Присутствовал на занятии'),
(3457, 185, 1, '2018-01-25 18:30:48', 400, ''),
(3458, 185, 0, '2018-01-25 18:31:20', 400, 'Оплата индивидуального пакета'),
(3459, 185, 0, '2018-01-25 18:51:24', 0, 'Присутствовал на занятии'),
(3460, 185, 0, '2018-02-01 17:59:49', 0, 'Присутствовал на занятии'),
(3461, 185, 1, '2018-02-01 18:02:00', 2400, ''),
(3462, 185, 0, '2018-02-02 12:40:59', 2400, 'Оплата индивидуального пакета'),
(3463, 185, 0, '2018-02-08 17:58:01', 0, 'Присутствовал на занятии'),
(3464, 185, 0, '2018-02-15 18:39:14', 0, 'Присутствовал на занятии'),
(3465, 185, 0, '2018-02-22 18:30:58', 0, 'Присутствовал на занятии'),
(3466, 185, 0, '2018-03-01 19:16:00', 0, 'Присутствовал на занятии'),
(3467, 185, 0, '2018-03-07 21:22:39', 0, 'Присутствовал на занятии'),
(3468, 185, 0, '2018-03-15 18:29:05', 0, 'Присутствовал на занятии'),
(3469, 185, 0, '2018-03-22 18:28:16', 0, 'Присутствовал на занятии'),
(3470, 185, 0, '2018-03-29 18:30:43', 0, 'Присутствовал на занятии'),
(3471, 185, 1, '2018-03-29 18:37:21', 1500, 'абонемент на 5 , первый урок был сегодня'),
(3472, 185, 0, '2018-03-29 18:40:34', 1500, 'Оплата индивидуального пакета'),
(3473, 185, 0, '2018-04-05 18:34:44', 0, 'Присутствовал на занятии'),
(3474, 185, 0, '2018-04-12 10:58:44', 0, 'Отсутствовал на занятии'),
(3475, 185, 0, '2018-04-19 19:48:32', 0, 'Присутствовал на занятии'),
(3476, 186, 1, '2018-01-19 12:38:21', 2000, ''),
(3477, 186, 0, '2018-01-20 12:11:07', 2000, 'Оплата индивидуального пакета'),
(3478, 186, 0, '2018-01-22 12:53:27', 0, 'Присутствовал на занятии'),
(3479, 186, 0, '2018-02-04 11:42:50', 0, 'Отсутствовал на занятии'),
(3480, 186, 0, '2018-02-11 13:51:50', 0, 'Присутствовал на занятии'),
(3481, 186, 0, '2018-02-18 11:39:35', 0, 'Отсутствовал на занятии'),
(3482, 186, 0, '2018-02-25 11:25:25', 0, 'Отсутствовал на занятии'),
(3483, 187, 1, '2018-01-26 15:33:30', 2000, ''),
(3484, 187, 0, '2018-01-26 15:34:14', 2000, 'Оплата индивидуального пакета'),
(3485, 187, 0, '2018-01-26 18:38:05', 0, 'Присутствовал на занятии'),
(3486, 187, 0, '2018-01-30 17:49:19', 0, 'Присутствовал на занятии'),
(3487, 187, 0, '2018-02-02 16:47:20', 0, 'Присутствовал на занятии'),
(3488, 187, 0, '2018-02-06 19:39:47', 0, 'Присутствовал на занятии'),
(3489, 187, 0, '2018-02-09 17:34:22', 0, 'Отсутствовал на занятии'),
(3490, 187, 0, '2018-02-13 17:48:19', 0, 'Присутствовал на занятии'),
(3491, 187, 1, '2018-02-20 14:08:54', 3000, ''),
(3492, 187, 0, '2018-02-20 14:09:37', 3000, 'Оплата индивидуального пакета'),
(3493, 187, 0, '2018-02-20 19:38:44', 0, 'Присутствовал на занятии'),
(3494, 187, 0, '2018-02-23 18:01:26', 0, 'Присутствовал на занятии'),
(3495, 187, 0, '2018-02-24 17:16:45', 0, 'Присутствовал на занятии'),
(3496, 187, 0, '2018-02-27 19:52:11', 0, 'Присутствовал на занятии'),
(3497, 187, 0, '2018-03-02 15:55:53', 0, 'Присутствовал на занятии'),
(3498, 187, 0, '2018-03-06 19:46:26', 0, 'Присутствовал на занятии'),
(3499, 187, 0, '2018-03-13 15:45:42', 0, 'Присутствовал на занятии'),
(3500, 187, 0, '2018-03-20 21:10:53', 0, 'Отсутствовал на занятии'),
(3501, 188, 1, '2018-01-20 13:02:52', 3000, ''),
(3502, 188, 0, '2018-01-20 15:24:53', 3000, 'Оплата индивидуального пакета'),
(3503, 188, 0, '2018-01-20 17:05:13', 0, 'Присутствовал на занятии'),
(3504, 188, 0, '2018-01-23 19:26:48', 0, 'Присутствовал на занятии'),
(3505, 188, 0, '2018-01-25 21:55:36', 0, 'Присутствовал на занятии'),
(3506, 188, 0, '2018-01-30 20:16:45', 0, 'Присутствовал на занятии'),
(3507, 188, 0, '2018-02-01 19:55:21', 0, 'Присутствовал на занятии'),
(3508, 188, 0, '2018-02-06 20:06:34', 0, 'Присутствовал на занятии'),
(3509, 188, 0, '2018-02-08 20:45:25', 0, 'Присутствовал на занятии'),
(3510, 188, 0, '2018-02-13 18:53:42', 0, 'Присутствовал на занятии'),
(3511, 188, 0, '2018-02-15 20:38:31', 0, 'Присутствовал на занятии'),
(3512, 188, 1, '2018-02-20 15:34:32', 3000, ''),
(3513, 188, 0, '2018-02-20 15:35:25', 3000, 'Оплата индивидуального пакета'),
(3514, 188, 0, '2018-02-20 20:44:20', 0, 'Присутствовал на занятии'),
(3515, 188, 0, '2018-02-22 11:48:27', 0, 'Отсутствовал на занятии'),
(3516, 188, 0, '2018-02-22 11:49:55', 0, 'Отсутствовал на занятии'),
(3517, 188, 0, '2018-02-27 18:51:42', 0, 'Присутствовал на занятии'),
(3518, 188, 0, '2018-03-06 16:34:31', 0, 'Присутствовал на занятии'),
(3519, 188, 0, '2018-03-13 18:55:02', 0, 'Присутствовал на занятии'),
(3520, 188, 0, '2018-03-15 21:48:09', 0, 'Присутствовал на занятии'),
(3521, 188, 0, '2018-03-20 19:58:34', 0, 'Присутствовал на занятии'),
(3522, 188, 0, '2018-03-29 18:01:39', 0, 'Отсутствовал на занятии'),
(3523, 188, 0, '2018-04-03 18:27:17', 0, 'Присутствовал на занятии'),
(3524, 188, 1, '2018-04-05 16:33:01', 2000, 'за 4,5 часа, после сегодняшнего урока в остатке 2 будет'),
(3525, 188, 0, '2018-04-05 16:39:29', 200, 'Оплата индивидуального пакета'),
(3526, 188, 0, '2018-04-05 16:39:38', 1800, 'Оплата индивидуального пакета'),
(3527, 188, 0, '2018-04-05 17:21:33', 0, 'Присутствовал на занятии'),
(3528, 188, 0, '2018-04-10 16:36:45', 0, 'Присутствовал на занятии'),
(3529, 188, 0, '2018-04-12 18:14:16', 0, 'Присутствовал на занятии'),
(3530, 188, 0, '2018-04-17 17:38:13', 0, 'Отсутствовал на занятии'),
(3531, 188, 0, '2018-04-19 21:36:49', 0, 'Отсутствовал на занятии'),
(3532, 190, 1, '2018-01-20 16:08:35', 2000, ''),
(3533, 190, 0, '2018-01-20 16:16:13', 0, 'Присутствовал на занятии'),
(3534, 190, 0, '2018-01-20 16:17:24', 2000, 'Оплата индивидуального пакета'),
(3535, 190, 0, '2018-01-24 20:58:33', 0, 'Присутствовал на занятии'),
(3536, 190, 0, '2018-01-31 20:32:43', 0, 'Присутствовал на занятии'),
(3537, 190, 0, '2018-02-09 19:03:00', 0, 'Присутствовал на занятии'),
(3538, 190, 0, '2018-02-16 19:19:09', 0, 'Присутствовал на занятии'),
(3539, 190, 1, '2018-02-16 19:19:09', 3000, ''),
(3540, 190, 0, '2018-02-17 12:26:26', 3000, 'Оплата индивидуального пакета'),
(3541, 190, 0, '2018-02-22 12:35:01', 0, 'Присутствовал на занятии'),
(3542, 190, 0, '2018-02-28 14:34:33', 0, 'Отсутствовал на занятии'),
(3543, 190, 0, '2018-03-14 17:25:29', 0, 'Присутствовал на занятии'),
(3544, 190, 0, '2018-03-28 17:14:13', 0, 'Присутствовал на занятии'),
(3545, 190, 0, '2018-04-04 15:21:58', 0, 'Отсутствовал на занятии'),
(3546, 190, 0, '2018-04-11 16:50:39', 0, 'Присутствовал на занятии'),
(3547, 190, 0, '2018-04-18 17:01:47', 0, 'Присутствовал на занятии'),
(3548, 191, 1, '2018-01-21 16:23:51', 3000, ''),
(3549, 191, 0, '2018-01-21 16:24:20', 3000, 'Оплата индивидуального пакета'),
(3550, 191, 0, '2018-01-28 16:09:50', 0, 'Присутствовал на занятии'),
(3551, 191, 0, '2018-02-04 16:32:34', 0, 'Присутствовал на занятии'),
(3552, 191, 0, '2018-02-11 16:25:13', 0, 'Присутствовал на занятии'),
(3553, 191, 0, '2018-02-18 17:29:33', 0, 'Присутствовал на занятии'),
(3554, 191, 0, '2018-02-25 16:25:49', 0, 'Присутствовал на занятии'),
(3555, 191, 0, '2018-03-04 16:34:47', 0, 'Присутствовал на занятии'),
(3556, 191, 0, '2018-03-11 16:28:23', 0, 'Присутствовал на занятии'),
(3557, 191, 1, '2018-03-18 16:24:42', 3000, 'новый абонемент с 25.03 начинается'),
(3558, 191, 0, '2018-03-18 16:25:51', 3000, 'Оплата индивидуального пакета'),
(3559, 191, 0, '2018-03-18 16:34:46', 0, 'Присутствовал на занятии'),
(3560, 191, 0, '2018-03-25 16:28:23', 0, 'Присутствовал на занятии'),
(3561, 191, 0, '2018-04-01 16:21:35', 0, 'Присутствовал на занятии'),
(3562, 191, 0, '2018-04-08 17:31:02', 0, 'Присутствовал на занятии'),
(3563, 191, 0, '2018-04-15 14:36:35', 0, 'Присутствовал на занятии'),
(3564, 192, 1, '2018-01-23 15:00:47', 3000, ''),
(3565, 192, 0, '2018-01-23 15:01:33', 3000, 'Оплата индивидуального пакета'),
(3566, 192, 0, '2018-01-23 16:29:38', 0, 'Присутствовал на занятии'),
(3567, 192, 0, '2018-01-25 19:58:49', 0, 'Присутствовал на занятии'),
(3568, 192, 0, '2018-01-31 19:12:25', 0, 'Присутствовал на занятии'),
(3569, 192, 0, '2018-02-04 17:37:40', 0, 'Присутствовал на занятии'),
(3570, 192, 0, '2018-02-07 19:09:47', 0, 'Присутствовал на занятии'),
(3571, 192, 0, '2018-02-11 16:27:23', 0, 'Присутствовал на занятии'),
(3572, 192, 0, '2018-02-14 19:28:25', 0, 'Присутствовал на занятии'),
(3573, 192, 0, '2018-02-25 16:30:18', 0, 'Присутствовал на занятии'),
(3574, 192, 1, '2018-02-25 17:04:54', 3000, 'отсчет абонемента с 26.02'),
(3575, 192, 0, '2018-02-25 17:05:24', 3000, 'Оплата индивидуального пакета'),
(3576, 192, 0, '2018-02-28 19:07:14', 0, 'Присутствовал на занятии'),
(3577, 192, 0, '2018-03-04 15:40:30', 0, 'Присутствовал на занятии'),
(3578, 192, 0, '2018-03-07 19:09:14', 0, 'Присутствовал на занятии'),
(3579, 192, 0, '2018-03-11 16:30:25', 0, 'Присутствовал на занятии'),
(3580, 192, 0, '2018-03-14 19:07:19', 0, 'Присутствовал на занятии'),
(3581, 192, 0, '2018-03-18 16:32:56', 0, 'Присутствовал на занятии'),
(3582, 192, 0, '2018-03-21 18:05:47', 0, 'Присутствовал на занятии'),
(3583, 193, 1, '2018-01-24 20:33:58', 3000, ''),
(3584, 193, 0, '2018-01-24 20:43:05', 0, 'Отсутствовал на занятии'),
(3585, 193, 0, '2018-01-24 20:46:59', 0, 'Отсутствовал на занятии'),
(3586, 193, 0, '2018-01-24 20:54:06', 3000, 'Оплата индивидуального пакета'),
(3587, 193, 0, '2018-01-28 13:22:18', 0, 'Присутствовал на занятии'),
(3588, 193, 0, '2018-02-04 12:56:04', 0, 'Присутствовал на занятии'),
(3589, 193, 0, '2018-02-07 21:02:47', 0, 'Присутствовал на занятии'),
(3590, 193, 0, '2018-02-11 14:05:48', 0, 'Присутствовал на занятии'),
(3591, 193, 0, '2018-02-18 11:54:29', 0, 'Присутствовал на занятии'),
(3592, 193, 0, '2018-02-21 22:27:57', 0, 'Присутствовал на занятии'),
(3593, 193, 0, '2018-02-28 20:53:25', 0, 'Присутствовал на занятии'),
(3594, 193, 0, '2018-03-04 16:48:40', 0, 'не явилась'),
(3595, 193, 0, '2018-03-07 21:03:56', 0, 'Присутствовал на занятии'),
(3596, 193, 1, '2018-03-10 20:02:23', 200, 'компенсация от студии'),
(3597, 193, 0, '2018-03-11 11:13:36', 0, 'Присутствовал на занятии'),
(3598, 193, 1, '2018-03-11 11:13:36', 3000, ''),
(3599, 193, 0, '2018-03-11 13:09:25', 3000, 'Оплата индивидуального пакета'),
(3600, 193, 0, '2018-03-14 20:36:02', 0, 'Присутствовал на занятии'),
(3601, 193, 0, '2018-03-15 22:58:36', 200, 'Оплата индивидуального пакета'),
(3602, 193, 0, '2018-03-18 17:00:42', 0, 'Присутствовал на занятии'),
(3603, 193, 0, '2018-03-21 21:03:12', 0, 'Присутствовал на занятии'),
(3604, 193, 0, '2018-03-25 10:01:38', 0, 'Присутствовал на занятии'),
(3605, 193, 0, '2018-04-01 17:07:34', 0, 'Присутствовал на занятии'),
(3606, 193, 0, '2018-04-08 12:59:51', 0, 'Присутствовал на занятии'),
(3607, 193, 1, '2018-04-11 20:00:45', 3200, 'на 10.04 на балансе 0'),
(3608, 193, 0, '2018-04-12 13:23:04', 3200, 'Оплата индивидуального пакета'),
(3609, 193, 0, '2018-04-15 22:24:18', 0, 'Присутствовал на занятии'),
(3610, 194, 1, '2018-01-23 14:45:02', 2000, ''),
(3611, 194, 0, '2018-01-23 14:46:04', 2000, 'Оплата индивидуального пакета'),
(3612, 194, 0, '2018-01-29 20:12:17', 0, 'Присутствовал на занятии'),
(3613, 194, 0, '2018-02-05 19:13:21', 0, 'Присутствовал на занятии'),
(3614, 194, 0, '2018-02-19 18:52:59', 0, 'Присутствовал на занятии'),
(3615, 194, 0, '2018-02-26 18:38:17', 0, 'Присутствовал на занятии'),
(3616, 194, 0, '2018-03-05 16:01:26', 0, 'Присутствовал на занятии'),
(3617, 194, 1, '2018-03-12 17:28:44', 2000, ''),
(3618, 194, 0, '2018-03-12 17:30:37', 2000, 'Оплата индивидуального пакета'),
(3619, 194, 0, '2018-03-12 18:13:16', 0, 'Присутствовал на занятии'),
(3620, 194, 0, '2018-03-19 19:04:40', 0, 'Присутствовал на занятии'),
(3621, 194, 0, '2018-03-25 17:40:33', 0, 'Присутствовал на занятии'),
(3622, 194, 0, '2018-04-01 17:46:46', 0, 'Присутствовал на занятии'),
(3623, 194, 0, '2018-04-08 16:31:31', 0, 'Присутствовал на занятии'),
(3624, 194, 1, '2018-04-15 14:38:15', 1800, 'на 14.04 0 занятий'),
(3625, 194, 0, '2018-04-15 14:39:01', 1800, 'Оплата индивидуального пакета'),
(3626, 194, 0, '2018-04-15 16:39:46', 0, 'Присутствовал на занятии'),
(3627, 196, 1, '2018-01-28 15:46:27', 2000, ''),
(3628, 196, 0, '2018-01-29 20:38:40', 2000, 'Оплата индивидуального пакета'),
(3629, 196, 0, '2018-02-02 18:51:40', 0, 'Присутствовал на занятии'),
(3630, 196, 0, '2018-02-04 16:11:45', 0, 'Присутствовал на занятии'),
(3631, 196, 0, '2018-02-11 15:20:49', 0, 'Присутствовал на занятии'),
(3632, 196, 0, '2018-02-18 15:20:26', 0, 'Присутствовал на занятии'),
(3633, 196, 1, '2018-02-25 15:23:22', 900, 'на 24.02 в остатке +1'),
(3634, 196, 0, '2018-02-25 16:25:28', 0, 'Присутствовал на занятии'),
(3635, 196, 1, '2018-03-04 15:20:55', 1100, ''),
(3636, 196, 0, '2018-03-04 16:26:18', 2000, 'Оплата индивидуального пакета'),
(3637, 196, 0, '2018-03-04 16:34:08', 0, 'Присутствовал на занятии'),
(3638, 196, 0, '2018-03-11 16:27:35', 0, 'Присутствовал на занятии'),
(3639, 196, 0, '2018-03-18 16:30:36', 0, 'Присутствовал на занятии'),
(3640, 196, 1, '2018-04-14 12:01:57', 1, '1 урок по акции'),
(3641, 196, 0, '2018-04-14 12:07:21', 1, 'Оплата индивидуального пакета'),
(3642, 197, 1, '2018-01-26 14:27:06', 500, ''),
(3643, 197, 0, '2018-01-26 14:27:24', 500, 'Оплата индивидуального пакета'),
(3644, 197, 0, '2018-01-26 18:38:17', 0, 'Присутствовал на занятии'),
(3645, 197, 1, '2018-01-30 13:35:12', 500, ''),
(3646, 197, 0, '2018-01-30 13:35:44', 500, 'Оплата индивидуального пакета'),
(3647, 197, 0, '2018-01-30 17:49:08', 0, 'Присутствовал на занятии'),
(3648, 198, 1, '2018-01-23 19:35:18', 500, ''),
(3649, 198, 0, '2018-01-23 19:35:56', 500, 'Оплата индивидуального пакета'),
(3650, 198, 0, '2018-01-23 23:07:01', 0, 'Присутствовал на занятии'),
(3651, 198, 0, '2018-01-30 17:52:22', 0, 'Присутствовал на занятии'),
(3652, 198, 1, '2018-01-30 18:26:15', 2000, ''),
(3653, 198, 0, '2018-01-30 18:27:31', 2000, 'Оплата индивидуального пакета'),
(3654, 198, 0, '2018-02-06 18:39:55', 0, 'Присутствовал на занятии'),
(3655, 198, 0, '2018-02-12 18:04:49', 0, 'Присутствовал на занятии'),
(3656, 198, 0, '2018-02-20 17:49:14', 0, 'Присутствовал на занятии'),
(3657, 198, 0, '2018-02-27 17:36:04', 0, 'Присутствовал на занятии'),
(3658, 198, 0, '2018-03-06 18:07:50', 0, 'Присутствовал на занятии'),
(3659, 198, 1, '2018-03-13 18:30:52', 2000, 'сегодня было второе занятие по абонементу'),
(3660, 198, 0, '2018-03-13 19:29:37', 0, 'Присутствовал на занятии'),
(3661, 198, 0, '2018-03-14 10:47:23', 2000, 'Оплата индивидуального пакета'),
(3662, 198, 0, '2018-03-20 18:26:40', 0, 'Присутствовал на занятии'),
(3663, 198, 0, '2018-03-27 17:11:53', 0, 'Присутствовал на занятии'),
(3664, 198, 0, '2018-04-09 19:40:20', 0, 'Присутствовал на занятии'),
(3665, 198, 0, '2018-04-16 16:58:26', 0, 'Присутствовал на занятии'),
(3666, 199, 0, '2018-01-24 18:53:58', 0, 'Присутствовал на занятии'),
(3667, 199, 1, '2018-01-24 18:53:58', 2000, ''),
(3668, 199, 0, '2018-01-24 20:34:44', 2000, 'Оплата индивидуального пакета'),
(3669, 199, 0, '2018-01-31 18:51:49', 0, 'Присутствовал на занятии'),
(3670, 199, 0, '2018-02-07 18:07:31', 0, 'Присутствовал на занятии'),
(3671, 199, 0, '2018-02-14 14:31:15', 0, 'Отсутствовал на занятии'),
(3672, 201, 0, '2018-01-29 18:54:29', 0, 'Присутствовал на занятии'),
(3673, 201, 1, '2018-01-29 19:00:00', 3000, ''),
(3674, 201, 0, '2018-01-29 19:04:10', 3000, 'Оплата индивидуального пакета'),
(3675, 201, 0, '2018-02-01 18:31:15', 0, 'Присутствовал на занятии'),
(3676, 201, 0, '2018-02-08 20:09:02', 0, 'Присутствовал на занятии'),
(3677, 201, 0, '2018-02-12 18:58:14', 0, 'Присутствовал на занятии'),
(3678, 201, 0, '2018-02-15 18:31:39', 0, 'Присутствовал на занятии'),
(3679, 201, 0, '2018-02-19 19:00:27', 0, 'Присутствовал на занятии'),
(3680, 201, 0, '2018-02-22 19:00:55', 0, 'Присутствовал на занятии'),
(3681, 201, 0, '2018-02-26 18:57:50', 0, 'Присутствовал на занятии'),
(3682, 201, 1, '2018-02-26 18:59:17', 3000, 'на 25, было 1 занятие.'),
(3683, 201, 0, '2018-02-26 19:04:55', 3000, 'Оплата индивидуального пакета'),
(3684, 201, 0, '2018-03-01 19:03:35', 0, 'Присутствовал на занятии'),
(3685, 201, 0, '2018-03-22 18:55:52', 0, 'Присутствовал на занятии'),
(3686, 201, 0, '2018-03-26 18:51:50', 0, 'Присутствовал на занятии'),
(3687, 201, 0, '2018-03-29 18:55:23', 0, 'Присутствовал на занятии'),
(3688, 201, 0, '2018-04-02 19:01:11', 0, 'Присутствовал на занятии'),
(3689, 201, 0, '2018-04-05 19:04:48', 0, 'Присутствовал на занятии'),
(3690, 201, 0, '2018-04-09 19:40:43', 0, 'Отсутствовал на занятии'),
(3691, 201, 0, '2018-04-12 19:28:08', 0, 'Присутствовал на занятии'),
(3692, 202, 1, '2018-01-25 14:49:07', 2000, ''),
(3693, 202, 0, '2018-01-27 15:23:33', 2000, 'Оплата индивидуального пакета'),
(3694, 202, 0, '2018-02-01 13:57:04', 0, 'Присутствовал на занятии'),
(3695, 202, 0, '2018-02-08 17:09:02', 0, 'Присутствовал на занятии'),
(3696, 202, 0, '2018-02-15 19:29:40', 0, 'Отсутствовал на занятии'),
(3697, 202, 0, '2018-02-22 19:33:06', 0, 'Присутствовал на занятии'),
(3698, 202, 0, '2018-03-01 15:52:06', 0, 'Отсутствовал на занятии'),
(3699, 202, 0, '2018-03-15 15:50:02', 0, 'Отсутствовал на занятии'),
(3700, 203, 1, '2018-01-25 15:13:57', 3500, ''),
(3701, 203, 0, '2018-01-25 15:14:42', 500, 'Оплата индивидуального пакета'),
(3702, 203, 0, '2018-01-25 15:14:55', 3000, 'Оплата индивидуального пакета'),
(3703, 203, 0, '2018-01-25 21:55:30', 0, 'Присутствовал на занятии'),
(3704, 203, 0, '2018-01-27 23:11:25', 0, 'Присутствовал на занятии'),
(3705, 203, 0, '2018-01-27 23:11:30', 0, 'Присутствовал на занятии'),
(3706, 203, 0, '2018-01-30 20:16:30', 0, 'Присутствовал на занятии'),
(3707, 203, 0, '2018-01-30 20:16:36', 0, 'Присутствовал на занятии'),
(3708, 203, 0, '2018-01-30 20:16:40', 0, 'Присутствовал на занятии'),
(3709, 203, 0, '2018-02-06 20:06:20', 0, 'Присутствовал на занятии'),
(3710, 203, 0, '2018-02-06 20:06:26', 0, 'Присутствовал на занятии'),
(3711, 203, 0, '2018-02-13 19:24:41', 0, 'Отсутствовал на занятии'),
(3712, 203, 0, '2018-02-13 19:26:12', 0, 'Отсутствовал на занятии'),
(3713, 203, 0, '2018-02-20 20:44:03', 0, 'Отсутствовал на занятии'),
(3714, 203, 0, '2018-02-20 20:44:09', 0, 'Отсутствовал на занятии'),
(3715, 204, 1, '2018-01-25 15:51:09', 3000, ''),
(3716, 204, 0, '2018-01-27 15:23:02', 3000, 'Оплата индивидуального пакета'),
(3717, 204, 0, '2018-01-27 16:53:17', 0, 'Присутствовал на занятии'),
(3718, 204, 0, '2018-01-29 20:11:14', 0, 'Присутствовал на занятии'),
(3719, 204, 0, '2018-02-03 17:39:11', 0, 'Присутствовал на занятии'),
(3720, 204, 0, '2018-02-05 18:30:09', 0, 'Присутствовал на занятии'),
(3721, 204, 0, '2018-02-10 17:15:22', 0, 'Присутствовал на занятии'),
(3722, 204, 0, '2018-02-12 19:48:50', 0, 'Присутствовал на занятии'),
(3723, 204, 0, '2018-02-17 17:53:46', 0, 'Присутствовал на занятии'),
(3724, 204, 0, '2018-02-19 18:52:24', 0, 'Присутствовал на занятии'),
(3725, 204, 0, '2018-02-24 14:50:09', 0, 'Присутствовал на занятии'),
(3726, 204, 1, '2018-02-24 16:18:48', 3000, 'на 23.02 в остатке 0'),
(3727, 204, 0, '2018-02-24 16:27:10', 3000, 'Оплата индивидуального пакета'),
(3728, 204, 0, '2018-02-26 13:20:57', 0, 'Отсутствовал на занятии'),
(3729, 204, 0, '2018-03-03 16:26:32', 0, 'Присутствовал на занятии'),
(3730, 204, 0, '2018-03-05 16:00:47', 0, 'Присутствовал на занятии'),
(3731, 204, 0, '2018-03-10 16:29:50', 0, 'Присутствовал на занятии'),
(3732, 204, 0, '2018-03-12 17:32:45', 0, 'Отсутствовал на занятии'),
(3733, 204, 0, '2018-03-17 14:16:13', 0, 'Присутствовал на занятии'),
(3734, 204, 0, '2018-03-19 17:24:07', 0, 'Присутствовал на занятии'),
(3735, 204, 0, '2018-04-07 13:58:31', 0, 'Присутствовал на занятии'),
(3736, 204, 0, '2018-04-14 14:18:33', 0, 'Присутствовал на занятии'),
(3737, 204, 0, '2018-04-15 10:43:51', 0, 'Присутствовал на занятии'),
(3738, 204, 1, '2018-04-15 11:04:38', 3200, 'на 15.04 -2 занятия'),
(3739, 204, 0, '2018-04-15 11:05:57', 3200, 'Оплата индивидуального пакета'),
(3740, 205, 1, '2018-01-29 14:32:32', 2000, ''),
(3741, 205, 0, '2018-01-29 14:33:57', 2000, 'Оплата индивидуального пакета'),
(3742, 205, 0, '2018-01-29 14:53:33', 0, 'Присутствовал на занятии'),
(3743, 205, 0, '2018-02-01 17:57:47', 0, 'Присутствовал на занятии'),
(3744, 205, 0, '2018-02-05 15:53:14', 0, 'Присутствовал на занятии'),
(3745, 205, 0, '2018-02-08 17:16:33', 0, 'Присутствовал на занятии');
INSERT INTO `Payment` (`id`, `user`, `type`, `datetime`, `value`, `description`) VALUES
(3746, 205, 0, '2018-02-12 13:51:58', 0, 'Отсутствовал на занятии'),
(3747, 205, 0, '2018-02-12 13:54:34', 0, 'Отсутствовал на занятии'),
(3748, 205, 0, '2018-02-15 18:39:00', 0, 'Отсутствовал на занятии'),
(3749, 206, 1, '2018-01-27 16:07:07', 3000, ''),
(3750, 206, 0, '2018-01-27 16:58:20', 3000, 'Оплата индивидуального пакета'),
(3751, 206, 0, '2018-01-27 17:11:17', 0, 'Присутствовал на занятии'),
(3752, 206, 0, '2018-01-27 23:11:19', 0, 'Присутствовал на занятии'),
(3753, 206, 0, '2018-01-30 20:16:15', 0, 'Присутствовал на занятии'),
(3754, 206, 0, '2018-01-30 22:03:52', 0, 'Присутствовал на занятии'),
(3755, 206, 0, '2018-02-06 18:56:15', 0, 'Присутствовал на занятии'),
(3756, 206, 0, '2018-02-06 20:06:13', 0, 'Отсутствовал на занятии'),
(3757, 206, 0, '2018-02-11 16:09:43', 0, 'Присутствовал на занятии'),
(3758, 206, 1, '2018-02-13 10:33:57', 3000, 'на остатке 1.5 внес 13.02'),
(3759, 206, 0, '2018-02-13 14:04:11', 3000, 'Оплата индивидуального пакета'),
(3760, 206, 0, '2018-02-13 19:11:16', 0, 'Присутствовал на занятии'),
(3761, 206, 0, '2018-02-18 13:14:49', 0, 'Присутствовал на занятии'),
(3762, 206, 0, '2018-02-20 18:54:37', 0, 'Присутствовал на занятии'),
(3763, 206, 0, '2018-02-25 17:07:29', 0, 'Присутствовал на занятии'),
(3764, 206, 0, '2018-02-27 16:11:59', 0, 'Присутствовал на занятии'),
(3765, 206, 1, '2018-03-01 18:32:59', 3000, 'на 01.03 +4.5 в остатке'),
(3766, 206, 0, '2018-03-03 15:49:17', 3000, 'Оплата индивидуального пакета'),
(3767, 206, 0, '2018-03-04 11:24:42', 0, 'Отсутствовал на занятии'),
(3768, 206, 0, '2018-03-06 17:01:43', 0, 'Присутствовал на занятии'),
(3769, 206, 0, '2018-03-11 13:45:26', 0, 'Присутствовал на занятии'),
(3770, 206, 0, '2018-03-13 15:32:43', 0, 'Присутствовал на занятии'),
(3771, 206, 0, '2018-03-18 14:17:41', 0, 'Присутствовал на занятии'),
(3772, 206, 0, '2018-03-20 17:00:27', 0, 'Присутствовал на занятии'),
(3773, 206, 0, '2018-03-26 11:34:07', 0, 'Присутствовал на занятии'),
(3774, 206, 0, '2018-03-30 16:59:54', 0, 'Присутствовал на занятии'),
(3775, 206, 0, '2018-04-02 12:33:39', 0, 'Присутствовал на занятии'),
(3776, 206, 0, '2018-04-11 10:47:38', 0, 'Присутствовал на занятии'),
(3777, 206, 0, '2018-04-15 17:46:58', 0, 'Присутствовал на занятии'),
(3778, 206, 0, '2018-04-16 11:30:31', 0, 'Присутствовал на занятии'),
(3779, 207, 0, '2018-02-02 19:14:34', 0, 'Присутствовал на занятии'),
(3780, 207, 1, '2018-02-02 19:14:34', 3400, ''),
(3781, 207, 0, '2018-02-02 19:15:05', 0, 'Присутствовал на занятии'),
(3782, 207, 0, '2018-02-03 12:49:55', 3000, 'Оплата индивидуального пакета'),
(3783, 207, 0, '2018-02-05 10:52:50', 400, 'Оплата группового пакета'),
(3784, 207, 0, '2018-02-06 20:36:45', 0, 'Присутствовал на занятии'),
(3785, 207, 0, '2018-02-09 16:31:37', 0, 'Присутствовал на занятии'),
(3786, 207, 0, '2018-02-09 16:32:26', 0, 'Присутствовал на занятии'),
(3787, 207, 0, '2018-02-13 16:06:19', 0, 'Присутствовал на занятии'),
(3788, 207, 0, '2018-02-16 18:36:15', 0, 'оплата 1000 за 5 групповых занятий'),
(3789, 207, 0, '2018-02-16 18:37:52', 0, 'Присутствовал на занятии'),
(3790, 207, 1, '2018-02-16 18:40:58', 1000, 'за групповые '),
(3791, 207, 0, '2018-02-16 18:41:52', 800, 'Оплата группового пакета'),
(3792, 207, 0, '2018-02-20 16:33:17', 0, 'Присутствовал на занятии'),
(3793, 207, 0, '2018-02-27 18:34:36', 0, 'Присутствовал на занятии'),
(3794, 207, 0, '2018-03-06 16:04:57', 0, 'Присутствовал на занятии'),
(3795, 207, 0, '2018-03-09 17:34:06', 0, 'был только Степан'),
(3796, 207, 0, '2018-03-09 17:38:13', 0, 'Присутствовал на занятии'),
(3797, 207, 0, '2018-03-13 16:05:37', 0, 'Присутствовал на занятии'),
(3798, 207, 0, '2018-03-16 18:39:39', 0, 'Присутствовал на занятии'),
(3799, 207, 0, '2018-03-16 18:41:29', 0, 'Присутствовал на занятии'),
(3800, 207, 0, '2018-03-20 11:02:40', 0, 'Отсутствовал на занятии'),
(3801, 207, 0, '2018-03-22 10:13:46', 200, 'Оплата индивидуального пакета'),
(3802, 207, 0, '2018-03-23 18:44:09', 0, 'Была только Курлюкова'),
(3803, 207, 0, '2018-03-23 18:45:36', 0, 'Отсутствовал на занятии'),
(3804, 207, 1, '2018-03-30 11:18:34', 4500, 'на 29.03 долг -3,5 был'),
(3805, 207, 0, '2018-03-30 14:24:08', 3000, 'Оплата индивидуального пакета'),
(3806, 207, 0, '2018-03-30 14:24:30', 800, 'Оплата группового пакета'),
(3807, 207, 0, '2018-03-30 17:41:36', 0, 'Присутствовал на занятии'),
(3808, 207, 0, '2018-03-30 17:48:13', 0, 'Присутствовал на занятии'),
(3809, 207, 0, '2018-04-03 17:10:46', 0, 'Присутствовал на занятии'),
(3810, 207, 0, '2018-04-06 18:02:11', 0, 'Присутствовал на занятии'),
(3811, 207, 0, '2018-04-06 18:03:02', 0, 'Присутствовал на занятии'),
(3812, 207, 0, '2018-04-10 17:07:21', 0, 'Присутствовал на занятии'),
(3813, 207, 0, '2018-04-10 22:30:54', 200, 'Оплата индивидуального пакета'),
(3814, 207, 0, '2018-04-10 22:31:09', 400, 'Оплата индивидуального пакета'),
(3815, 207, 0, '2018-04-13 17:30:43', 0, 'был Степан'),
(3816, 207, 0, '2018-04-13 17:34:28', 0, 'Присутствовал на занятии'),
(3817, 207, 0, '2018-04-17 18:08:49', 0, 'Присутствовал на занятии'),
(3818, 207, 0, '2018-04-20 17:47:03', 0, 'Присутствовал на занятии'),
(3819, 207, 0, '2018-04-20 17:47:38', 0, 'Присутствовал на занятии'),
(3820, 208, 1, '2018-02-01 20:07:43', 3000, ''),
(3821, 208, 1, '2018-02-01 20:13:52', 400, ''),
(3822, 208, 0, '2018-02-02 12:43:22', 3000, 'Оплата индивидуального пакета'),
(3823, 208, 0, '2018-02-02 19:15:05', 0, 'Присутствовал на занятии'),
(3824, 208, 0, '2018-02-03 18:19:19', 0, 'Присутствовал на занятии'),
(3825, 208, 0, '2018-02-05 10:52:28', 400, 'Оплата группового пакета'),
(3826, 208, 0, '2018-02-09 16:31:37', 0, 'Присутствовал на занятии'),
(3827, 208, 0, '2018-02-10 17:08:21', 0, 'Присутствовал на занятии'),
(3828, 208, 0, '2018-02-15 19:00:09', 0, 'Присутствовал на занятии'),
(3829, 208, 1, '2018-02-16 14:11:50', 800, 'за групповые'),
(3830, 208, 0, '2018-02-16 18:36:15', 0, 'оплата 1000 за 5 групповых занятий'),
(3831, 208, 0, '2018-02-17 11:49:10', 800, 'Оплата группового пакета'),
(3832, 208, 0, '2018-02-22 18:23:14', 0, 'Присутствовал на занятии'),
(3833, 208, 0, '2018-03-01 20:07:35', 0, 'Присутствовал на занятии'),
(3834, 208, 0, '2018-03-02 18:31:13', 0, 'была только курлюкова'),
(3835, 208, 0, '2018-03-09 17:34:06', 0, 'был только Степан'),
(3836, 208, 1, '2018-03-12 23:04:20', 200, 'на групповое'),
(3837, 208, 0, '2018-03-15 16:46:19', 0, 'Отсутствовал на занятии'),
(3838, 208, 0, '2018-03-16 18:39:39', 0, 'Присутствовал на занятии'),
(3839, 208, 0, '2018-03-22 10:08:00', 200, 'Оплата группового пакета'),
(3840, 208, 0, '2018-03-22 19:51:03', 0, 'Присутствовал на занятии'),
(3841, 208, 0, '2018-03-23 18:44:09', 0, 'Была только Курлюкова'),
(3842, 208, 0, '2018-03-29 18:39:17', 0, 'Присутствовал на занятии'),
(3843, 208, 0, '2018-03-30 17:41:36', 0, 'Присутствовал на занятии'),
(3844, 208, 1, '2018-04-01 12:41:35', 4000, 'на 1.04  +0.5 индив и -1 групп'),
(3845, 208, 0, '2018-04-01 12:41:56', 800, 'Оплата группового пакета'),
(3846, 208, 0, '2018-04-01 12:42:40', 3200, 'Оплата индивидуального пакета'),
(3847, 208, 0, '2018-04-05 17:59:54', 0, 'Присутствовал на занятии'),
(3848, 208, 0, '2018-04-06 18:02:11', 0, 'Присутствовал на занятии'),
(3849, 208, 0, '2018-04-12 10:41:23', 0, 'Отсутствовал на занятии'),
(3850, 208, 0, '2018-04-12 10:43:21', 0, 'Отсутствовал на занятии'),
(3851, 208, 0, '2018-04-13 17:30:43', 0, 'был Степан'),
(3852, 208, 0, '2018-04-14 14:07:14', 0, 'Присутствовал на занятии'),
(3853, 208, 1, '2018-04-16 14:39:15', 200, 'корректировка баланса'),
(3854, 208, 0, '2018-04-16 14:41:58', 200, 'Оплата индивидуального пакета'),
(3855, 208, 0, '2018-04-20 17:47:03', 0, 'Присутствовал на занятии'),
(3856, 209, 1, '2018-02-01 14:50:14', 500, ''),
(3857, 209, 0, '2018-02-01 14:50:43', 500, 'Оплата индивидуального пакета'),
(3858, 209, 0, '2018-02-01 17:26:24', 0, 'Присутствовал на занятии'),
(3859, 210, 0, '2018-02-04 18:02:32', 0, 'Присутствовал на занятии'),
(3860, 210, 1, '2018-02-04 18:02:32', 3000, ''),
(3861, 210, 0, '2018-02-04 18:26:39', 3000, 'Оплата индивидуального пакета'),
(3862, 210, 0, '2018-02-08 11:23:34', 0, 'Присутствовал на занятии'),
(3863, 210, 0, '2018-02-12 15:00:09', 0, 'Присутствовал на занятии'),
(3864, 210, 0, '2018-02-15 10:56:23', 0, 'Присутствовал на занятии'),
(3865, 210, 0, '2018-02-19 11:34:14', 0, 'Присутствовал на занятии'),
(3866, 210, 0, '2018-02-26 15:47:51', 0, 'Присутствовал на занятии'),
(3867, 210, 0, '2018-03-01 16:55:45', 0, 'Присутствовал на занятии'),
(3868, 210, 0, '2018-03-05 12:35:44', 0, 'Присутствовал на занятии'),
(3869, 212, 0, '2018-02-13 18:53:33', 0, 'Присутствовал на занятии'),
(3870, 212, 1, '2018-02-13 19:33:19', 2000, ''),
(3871, 212, 0, '2018-02-13 19:33:57', 2000, 'Оплата индивидуального пакета'),
(3872, 212, 0, '2018-02-20 20:43:52', 0, 'Присутствовал на занятии'),
(3873, 212, 0, '2018-03-01 20:59:31', 0, 'Присутствовал на занятии'),
(3874, 212, 0, '2018-03-15 21:47:52', 0, 'Отсутствовал на занятии'),
(3875, 212, 0, '2018-03-25 12:22:29', 0, 'Присутствовал на занятии'),
(3876, 212, 0, '2018-03-29 18:01:56', 0, 'Отсутствовал на занятии'),
(3877, 212, 0, '2018-04-05 17:21:13', 0, 'Отсутствовал на занятии'),
(3878, 213, 1, '2018-02-06 17:29:56', 2000, ''),
(3879, 213, 0, '2018-02-06 18:18:39', 0, 'Присутствовал на занятии'),
(3880, 213, 0, '2018-02-06 19:18:25', 2000, 'Оплата индивидуального пакета'),
(3881, 213, 0, '2018-02-13 20:29:26', 0, 'Присутствовал на занятии'),
(3882, 213, 0, '2018-02-20 17:52:57', 0, 'Отсутствовал на занятии'),
(3883, 213, 0, '2018-02-27 20:35:42', 0, 'Присутствовал на занятии'),
(3884, 213, 0, '2018-03-10 16:28:47', 0, 'Присутствовал на занятии'),
(3885, 213, 0, '2018-03-13 12:31:13', 0, 'Отсутствовал на занятии'),
(3886, 213, 0, '2018-03-24 15:57:49', 0, 'Присутствовал на занятии'),
(3887, 213, 1, '2018-03-24 15:59:34', 2000, 'сегодня первый урок по новому абонементу'),
(3888, 213, 0, '2018-03-24 16:03:55', 2000, 'Оплата индивидуального пакета'),
(3889, 213, 0, '2018-03-31 15:53:49', 0, 'Присутствовал на занятии'),
(3890, 213, 0, '2018-04-07 17:58:13', 0, 'Присутствовал на занятии'),
(3891, 214, 1, '2018-02-07 22:04:02', 2000, ''),
(3892, 214, 0, '2018-02-08 12:10:20', 2000, 'Оплата индивидуального пакета'),
(3893, 214, 0, '2018-02-08 15:44:09', 0, 'Присутствовал на занятии'),
(3894, 214, 0, '2018-02-19 19:08:36', 0, 'Присутствовал на занятии'),
(3895, 214, 0, '2018-02-26 13:59:53', 0, 'Присутствовал на занятии'),
(3896, 214, 1, '2018-03-04 17:41:01', 200, 'компенсация за позднюю отмену занятия Студией 01.03'),
(3897, 214, 0, '2018-03-07 15:12:02', 0, 'Присутствовал на занятии'),
(3898, 214, 0, '2018-03-15 22:28:46', 0, 'Присутствовал на занятии'),
(3899, 214, 1, '2018-03-22 13:10:01', 1800, 'сегодня первый урок по абонементу'),
(3900, 214, 0, '2018-03-22 13:12:35', 2000, 'Оплата индивидуального пакета'),
(3901, 214, 0, '2018-03-22 13:57:17', 0, 'Присутствовал на занятии'),
(3902, 214, 0, '2018-03-26 16:56:22', 0, 'Присутствовал на занятии'),
(3903, 214, 0, '2018-03-29 14:45:07', 0, 'Присутствовал на занятии'),
(3904, 214, 0, '2018-04-02 16:16:08', 0, 'Присутствовал на занятии'),
(3905, 214, 0, '2018-04-19 23:29:46', 0, 'Присутствовал на занятии'),
(3906, 215, 1, '2018-02-15 12:59:27', 500, 'поурочно'),
(3907, 215, 0, '2018-02-15 13:00:30', 0, 'Присутствовал на занятии'),
(3908, 215, 0, '2018-02-15 13:16:16', 500, 'Оплата индивидуального пакета'),
(3909, 216, 0, '2018-02-12 14:59:15', 0, 'Присутствовал на занятии'),
(3910, 216, 1, '2018-02-12 14:59:15', 3000, ''),
(3911, 216, 0, '2018-02-12 21:04:31', 3000, 'Оплата индивидуального пакета'),
(3912, 216, 0, '2018-02-15 10:56:45', 0, 'Присутствовал на занятии'),
(3913, 216, 0, '2018-02-19 11:34:47', 0, 'Присутствовал на занятии'),
(3914, 216, 0, '2018-02-22 11:30:47', 0, 'Присутствовал на занятии'),
(3915, 216, 0, '2018-02-26 15:49:57', 0, 'Присутствовал на занятии'),
(3916, 216, 0, '2018-03-01 16:56:45', 0, 'Присутствовал на занятии'),
(3917, 216, 0, '2018-03-05 13:15:12', 0, 'Присутствовал на занятии'),
(3918, 216, 0, '2018-03-11 16:00:52', 0, 'Присутствовал на занятии'),
(3919, 216, 0, '2018-03-12 11:31:07', 0, 'Присутствовал на занятии'),
(3920, 216, 1, '2018-03-12 12:04:01', 3000, 'сегодня было первое занятие по новому абонементу'),
(3921, 216, 0, '2018-03-12 12:05:40', 3000, 'Оплата индивидуального пакета'),
(3922, 216, 0, '2018-03-15 11:37:55', 0, 'Присутствовал на занятии'),
(3923, 216, 0, '2018-03-18 16:27:28', 0, 'Отсутствовал на занятии'),
(3924, 216, 0, '2018-03-22 12:32:52', 0, 'Присутствовал на занятии'),
(3925, 216, 0, '2018-03-26 11:35:42', 0, 'Присутствовал на занятии'),
(3926, 216, 0, '2018-03-29 16:56:00', 0, 'Присутствовал на занятии'),
(3927, 216, 0, '2018-04-02 10:01:15', 0, 'Отсутствовал на занятии'),
(3928, 216, 0, '2018-04-05 18:48:54', 0, 'Отсутствовал на занятии'),
(3929, 216, 0, '2018-04-09 13:38:42', 0, 'Присутствовал на занятии'),
(3930, 216, 0, '2018-04-12 13:50:58', 0, 'Отсутствовал на занятии'),
(3931, 217, 0, '2018-02-12 19:51:48', 0, 'Присутствовал на занятии'),
(3932, 217, 1, '2018-02-12 20:28:01', 1500, ''),
(3933, 217, 0, '2018-02-12 21:08:28', 1000, 'Оплата группового пакета'),
(3934, 217, 0, '2018-02-15 20:22:02', 0, 'Присутствовал на занятии'),
(3935, 217, 0, '2018-02-17 13:32:15', 0, 'Присутствовал на занятии'),
(3936, 217, 0, '2018-02-26 19:29:00', 0, 'Присутствовал на занятии'),
(3937, 217, 0, '2018-03-02 18:51:48', 400, 'Оплата группового пакета'),
(3938, 217, 0, '2018-03-03 19:00:27', 0, 'Присутствовал на занятии'),
(3939, 217, 0, '2018-03-15 19:42:30', 0, 'Присутствовал на занятии'),
(3940, 217, 0, '2018-03-19 19:30:20', 0, 'Присутствовал на занятии'),
(3941, 217, 0, '2018-03-31 18:04:27', 0, 'Присутствовал на занятии'),
(3942, 217, 1, '2018-04-07 17:04:43', 1250, 'на 6.04 -1 занятие (250 должны донести)'),
(3943, 217, 0, '2018-04-07 17:59:03', 0, 'Присутствовал на занятии'),
(3944, 217, 0, '2018-04-08 10:26:28', 400, 'Оплата группового пакета'),
(3945, 217, 0, '2018-04-10 22:34:20', 800, 'Оплата группового пакета'),
(3946, 217, 0, '2018-04-14 16:55:28', 0, 'Присутствовал на занятии'),
(3947, 217, 0, '2018-04-19 19:34:31', 0, 'Отсутствовал на занятии'),
(3948, 218, 0, '2018-02-12 19:51:48', 0, 'Присутствовал на занятии'),
(3949, 218, 1, '2018-02-12 20:27:30', 1500, ''),
(3950, 218, 0, '2018-02-12 21:09:05', 1000, 'Оплата группового пакета'),
(3951, 218, 0, '2018-02-15 20:22:02', 0, 'Присутствовал на занятии'),
(3952, 218, 0, '2018-02-17 13:32:15', 0, 'Присутствовал на занятии'),
(3953, 218, 0, '2018-02-26 19:29:00', 0, 'Присутствовал на занятии'),
(3954, 218, 0, '2018-03-02 18:52:06', 400, 'Оплата группового пакета'),
(3955, 218, 0, '2018-03-03 19:00:27', 0, 'Присутствовал на занятии'),
(3956, 218, 0, '2018-03-15 19:42:30', 0, 'Присутствовал на занятии'),
(3957, 218, 0, '2018-03-19 19:30:20', 0, 'Присутствовал на занятии'),
(3958, 218, 0, '2018-03-31 18:04:27', 0, 'Присутствовал на занятии'),
(3959, 218, 1, '2018-04-07 17:03:42', 1250, 'на 6.04 -1 занятие (250 должны донести)'),
(3960, 218, 0, '2018-04-07 17:59:03', 0, 'Присутствовал на занятии'),
(3961, 218, 0, '2018-04-08 10:26:33', 400, 'Оплата группового пакета'),
(3962, 218, 0, '2018-04-10 22:34:26', 800, 'Оплата группового пакета'),
(3963, 218, 0, '2018-04-14 16:55:28', 0, 'Присутствовал на занятии'),
(3964, 218, 0, '2018-04-19 19:34:31', 0, 'Отсутствовал на занятии'),
(3965, 220, 1, '2018-02-10 16:04:12', 500, ''),
(3966, 220, 0, '2018-02-10 16:05:03', 500, 'Оплата индивидуального пакета'),
(3967, 220, 0, '2018-02-10 18:34:49', 0, 'Присутствовал на занятии'),
(3968, 220, 0, '2018-02-10 18:34:51', 0, 'Присутствовал на занятии'),
(3969, 220, 1, '2018-02-13 14:29:53', 1, 'за ошибочно списанный урок'),
(3970, 220, 0, '2018-02-13 14:31:44', 1, 'Оплата индивидуального пакета'),
(3971, 220, 1, '2018-02-13 16:11:44', 500, ''),
(3972, 220, 0, '2018-02-13 17:48:04', 0, 'Присутствовал на занятии'),
(3973, 220, 0, '2018-02-15 13:54:35', 500, 'Оплата индивидуального пакета'),
(3974, 220, 0, '2018-02-16 19:29:55', 0, 'Присутствовал на занятии'),
(3975, 220, 1, '2018-02-17 15:53:43', 500, 'поурочно'),
(3976, 220, 0, '2018-02-17 22:13:00', 500, 'Оплата индивидуального пакета'),
(3977, 220, 0, '2018-02-20 10:28:22', 0, 'Отсутствовал на занятии'),
(3978, 220, 0, '2018-02-24 16:37:05', 0, 'Отсутствовал на занятии'),
(3979, 220, 1, '2018-02-24 16:39:45', 1, ''),
(3980, 220, 0, '2018-02-24 16:40:18', 1, 'Оплата индивидуального пакета'),
(3981, 220, 1, '2018-02-27 16:02:08', 2000, 'на 26 было 0 занятий'),
(3982, 220, 0, '2018-02-27 19:52:01', 0, 'Присутствовал на занятии'),
(3983, 220, 0, '2018-02-28 11:00:15', 2000, 'Оплата индивидуального пакета'),
(3984, 220, 0, '2018-03-02 12:41:48', 0, 'Отсутствовал на занятии'),
(3985, 220, 0, '2018-03-06 19:45:53', 0, 'Присутствовал на занятии'),
(3986, 220, 0, '2018-03-09 17:27:09', 0, 'Присутствовал на занятии'),
(3987, 220, 0, '2018-03-13 15:38:24', 0, 'Присутствовал на занятии'),
(3988, 220, 1, '2018-03-20 16:07:12', 2000, 'на 21.03 на остатке -0.5'),
(3989, 220, 0, '2018-03-20 21:10:19', 0, 'Присутствовал на занятии'),
(3990, 220, 0, '2018-03-20 23:10:10', 2000, 'Оплата индивидуального пакета'),
(3991, 220, 1, '2018-03-27 14:42:59', 200, 'компенсация за позднюю отмену занятия Студией'),
(3992, 220, 0, '2018-03-29 21:02:37', 200, 'Оплата индивидуального пакета'),
(3993, 220, 0, '2018-04-13 18:29:23', 0, 'Присутствовал на занятии'),
(3994, 220, 0, '2018-04-17 15:57:10', 0, 'Присутствовал на занятии'),
(3995, 220, 0, '2018-04-17 21:42:38', 0, 'Присутствовал на занятии'),
(3996, 221, 1, '2018-02-10 16:31:46', 3000, ''),
(3997, 221, 0, '2018-02-11 13:54:40', 3000, 'Оплата индивидуального пакета'),
(3998, 221, 0, '2018-02-13 16:12:26', 0, 'Присутствовал на занятии'),
(3999, 221, 0, '2018-02-20 18:36:12', 0, 'Присутствовал на занятии'),
(4000, 221, 0, '2018-02-27 20:34:12', 0, 'Присутствовал на занятии'),
(4001, 221, 0, '2018-03-06 18:07:12', 0, 'Присутствовал на занятии'),
(4002, 221, 0, '2018-03-11 14:11:35', 0, 'Присутствовал на занятии'),
(4003, 221, 0, '2018-03-11 14:12:07', 0, 'Присутствовал на занятии'),
(4004, 221, 0, '2018-03-11 14:12:34', 0, 'Присутствовал на занятии'),
(4005, 221, 0, '2018-03-20 16:06:48', 0, 'Присутствовал на занятии'),
(4006, 221, 0, '2018-04-03 17:36:41', 0, 'Присутствовал на занятии'),
(4007, 221, 1, '2018-04-06 22:59:15', 1, 'корректировка баланса'),
(4008, 221, 0, '2018-04-08 10:23:53', 1, 'Оплата индивидуального пакета'),
(4009, 221, 1, '2018-04-10 16:01:10', 3200, 'на 9.04 было 1 занятие в остатке'),
(4010, 221, 0, '2018-04-10 16:44:36', 0, 'Присутствовал на занятии'),
(4011, 221, 0, '2018-04-10 22:10:59', 3200, 'Оплата индивидуального пакета'),
(4012, 222, 1, '2018-02-10 17:37:01', 2500, ''),
(4013, 222, 0, '2018-02-11 15:43:31', 2500, 'Оплата индивидуального пакета'),
(4014, 222, 0, '2018-03-02 19:08:41', 0, 'Присутствовал на занятии'),
(4015, 222, 0, '2018-03-02 20:43:07', 0, 'Присутствовал на занятии'),
(4016, 222, 0, '2018-03-09 18:20:52', 0, 'Присутствовал на занятии'),
(4017, 222, 0, '2018-03-16 18:54:29', 0, 'Присутствовал на занятии'),
(4018, 222, 0, '2018-03-23 17:58:40', 0, 'Присутствовал на занятии'),
(4019, 222, 0, '2018-03-30 19:01:04', 0, 'Присутствовал на занятии'),
(4020, 222, 0, '2018-04-06 18:00:41', 0, 'Присутствовал на занятии'),
(4021, 222, 0, '2018-04-13 18:09:33', 0, 'Присутствовал на занятии'),
(4022, 223, 0, '2018-02-11 12:03:48', 0, 'оплата 2000'),
(4023, 223, 1, '2018-02-11 13:42:17', 1000, ''),
(4024, 223, 0, '2018-02-11 13:44:07', 1000, 'Оплата группового пакета'),
(4025, 223, 0, '2018-02-17 18:07:57', 0, 'Присутствовал на занятии'),
(4026, 223, 0, '2018-02-25 13:04:10', 0, 'Присутствовал на занятии'),
(4027, 223, 0, '2018-03-03 18:04:30', 0, 'Присутствовал на занятии'),
(4028, 223, 0, '2018-03-04 13:06:41', 0, 'Присутствовал на занятии'),
(4029, 223, 1, '2018-03-09 15:29:33', 1000, 'за групповые'),
(4030, 223, 0, '2018-03-09 15:32:13', 1000, 'Оплата группового пакета'),
(4031, 223, 0, '2018-03-10 18:00:42', 0, 'Присутствовал на занятии'),
(4032, 223, 0, '2018-03-11 13:01:28', 0, 'Присутствовал на занятии'),
(4033, 223, 0, '2018-03-17 16:04:27', 0, 'Присутствовал на занятии'),
(4034, 223, 0, '2018-03-24 17:05:34', 0, 'был только Павел'),
(4035, 223, 0, '2018-04-07 17:56:02', 0, 'Присутствовал на занятии'),
(4036, 223, 0, '2018-04-14 16:56:57', 0, 'Присутствовал на занятии'),
(4037, 224, 0, '2018-02-11 12:03:48', 0, 'оплата 2000'),
(4038, 224, 1, '2018-02-11 13:41:51', 1000, ''),
(4039, 224, 0, '2018-02-11 13:44:00', 1000, 'Оплата группового пакета'),
(4040, 224, 0, '2018-02-17 18:07:57', 0, 'Присутствовал на занятии'),
(4041, 224, 0, '2018-02-25 13:04:10', 0, 'Присутствовал на занятии'),
(4042, 224, 0, '2018-03-03 18:04:30', 0, 'Присутствовал на занятии'),
(4043, 224, 0, '2018-03-04 13:06:41', 0, 'Присутствовал на занятии'),
(4044, 224, 1, '2018-03-09 15:30:06', 1000, 'за групповые'),
(4045, 224, 0, '2018-03-09 15:32:18', 1000, 'Оплата группового пакета'),
(4046, 224, 0, '2018-03-10 18:00:42', 0, 'Присутствовал на занятии'),
(4047, 224, 0, '2018-03-11 13:01:28', 0, 'Присутствовал на занятии'),
(4048, 224, 0, '2018-03-17 16:04:27', 0, 'Присутствовал на занятии'),
(4049, 224, 0, '2018-03-24 17:05:34', 0, 'был только Павел'),
(4050, 224, 0, '2018-04-07 17:56:02', 0, 'Присутствовал на занятии'),
(4051, 224, 0, '2018-04-14 16:56:57', 0, 'Присутствовал на занятии'),
(4052, 225, 0, '2018-02-18 18:50:58', 0, 'Присутствовал на занятии'),
(4053, 225, 1, '2018-02-18 18:56:03', 3000, ''),
(4054, 225, 0, '2018-02-19 19:58:50', 3000, 'Оплата индивидуального пакета'),
(4055, 225, 0, '2018-02-25 17:00:05', 0, 'Присутствовал на занятии'),
(4056, 225, 0, '2018-02-28 20:53:45', 0, 'Присутствовал на занятии'),
(4057, 225, 0, '2018-03-04 16:46:32', 0, 'Присутствовал на занятии'),
(4058, 225, 0, '2018-03-07 21:03:34', 0, 'Присутствовал на занятии'),
(4059, 225, 0, '2018-03-11 17:05:31', 0, 'Присутствовал на занятии'),
(4060, 225, 0, '2018-03-14 20:17:15', 0, 'Присутствовал на занятии'),
(4061, 225, 0, '2018-03-18 16:58:56', 0, 'Присутствовал на занятии'),
(4062, 225, 0, '2018-03-21 19:56:58', 0, 'Присутствовал на занятии'),
(4063, 226, 0, '2018-02-22 18:21:43', 0, 'Присутствовал на занятии'),
(4064, 226, 0, '2018-02-24 16:03:27', 0, 'Присутствовал на занятии'),
(4065, 226, 1, '2018-03-06 12:53:51', 3000, 'на 06.03  минус два занятия (просили в долг) '),
(4066, 226, 0, '2018-03-06 18:32:47', 3000, 'Оплата индивидуального пакета'),
(4067, 226, 0, '2018-03-15 18:01:11', 0, 'Присутствовал на занятии'),
(4068, 226, 0, '2018-03-17 14:34:40', 0, 'Присутствовал на занятии'),
(4069, 226, 0, '2018-03-22 19:50:04', 0, 'Присутствовал на занятии'),
(4070, 226, 0, '2018-03-24 15:59:30', 0, 'Присутствовал на занятии'),
(4071, 226, 0, '2018-03-29 18:26:07', 0, 'Присутствовал на занятии'),
(4072, 226, 0, '2018-03-31 17:58:02', 0, 'Присутствовал на занятии'),
(4073, 226, 0, '2018-04-05 17:59:03', 0, 'Присутствовал на занятии'),
(4074, 226, 0, '2018-04-07 17:55:29', 0, 'Присутствовал на занятии'),
(4075, 226, 0, '2018-04-12 18:07:20', 0, 'Присутствовал на занятии'),
(4076, 226, 0, '2018-04-14 15:58:49', 0, 'Присутствовал на занятии'),
(4077, 227, 1, '2018-02-17 12:18:06', 2, 'занятия по серт 96, 10 уроков'),
(4078, 227, 0, '2018-02-17 12:19:04', 1, 'Оплата индивидуального пакета'),
(4079, 227, 0, '2018-02-17 12:19:11', 1, 'Оплата индивидуального пакета'),
(4080, 227, 0, '2018-02-18 15:52:29', 0, 'Присутствовал на занятии'),
(4081, 227, 0, '2018-02-25 14:58:36', 0, 'Отсутствовал на занятии'),
(4082, 227, 0, '2018-03-04 18:09:17', 0, 'Присутствовал на занятии'),
(4083, 227, 0, '2018-03-11 15:59:36', 0, 'Присутствовал на занятии'),
(4084, 227, 0, '2018-03-18 16:28:28', 0, 'Присутствовал на занятии'),
(4085, 227, 0, '2018-03-25 16:12:41', 0, 'Присутствовал на занятии'),
(4086, 227, 0, '2018-04-01 16:43:10', 0, 'Присутствовал на занятии'),
(4087, 227, 0, '2018-04-07 15:03:40', 0, 'Присутствовал на занятии'),
(4088, 227, 0, '2018-04-15 17:00:19', 0, 'Присутствовал на занятии'),
(4089, 228, 0, '2018-02-27 17:16:36', 0, 'Присутствовал на занятии'),
(4090, 228, 1, '2018-02-28 12:38:37', 3000, 'на 28 фев было -1'),
(4091, 228, 0, '2018-02-28 19:51:04', 3000, 'Оплата индивидуального пакета'),
(4092, 228, 0, '2018-03-06 17:02:11', 0, 'Присутствовал на занятии'),
(4093, 228, 0, '2018-03-10 13:57:45', 0, 'Отсутствовал на занятии'),
(4094, 228, 0, '2018-03-13 17:05:06', 0, 'Присутствовал на занятии'),
(4095, 228, 0, '2018-03-20 17:00:54', 0, 'Присутствовал на занятии'),
(4096, 228, 0, '2018-03-27 18:08:02', 0, 'Присутствовал на занятии'),
(4097, 228, 0, '2018-04-03 17:00:21', 0, 'Присутствовал на занятии'),
(4098, 228, 0, '2018-04-10 19:09:24', 0, 'Присутствовал на занятии'),
(4099, 228, 0, '2018-04-17 17:59:57', 0, 'Отсутствовал на занятии'),
(4100, 229, 0, '2018-02-27 20:22:17', 0, 'Присутствовал на занятии'),
(4101, 229, 1, '2018-02-27 20:33:17', 800, 'было -1, но ошибочно по всей видимости'),
(4102, 229, 0, '2018-02-28 11:25:19', 800, 'Оплата группового пакета'),
(4103, 229, 0, '2018-03-01 13:42:27', 0, 'Присутствовал на занятии'),
(4104, 229, 1, '2018-03-01 15:23:08', 1, ''),
(4105, 229, 0, '2018-03-01 15:23:43', 1, 'Оплата индивидуального пакета'),
(4106, 229, 0, '2018-03-20 18:03:27', 0, 'Отсутствовал на занятии'),
(4107, 229, 0, '2018-03-20 23:16:00', 0, 'Отсутствовал на занятии'),
(4108, 229, 0, '2018-03-27 18:08:23', 0, 'Отсутствовал на занятии'),
(4109, 229, 0, '2018-04-10 14:29:37', 0, 'Отсутствовал на занятии'),
(4110, 230, 1, '2018-02-27 13:39:35', 3000, ''),
(4111, 230, 0, '2018-02-27 14:27:56', 0, 'Присутствовал на занятии'),
(4112, 230, 0, '2018-02-27 18:20:10', 3000, 'Оплата индивидуального пакета'),
(4113, 230, 0, '2018-03-01 16:57:41', 0, 'Присутствовал на занятии'),
(4114, 230, 0, '2018-03-06 17:01:14', 0, 'Присутствовал на занятии'),
(4115, 230, 0, '2018-03-13 15:32:17', 0, 'Присутствовал на занятии'),
(4116, 230, 0, '2018-03-15 16:11:24', 0, 'Присутствовал на занятии'),
(4117, 230, 0, '2018-03-20 14:30:34', 0, 'Присутствовал на занятии'),
(4118, 230, 0, '2018-03-22 12:31:12', 0, 'Присутствовал на занятии'),
(4119, 230, 0, '2018-03-29 16:58:03', 0, 'Отсутствовал на занятии'),
(4120, 230, 0, '2018-04-10 14:29:10', 0, 'Присутствовал на занятии'),
(4121, 230, 1, '2018-04-10 14:30:38', 3400, 'на 9,04 в остатке -0,5 занятия. '),
(4122, 230, 0, '2018-04-10 14:32:10', 200, 'Оплата индивидуального пакета'),
(4123, 230, 0, '2018-04-10 14:33:20', 3200, 'Оплата индивидуального пакета'),
(4124, 230, 0, '2018-04-12 13:50:09', 0, 'Присутствовал на занятии'),
(4125, 230, 0, '2018-04-19 18:03:18', 0, 'Присутствовал на занятии'),
(4126, 232, 1, '2018-02-27 13:22:44', 3000, ''),
(4127, 232, 0, '2018-02-27 18:20:38', 3000, 'Оплата индивидуального пакета'),
(4128, 232, 0, '2018-02-27 18:51:52', 0, 'Присутствовал на занятии'),
(4129, 232, 0, '2018-03-06 16:34:07', 0, 'Присутствовал на занятии'),
(4130, 232, 0, '2018-03-10 19:40:54', 0, 'Присутствовал на занятии'),
(4131, 232, 0, '2018-03-10 19:41:11', 0, 'Присутствовал на занятии'),
(4132, 232, 0, '2018-03-15 21:47:29', 0, 'Присутствовал на занятии'),
(4133, 232, 0, '2018-03-25 12:25:01', 0, 'Присутствовал на занятии'),
(4134, 232, 0, '2018-03-31 17:32:02', 0, 'Присутствовал на занятии'),
(4135, 232, 0, '2018-04-03 18:27:37', 0, 'Отсутствовал на занятии'),
(4136, 232, 1, '2018-04-04 16:43:39', 200, 'корректировка баланса'),
(4137, 232, 0, '2018-04-04 16:44:38', 200, 'Оплата индивидуального пакета'),
(4138, 232, 1, '2018-04-07 18:03:58', 3200, 'на 06.04 +1занятие'),
(4139, 232, 0, '2018-04-07 18:09:12', 0, 'Присутствовал на занятии'),
(4140, 232, 0, '2018-04-07 18:10:35', 3200, 'Оплата индивидуального пакета'),
(4141, 232, 0, '2018-04-14 18:11:33', 0, 'Присутствовал на занятии'),
(4142, 232, 0, '2018-04-19 21:35:45', 0, 'Присутствовал на занятии'),
(4143, 233, 1, '2018-03-05 15:39:16', 3000, 'первая оплата'),
(4144, 233, 0, '2018-03-05 15:40:15', 3000, 'Оплата индивидуального пакета'),
(4145, 233, 0, '2018-03-07 19:43:21', 0, 'Присутствовал на занятии'),
(4146, 233, 0, '2018-03-10 16:07:24', 0, 'Присутствовал на занятии'),
(4147, 233, 0, '2018-03-17 12:00:45', 0, 'Присутствовал на занятии'),
(4148, 233, 0, '2018-03-21 18:35:18', 0, 'Присутствовал на занятии'),
(4149, 233, 0, '2018-03-24 19:25:36', 0, 'Присутствовал на занятии'),
(4150, 233, 0, '2018-03-28 14:00:08', 0, 'Присутствовал на занятии'),
(4151, 233, 0, '2018-03-31 16:03:14', 0, 'Присутствовал на занятии'),
(4152, 233, 0, '2018-04-04 16:06:32', 0, 'Присутствовал на занятии'),
(4153, 233, 0, '2018-04-07 14:29:08', 0, 'Присутствовал на занятии'),
(4154, 233, 1, '2018-04-10 15:11:47', 3200, 'на 10.04 в остатке -1 занятие'),
(4155, 233, 0, '2018-04-10 15:18:09', 3200, 'Оплата индивидуального пакета'),
(4156, 233, 0, '2018-04-11 17:26:41', 0, 'Присутствовал на занятии'),
(4157, 233, 0, '2018-04-14 16:23:33', 0, 'Присутствовал на занятии'),
(4158, 233, 0, '2018-04-18 16:21:13', 0, 'Присутствовал на занятии'),
(4159, 234, 1, '2018-02-27 12:04:49', 3000, 'первый абонемент.'),
(4160, 234, 0, '2018-02-27 12:05:32', 3000, 'Оплата индивидуального пакета'),
(4161, 234, 0, '2018-03-03 13:04:52', 0, 'Присутствовал на занятии'),
(4162, 234, 0, '2018-03-05 13:16:59', 0, 'Присутствовал на занятии'),
(4163, 234, 0, '2018-03-13 13:13:10', 0, 'Отсутствовал на занятии'),
(4164, 234, 0, '2018-03-17 14:02:39', 0, 'Присутствовал на занятии'),
(4165, 234, 0, '2018-03-19 12:04:37', 0, 'Присутствовал на занятии'),
(4166, 234, 0, '2018-04-14 12:10:46', 0, 'Присутствовал на занятии'),
(4167, 235, 1, '2018-02-27 20:34:31', 800, 'самая первая оплата'),
(4168, 235, 0, '2018-02-28 10:58:40', 800, 'Оплата группового пакета'),
(4169, 235, 0, '2018-03-01 13:42:27', 0, 'Присутствовал на занятии'),
(4170, 235, 0, '2018-03-20 18:03:27', 0, 'Отсутствовал на занятии'),
(4171, 235, 0, '2018-03-20 23:16:00', 0, 'Отсутствовал на занятии'),
(4172, 235, 0, '2018-03-27 18:08:23', 0, 'Отсутствовал на занятии'),
(4173, 235, 0, '2018-04-10 14:29:37', 0, 'Отсутствовал на занятии'),
(4174, 236, 1, '2018-02-28 11:58:26', 2000, 'первая оплата'),
(4175, 236, 0, '2018-02-28 11:59:56', 2000, 'Оплата индивидуального пакета'),
(4176, 236, 0, '2018-03-06 18:28:44', 0, 'Присутствовал на занятии'),
(4177, 236, 0, '2018-03-13 19:28:54', 0, 'Присутствовал на занятии'),
(4178, 236, 0, '2018-04-05 19:02:46', 0, 'Присутствовал на занятии'),
(4179, 236, 0, '2018-04-10 19:36:20', 0, 'Присутствовал на занятии'),
(4180, 236, 0, '2018-04-17 20:26:13', 0, 'Присутствовал на занятии'),
(4181, 237, 1, '2018-03-01 13:33:21', 3000, ''),
(4182, 237, 0, '2018-03-01 16:01:12', 0, 'Присутствовал на занятии'),
(4183, 237, 0, '2018-03-01 17:11:25', 3000, 'Оплата индивидуального пакета'),
(4184, 237, 0, '2018-03-06 14:08:47', 0, 'Присутствовал на занятии'),
(4185, 237, 0, '2018-03-13 13:54:35', 0, 'Присутствовал на занятии'),
(4186, 237, 0, '2018-03-20 16:06:08', 0, 'Отсутствовал на занятии'),
(4187, 237, 0, '2018-03-22 12:55:21', 0, 'Присутствовал на занятии'),
(4188, 237, 0, '2018-03-27 17:12:18', 0, 'Присутствовал на занятии'),
(4189, 237, 0, '2018-04-03 17:01:19', 0, 'Присутствовал на занятии'),
(4190, 237, 0, '2018-04-17 17:59:44', 0, 'Присутствовал на занятии'),
(4191, 238, 0, '2018-03-05 20:01:11', 0, 'Присутствовал на занятии'),
(4192, 238, 1, '2018-03-05 20:02:52', 2000, 'первая оплата'),
(4193, 238, 0, '2018-03-05 21:25:15', 2000, 'Оплата индивидуального пакета'),
(4194, 238, 0, '2018-03-18 16:32:10', 0, 'Присутствовал на занятии'),
(4195, 238, 0, '2018-03-25 15:59:43', 0, 'Присутствовал на занятии'),
(4196, 238, 0, '2018-04-01 15:11:57', 0, 'Отсутствовал на занятии'),
(4197, 238, 0, '2018-04-08 13:56:17', 0, 'Присутствовал на занятии'),
(4198, 239, 1, '2018-03-03 15:41:50', 3000, ''),
(4199, 239, 0, '2018-03-03 15:42:26', 3000, 'Оплата индивидуального пакета'),
(4200, 239, 0, '2018-03-06 19:45:26', 0, 'Присутствовал на занятии'),
(4201, 239, 0, '2018-03-20 21:09:43', 0, 'Присутствовал на занятии'),
(4202, 239, 1, '2018-03-27 14:43:57', 200, 'компенсация за позднюю отмену занятия Студией'),
(4203, 239, 0, '2018-03-31 20:09:56', 0, 'Присутствовал на занятии'),
(4204, 239, 0, '2018-04-03 19:49:42', 0, 'Присутствовал на занятии'),
(4205, 239, 0, '2018-04-07 18:08:07', 0, 'Присутствовал на занятии'),
(4206, 239, 0, '2018-04-14 15:48:58', 0, 'Присутствовал на занятии'),
(4207, 239, 0, '2018-04-17 17:49:50', 0, 'Присутствовал на занятии'),
(4208, 239, 0, '2018-04-17 21:42:20', 0, 'Присутствовал на занятии'),
(4209, 241, 1, '2018-03-04 15:36:13', 3000, ''),
(4210, 241, 0, '2018-03-04 16:24:27', 3000, 'Оплата индивидуального пакета'),
(4211, 241, 0, '2018-03-11 13:59:32', 0, 'Присутствовал на занятии'),
(4212, 241, 0, '2018-03-11 14:59:40', 0, 'Присутствовал на занятии'),
(4213, 241, 0, '2018-03-18 15:07:01', 0, 'Присутствовал на занятии'),
(4214, 241, 0, '2018-03-18 15:08:22', 0, 'Присутствовал на занятии'),
(4215, 241, 0, '2018-03-25 14:32:53', 0, 'Присутствовал на занятии'),
(4216, 241, 0, '2018-03-25 15:08:43', 0, 'Присутствовал на занятии'),
(4217, 241, 0, '2018-04-01 23:04:24', 0, 'Присутствовал на занятии'),
(4218, 241, 0, '2018-04-01 23:04:42', 0, 'Присутствовал на занятии'),
(4219, 241, 1, '2018-04-14 19:39:54', 3200, 'на 14.04 0 занятий'),
(4220, 241, 0, '2018-04-14 22:07:09', 3200, 'Оплата индивидуального пакета'),
(4221, 241, 0, '2018-04-15 12:31:04', 0, 'Присутствовал на занятии'),
(4222, 241, 0, '2018-04-15 13:31:06', 0, 'Присутствовал на занятии'),
(4223, 242, 1, '2018-03-06 20:33:12', 1, 'под.серт. на 3 занятия. номер065'),
(4224, 242, 0, '2018-03-06 20:34:07', 1, 'Оплата индивидуального пакета'),
(4225, 242, 0, '2018-03-07 15:20:17', 0, 'Присутствовал на занятии'),
(4226, 242, 0, '2018-03-19 18:30:23', 0, 'Отсутствовал на занятии'),
(4227, 243, 1, '2018-03-27 18:33:45', 500, 'на 26.03 было 0 индив. '),
(4228, 243, 0, '2018-03-27 19:29:39', 0, 'Присутствовал на занятии'),
(4229, 243, 1, '2018-03-27 19:33:37', 2000, 'абонемент с апреля'),
(4230, 243, 0, '2018-03-28 13:46:45', 500, 'Оплата индивидуального пакета'),
(4231, 243, 0, '2018-03-28 13:58:57', 2000, 'Оплата индивидуального пакета'),
(4232, 243, 0, '2018-04-03 19:26:30', 0, 'Присутствовал на занятии'),
(4233, 243, 0, '2018-04-10 19:37:30', 0, 'Присутствовал на занятии'),
(4234, 243, 0, '2018-04-17 20:25:50', 0, 'Присутствовал на занятии'),
(4235, 244, 0, '2018-03-10 17:59:51', 0, 'Присутствовал на занятии'),
(4236, 244, 1, '2018-03-12 22:59:11', 1, 'сертификат 61, 5 уроков'),
(4237, 244, 0, '2018-03-15 12:37:10', 1, 'Оплата индивидуального пакета'),
(4238, 244, 0, '2018-03-17 14:32:16', 0, 'Присутствовал на занятии'),
(4239, 245, 0, '2018-03-11 16:34:28', 0, 'Присутствовал на занятии'),
(4240, 245, 1, '2018-03-14 19:59:30', 3000, 'сегодня было второе занятие по абонементу'),
(4241, 245, 0, '2018-03-14 20:19:35', 0, 'Присутствовал на занятии'),
(4242, 245, 0, '2018-03-15 11:34:11', 3000, 'Оплата индивидуального пакета'),
(4243, 245, 0, '2018-03-18 18:35:48', 0, 'не явился'),
(4244, 245, 0, '2018-03-21 19:57:59', 0, 'не явился'),
(4245, 245, 0, '2018-03-28 20:01:29', 0, 'не явился'),
(4246, 245, 0, '2018-04-15 22:01:40', 0, 'Отсутствовал на занятии'),
(4247, 245, 0, '2018-04-15 22:22:54', 0, 'Присутствовал на занятии'),
(4248, 245, 0, '2018-04-18 12:42:39', 0, 'Присутствовал на занятии'),
(4249, 246, 1, '2018-03-13 16:46:55', 500, 'поурочно'),
(4250, 246, 0, '2018-03-13 16:49:09', 500, 'Оплата индивидуального пакета'),
(4251, 246, 0, '2018-03-13 18:54:41', 0, 'Присутствовал на занятии'),
(4252, 246, 1, '2018-03-17 13:06:15', 500, 'поурочно'),
(4253, 246, 0, '2018-03-17 13:09:10', 500, 'Оплата индивидуального пакета'),
(4254, 246, 0, '2018-03-17 17:12:49', 0, 'Присутствовал на занятии'),
(4255, 246, 1, '2018-03-20 16:42:15', 500, 'оплата индив 20.03'),
(4256, 246, 0, '2018-03-20 16:43:46', 500, 'Оплата индивидуального пакета'),
(4257, 246, 0, '2018-03-20 19:57:49', 0, 'Присутствовал на занятии'),
(4258, 247, 0, '2018-03-16 18:37:08', 0, 'Присутствовал на занятии'),
(4259, 247, 1, '2018-03-16 18:37:08', 3000, ''),
(4260, 247, 0, '2018-03-16 19:08:45', 3000, 'Оплата индивидуального пакета'),
(4261, 247, 0, '2018-03-18 15:03:01', 0, 'Присутствовал на занятии'),
(4262, 247, 0, '2018-03-23 18:41:25', 0, 'Присутствовал на занятии'),
(4263, 247, 0, '2018-03-25 13:26:21', 0, 'Присутствовал на занятии'),
(4264, 247, 0, '2018-03-30 16:09:43', 0, 'Присутствовал на занятии'),
(4265, 247, 0, '2018-04-01 23:05:03', 0, 'Присутствовал на занятии'),
(4266, 247, 0, '2018-04-06 18:01:38', 0, 'Присутствовал на занятии'),
(4267, 247, 0, '2018-04-08 13:07:36', 0, 'Присутствовал на занятии'),
(4268, 247, 1, '2018-04-08 13:07:36', 3200, ''),
(4269, 247, 0, '2018-04-08 15:28:58', 3200, 'Оплата индивидуального пакета'),
(4270, 247, 0, '2018-04-13 15:46:10', 0, 'Присутствовал на занятии'),
(4271, 247, 0, '2018-04-20 16:09:33', 0, 'Присутствовал на занятии'),
(4272, 248, 1, '2018-03-11 14:10:55', 2000, ''),
(4273, 248, 0, '2018-03-11 14:47:06', 2000, 'Оплата индивидуального пакета'),
(4274, 248, 0, '2018-03-18 16:58:27', 0, 'Присутствовал на занятии'),
(4275, 248, 0, '2018-03-25 14:32:58', 0, 'Присутствовал на занятии'),
(4276, 248, 1, '2018-04-08 13:24:40', 2000, 'на 7.04 +3 занятия'),
(4277, 248, 0, '2018-04-08 15:29:54', 0, 'Присутствовал на занятии'),
(4278, 248, 0, '2018-04-10 15:36:20', 1800, 'Оплата индивидуального пакета'),
(4279, 248, 1, '2018-04-15 13:28:36', 1200, 'на 14.04 +6 занятий'),
(4280, 248, 0, '2018-04-15 13:36:12', 900, 'Оплата индивидуального пакета'),
(4281, 248, 0, '2018-04-15 13:37:24', 500, 'Оплата индивидуального пакета'),
(4282, 248, 0, '2018-04-15 14:37:05', 0, 'Присутствовал на занятии'),
(4283, 249, 1, '2018-03-14 17:23:47', 3000, 'сегодня первый урок по новому абонементу'),
(4284, 249, 0, '2018-03-14 18:59:37', 0, 'Присутствовал на занятии'),
(4285, 249, 0, '2018-03-15 11:34:05', 3000, 'Оплата индивидуального пакета'),
(4286, 249, 0, '2018-04-04 18:02:33', 0, 'Присутствовал на занятии'),
(4287, 249, 0, '2018-04-06 13:33:42', 0, 'Отсутствовал на занятии'),
(4288, 250, 1, '2018-03-20 18:05:58', 2000, 'сегодня было первое занятие по новому абонементу'),
(4289, 250, 0, '2018-03-20 19:58:15', 0, 'Присутствовал на занятии'),
(4290, 250, 0, '2018-03-20 23:09:40', 2000, 'Оплата индивидуального пакета'),
(4291, 250, 0, '2018-03-27 19:01:27', 0, 'Присутствовал на занятии'),
(4292, 250, 0, '2018-04-03 18:26:59', 0, 'Присутствовал на занятии'),
(4293, 250, 0, '2018-04-10 19:06:43', 0, 'Присутствовал на занятии'),
(4294, 250, 0, '2018-04-17 19:06:04', 0, 'Присутствовал на занятии'),
(4295, 252, 1, '2018-03-15 13:37:23', 3000, ''),
(4296, 252, 0, '2018-03-15 13:38:48', 3000, 'Оплата индивидуального пакета'),
(4297, 252, 0, '2018-03-18 16:42:07', 0, 'Присутствовал на занятии'),
(4298, 252, 0, '2018-03-25 17:29:19', 0, 'Присутствовал на занятии'),
(4299, 252, 0, '2018-04-01 17:45:40', 0, 'Присутствовал на занятии'),
(4300, 252, 0, '2018-04-08 16:30:57', 0, 'Присутствовал на занятии'),
(4301, 252, 0, '2018-04-15 16:40:14', 0, 'Присутствовал на занятии'),
(4302, 253, 1, '2018-03-17 14:17:31', 800, 'групповое'),
(4303, 253, 0, '2018-03-17 15:09:24', 0, 'Присутствовал на занятии'),
(4304, 253, 0, '2018-03-17 16:09:43', 800, 'Оплата группового пакета'),
(4305, 253, 0, '2018-03-24 15:09:07', 0, 'Присутствовал на занятии'),
(4306, 253, 0, '2018-03-31 15:02:07', 0, 'Присутствовал на занятии'),
(4307, 253, 0, '2018-04-07 13:17:29', 0, 'Присутствовал на занятии'),
(4308, 254, 0, '2018-03-18 15:01:25', 0, 'Присутствовал на занятии'),
(4309, 254, 1, '2018-03-18 15:01:25', 2000, ''),
(4310, 254, 0, '2018-03-18 16:25:58', 2000, 'Оплата индивидуального пакета'),
(4311, 254, 0, '2018-03-25 13:25:12', 0, 'Присутствовал на занятии'),
(4312, 254, 0, '2018-04-01 23:05:34', 0, 'Присутствовал на занятии'),
(4313, 254, 0, '2018-04-08 12:01:46', 0, 'Присутствовал на занятии'),
(4314, 254, 0, '2018-04-15 11:43:18', 0, 'Присутствовал на занятии'),
(4315, 254, 1, '2018-04-15 11:43:18', 3200, ''),
(4316, 254, 0, '2018-04-15 12:23:47', 3200, 'Оплата индивидуального пакета'),
(4317, 255, 0, '2018-03-17 15:09:24', 0, 'Присутствовал на занятии'),
(4318, 255, 1, '2018-03-17 16:08:59', 800, 'групповые'),
(4319, 255, 0, '2018-03-17 16:09:49', 800, 'Оплата группового пакета'),
(4320, 255, 0, '2018-03-24 15:09:07', 0, 'Присутствовал на занятии'),
(4321, 255, 0, '2018-03-31 15:02:07', 0, 'Присутствовал на занятии'),
(4322, 255, 0, '2018-04-07 13:17:29', 0, 'Присутствовал на занятии'),
(4323, 256, 0, '2018-03-23 18:19:52', 0, 'Присутствовал на занятии'),
(4324, 256, 1, '2018-03-25 14:08:19', 2000, '1000 еще донесет '),
(4325, 256, 0, '2018-03-27 10:41:57', 0, 'Присутствовал на занятии'),
(4326, 256, 1, '2018-03-28 13:28:02', 1000, 'довнесла за абонемент за 8 занятий'),
(4327, 256, 0, '2018-03-28 13:33:38', 3000, 'Оплата индивидуального пакета'),
(4328, 256, 0, '2018-03-30 15:54:26', 0, 'Присутствовал на занятии'),
(4329, 256, 0, '2018-04-03 18:58:34', 0, 'Присутствовал на занятии'),
(4330, 256, 0, '2018-04-06 17:47:27', 0, 'Отсутствовал на занятии'),
(4331, 256, 0, '2018-04-06 19:27:14', 0, 'Отсутствовал на занятии'),
(4332, 256, 0, '2018-04-10 18:50:50', 0, 'Присутствовал на занятии'),
(4333, 256, 0, '2018-04-17 16:38:49', 0, 'Отсутствовал на занятии'),
(4334, 256, 0, '2018-04-20 18:08:13', 0, 'Присутствовал на занятии'),
(4335, 257, 0, '2018-03-27 13:43:31', 0, 'Присутствовал на занятии'),
(4336, 257, 1, '2018-03-27 14:38:23', 3000, 'сегодня было первое занятие по новому абонементу'),
(4337, 257, 0, '2018-03-28 13:58:36', 3000, 'Оплата индивидуального пакета'),
(4338, 257, 0, '2018-03-29 14:15:19', 0, 'Присутствовал на занятии'),
(4339, 257, 0, '2018-04-03 15:54:45', 0, 'Присутствовал на занятии'),
(4340, 257, 0, '2018-04-05 15:14:25', 0, 'Присутствовал на занятии'),
(4341, 257, 0, '2018-04-10 15:49:34', 0, 'Присутствовал на занятии'),
(4342, 257, 0, '2018-04-12 13:25:18', 0, 'Присутствовал на занятии'),
(4343, 257, 0, '2018-04-17 13:48:52', 0, 'Присутствовал на занятии'),
(4344, 257, 1, '2018-04-19 14:04:26', 3300, 'на 18.04 в остатке 1 занятие, '),
(4345, 257, 0, '2018-04-19 14:38:26', 0, 'Присутствовал на занятии'),
(4346, 257, 0, '2018-04-19 17:30:13', 3200, 'Оплата индивидуального пакета'),
(4347, 259, 0, '2018-03-22 19:03:03', 0, 'Присутствовал на занятии'),
(4348, 259, 1, '2018-03-22 19:03:03', 500, ''),
(4349, 259, 0, '2018-03-23 20:56:31', 500, 'Оплата индивидуального пакета'),
(4350, 260, 1, '2018-03-21 15:58:22', 3000, 'первая оплата'),
(4351, 260, 0, '2018-03-21 23:38:01', 3000, 'Оплата индивидуального пакета'),
(4352, 260, 0, '2018-03-22 18:34:04', 0, 'Присутствовал на занятии'),
(4353, 260, 0, '2018-03-26 16:56:49', 0, 'Присутствовал на занятии'),
(4354, 260, 0, '2018-04-02 21:14:03', 0, 'Отсутствовал на занятии'),
(4355, 260, 0, '2018-04-09 17:31:01', 0, 'Присутствовал на занятии'),
(4356, 260, 0, '2018-04-16 18:31:42', 0, 'Присутствовал на занятии'),
(4357, 261, 1, '2018-03-29 16:56:27', 500, 'индив за 29.03'),
(4358, 261, 0, '2018-03-29 16:57:12', 500, 'Оплата индивидуального пакета'),
(4359, 261, 0, '2018-03-29 18:31:09', 0, 'Присутствовал на занятии'),
(4360, 262, 1, '2018-03-22 13:17:47', 2000, ''),
(4361, 262, 0, '2018-03-23 20:53:25', 2000, 'Оплата индивидуального пакета'),
(4362, 263, 1, '2018-03-23 20:39:22', 3000, ''),
(4363, 263, 0, '2018-03-23 21:42:40', 0, 'Присутствовал на занятии'),
(4364, 263, 0, '2018-03-23 21:57:23', 3000, 'Оплата индивидуального пакета'),
(4365, 263, 0, '2018-03-25 16:27:50', 0, 'Присутствовал на занятии'),
(4366, 263, 0, '2018-03-27 10:59:23', 0, 'Присутствовал на занятии'),
(4367, 263, 0, '2018-04-03 18:59:36', 0, 'Присутствовал на занятии'),
(4368, 263, 0, '2018-04-06 11:42:22', 0, 'Отсутствовал на занятии'),
(4369, 263, 0, '2018-04-10 19:24:22', 0, 'Отсутствовал на занятии'),
(4370, 263, 0, '2018-04-13 19:29:05', 0, 'Отсутствовал на занятии'),
(4371, 264, 1, '2018-03-24 15:02:41', 500, ''),
(4372, 264, 1, '2018-03-31 18:05:21', 2000, 'сегодня первое занятие по абонементу '),
(4373, 264, 0, '2018-03-31 18:06:49', 500, 'Оплата индивидуального пакета'),
(4374, 264, 0, '2018-03-31 18:07:19', 2000, 'Оплата индивидуального пакета'),
(4375, 264, 0, '2018-03-31 20:10:23', 0, 'Присутствовал на занятии'),
(4376, 264, 0, '2018-04-07 18:09:03', 0, 'Присутствовал на занятии'),
(4377, 264, 0, '2018-04-14 18:40:50', 0, 'Присутствовал на занятии'),
(4378, 265, 1, '2018-03-24 18:31:24', 3000, ''),
(4379, 265, 0, '2018-03-25 14:37:48', 3000, 'Оплата индивидуального пакета'),
(4380, 265, 0, '2018-03-31 18:04:56', 0, 'Присутствовал на занятии'),
(4381, 265, 0, '2018-04-07 17:59:33', 0, 'Присутствовал на занятии'),
(4382, 265, 0, '2018-04-14 16:54:17', 0, 'Присутствовал на занятии'),
(4383, 266, 0, '2018-04-03 17:09:43', 0, 'Присутствовал на занятии'),
(4384, 266, 1, '2018-04-03 17:09:43', 3200, ''),
(4385, 266, 0, '2018-04-04 11:47:15', 3200, 'Оплата индивидуального пакета'),
(4386, 266, 0, '2018-04-07 17:20:54', 0, 'Присутствовал на занятии'),
(4387, 266, 0, '2018-04-10 17:06:48', 0, 'Присутствовал на занятии'),
(4388, 266, 0, '2018-04-14 15:03:59', 0, 'Присутствовал на занятии'),
(4389, 266, 0, '2018-04-17 16:55:55', 0, 'Присутствовал на занятии'),
(4390, 267, 1, '2018-03-28 14:32:18', 3000, 'новый абонемент'),
(4391, 267, 0, '2018-03-28 20:07:03', 3000, 'Оплата индивидуального пакета'),
(4392, 267, 0, '2018-03-29 14:15:57', 0, 'Присутствовал на занятии'),
(4393, 267, 0, '2018-04-05 15:15:16', 0, 'Присутствовал на занятии'),
(4394, 267, 0, '2018-04-12 16:39:20', 0, 'Присутствовал на занятии'),
(4395, 267, 0, '2018-04-19 14:39:02', 0, 'Присутствовал на занятии'),
(4396, 268, 0, '2018-03-29 19:06:09', 0, 'Присутствовал на занятии'),
(4397, 268, 1, '2018-03-29 20:58:10', 500, 'поурочно'),
(4398, 268, 0, '2018-03-29 21:01:40', 500, 'Оплата индивидуального пакета'),
(4399, 268, 0, '2018-04-02 18:58:26', 0, 'Присутствовал на занятии'),
(4400, 268, 0, '2018-04-05 19:51:57', 0, 'Присутствовал на занятии'),
(4401, 268, 1, '2018-04-05 19:51:57', 3200, ''),
(4402, 268, 0, '2018-04-06 16:49:12', 3200, 'Оплата индивидуального пакета'),
(4403, 268, 0, '2018-04-09 19:02:28', 0, 'Присутствовал на занятии'),
(4404, 268, 0, '2018-04-12 19:52:35', 0, 'Присутствовал на занятии'),
(4405, 268, 0, '2018-04-16 18:52:52', 0, 'Присутствовал на занятии'),
(4406, 268, 0, '2018-04-19 20:34:52', 0, 'Присутствовал на занятии'),
(4407, 269, 0, '2018-04-01 17:52:11', 0, 'Присутствовал на занятии'),
(4408, 269, 1, '2018-04-01 17:52:11', 500, ''),
(4409, 269, 0, '2018-04-02 10:02:18', 500, 'Оплата индивидуального пакета'),
(4410, 269, 1, '2018-04-02 14:57:50', 500, 'все по нулям'),
(4411, 269, 1, '2018-04-02 19:17:26', -500, 'корректировка ошибочного зачисления'),
(4412, 269, 0, '2018-04-09 17:29:16', 0, 'Присутствовал на занятии'),
(4413, 269, 1, '2018-04-09 18:28:06', 500, 'поурочно'),
(4414, 269, 0, '2018-04-10 15:15:14', 500, 'Оплата индивидуального пакета'),
(4415, 270, 1, '2018-03-29 20:01:43', 3000, 'сегодня было первое занятие по новому абонементу'),
(4416, 270, 0, '2018-03-29 20:25:05', 0, 'Присутствовал на занятии'),
(4417, 270, 0, '2018-03-29 20:43:48', 3000, 'Оплата индивидуального пакета'),
(4418, 270, 0, '2018-04-05 17:20:52', 0, 'Присутствовал на занятии'),
(4419, 270, 0, '2018-04-14 18:10:55', 0, 'Присутствовал на занятии'),
(4420, 271, 0, '2018-04-02 17:24:32', 0, 'Присутствовал на занятии'),
(4421, 271, 1, '2018-04-02 17:29:51', 2000, 'сегодня первый урок по новому абонементу'),
(4422, 271, 0, '2018-04-02 19:36:30', 1800, 'Оплата индивидуального пакета'),
(4423, 271, 0, '2018-04-09 17:25:13', 0, 'Присутствовал на занятии'),
(4424, 271, 0, '2018-04-16 16:32:03', 0, 'Присутствовал на занятии'),
(4425, 272, 1, '2018-04-06 13:36:33', 500, 'поурочно'),
(4426, 272, 0, '2018-04-06 20:00:41', 0, 'Присутствовал на занятии'),
(4427, 272, 0, '2018-04-06 21:58:57', 500, 'Оплата индивидуального пакета'),
(4428, 273, 1, '2018-04-10 17:56:28', 500, ''),
(4429, 273, 0, '2018-04-10 18:39:14', 500, 'Оплата индивидуального пакета'),
(4430, 273, 0, '2018-04-10 19:09:42', 0, 'Присутствовал на занятии'),
(4431, 276, 0, '2018-04-11 15:50:53', 0, 'Присутствовал на занятии'),
(4432, 276, 1, '2018-04-11 15:50:53', 1800, ''),
(4433, 276, 0, '2018-04-11 16:54:30', 1800, 'Оплата индивидуального пакета'),
(4434, 276, 0, '2018-04-18 15:58:33', 0, 'Присутствовал на занятии'),
(4435, 277, 1, '2018-04-05 17:26:15', 1800, 'первая оплата'),
(4436, 277, 0, '2018-04-05 17:27:21', 1800, 'Оплата индивидуального пакета'),
(4437, 277, 0, '2018-04-06 17:49:46', 0, 'Присутствовал на занятии'),
(4438, 277, 0, '2018-04-13 15:06:22', 0, 'Присутствовал на занятии'),
(4439, 277, 0, '2018-04-20 18:09:12', 0, 'Присутствовал на занятии'),
(4440, 279, 0, '2018-04-09 19:35:43', 0, 'Присутствовал на занятии'),
(4441, 279, 1, '2018-04-10 18:48:20', 1800, 'новый абонемент с 9.04'),
(4442, 279, 0, '2018-04-10 18:49:16', 1800, 'Оплата индивидуального пакета'),
(4443, 279, 0, '2018-04-15 16:26:11', 0, 'Присутствовал на занятии'),
(4444, 0, 1, '2018-04-14 12:52:22', 1000, '2 урока разовых'),
(4445, 0, 0, '2018-04-14 12:54:05', 500, 'Оплата индивидуального пакета'),
(4446, 0, 0, '2018-04-14 12:54:18', 500, 'Оплата индивидуального пакета'),
(4447, 0, 0, '2018-04-14 15:22:08', 0, 'Присутствовал на занятии'),
(4448, 0, 0, '2018-04-15 13:23:32', 0, 'Присутствовал на занятии'),
(4449, 280, 1, '2018-04-09 18:44:47', 3200, ''),
(4450, 280, 0, '2018-04-10 15:05:34', 3200, 'Оплата индивидуального пакета'),
(4451, 280, 0, '2018-04-15 11:58:36', 0, 'Присутствовал на занятии'),
(4452, 281, 1, '2018-04-11 17:11:15', 3200, 'первая оплата'),
(4453, 281, 1, '2018-04-11 17:11:18', 3200, 'первая оплата'),
(4454, 281, 1, '2018-04-11 17:30:58', -3200, 'корректировка баланса'),
(4455, 281, 0, '2018-04-11 17:36:01', 3200, 'Оплата индивидуального пакета'),
(4456, 281, 0, '2018-04-15 16:31:43', 0, 'Присутствовал на занятии'),
(4457, 281, 0, '2018-04-18 19:05:52', 0, 'Присутствовал на занятии'),
(4458, 281, 0, '2018-04-19 19:50:06', 0, 'Присутствовал на занятии'),
(4459, 282, 0, '2018-04-14 16:53:27', 0, 'Присутствовал на занятии'),
(4460, 282, 1, '2018-04-15 10:17:57', 3200, '14.04 первое занятие по абонементу'),
(4461, 282, 0, '2018-04-15 10:18:55', 3200, 'Оплата индивидуального пакета'),
(4462, 283, 1, '2018-04-17 16:56:53', 3200, 'сегодня первое занятие по новому абонементу '),
(4463, 283, 0, '2018-04-17 18:00:38', 0, 'Присутствовал на занятии'),
(4464, 283, 0, '2018-04-18 11:52:07', 3200, 'Оплата индивидуального пакета'),
(4465, 286, 1, '2018-04-16 18:06:19', 800, 'сегодня было первое групповое занятие'),
(4466, 286, 0, '2018-04-16 18:11:50', 0, 'Присутствовал на занятии'),
(4467, 286, 0, '2018-04-17 14:44:41', 800, 'Оплата группового пакета'),
(4468, 286, 0, '2018-04-20 23:08:20', 0, 'Присутствовал на занятии'),
(4469, 287, 1, '2018-04-16 18:05:26', 1600, 'сегодня было первое групповое занятие'),
(4470, 287, 0, '2018-04-16 18:11:50', 0, 'Присутствовал на занятии'),
(4471, 287, 0, '2018-04-17 14:44:47', 800, 'Оплата группового пакета'),
(4472, 287, 0, '2018-04-20 23:08:20', 0, 'Присутствовал на занятии'),
(4473, 288, 0, '2018-04-16 18:12:07', 0, 'Присутствовал на занятии'),
(4474, 288, 1, '2018-04-17 10:57:31', 3200, 'на 17.04 -1 занятие'),
(4475, 288, 0, '2018-04-17 14:44:34', 3200, 'Оплата индивидуального пакета'),
(4476, 289, 1, '2018-04-17 17:56:46', 500, ''),
(4477, 289, 0, '2018-04-17 17:59:17', 0, 'Присутствовал на занятии'),
(4478, 289, 0, '2018-04-18 12:06:55', 500, 'Оплата индивидуального пакета'),
(4479, 291, 1, '2018-04-17 16:30:29', 3200, 'первая оплата');
INSERT INTO `Payment` (`id`, `user`, `type`, `datetime`, `value`, `description`) VALUES
(4480, 291, 0, '2018-04-18 11:52:12', 3200, 'Оплата индивидуального пакета'),
(4481, 291, 0, '2018-04-19 18:03:52', 0, 'Присутствовал на занятии'),
(4482, 292, 1, '2018-04-17 17:37:12', 500, ''),
(4483, 292, 0, '2018-04-17 17:40:50', 0, 'Присутствовал на занятии'),
(4484, 292, 0, '2018-04-18 00:04:55', 500, 'Оплата индивидуального пакета'),
(4485, 293, 1, '2018-04-20 19:53:42', 3200, 'первая оплата'),
(4486, 293, 0, '2018-04-20 19:54:49', 3200, 'Оплата индивидуального пакета');

-- --------------------------------------------------------

--
-- Структура таблицы `Property`
--

CREATE TABLE `Property` (
  `id` int(11) NOT NULL,
  `tag_name` varchar(50) NOT NULL,
  `title` varchar(150) NOT NULL,
  `description` text NOT NULL,
  `type` varchar(50) NOT NULL,
  `multiple` int(11) NOT NULL DEFAULT '1',
  `default_value` text NOT NULL,
  `active` int(11) NOT NULL DEFAULT '1',
  `dir` int(11) NOT NULL,
  `sorting` int(11) NOT NULL
) ENGINE=InnoDB DEFAULT CHARSET=utf8;

--
-- Дамп данных таблицы `Property`
--

INSERT INTO `Property` (`id`, `tag_name`, `title`, `description`, `type`, `multiple`, `default_value`, `active`, `dir`, `sorting`) VALUES
(4, 'description', 'Описание', '', 'text', 1, '', 1, 0, 0),
(9, 'vk', 'Ссылка вконтакте', '', 'string', 0, '', 1, 2, 0),
(10, 'lesson_type', 'Тип урока', '', 'list', 0, '', 1, 2, 0),
(12, 'balance', 'Баланс', '', 'int', 0, '', 1, 2, 0),
(13, 'indev_lessons', 'Кол-во индивидуальных занятий', '', 'int', 0, '', 1, 2, 0),
(14, 'group_lessons', 'Кол-во групповых занятий', '', 'int', 0, '', 1, 2, 0),
(15, '', 'Студия', '', 'list', 0, '0', 1, 2, 0),
(16, 'add_phone', 'Дополнительный телефон', '', 'string', 1, '', 1, 2, 0),
(17, 'lesson_time', 'Длительность урока (мин)', '', 'int', 0, '55', 1, 2, 0),
(18, '', 'Соглашение подписано', '', 'bool', 0, '', 1, 2, 0),
(19, 'notes', 'Примечание', '', 'text', 0, '', 1, 2, 0),
(20, 'instrument', 'Инструмент', '', 'list', 0, '0', 1, 3, 0),
(21, 'teachers', 'Учителя', 'Принадлежность ученика к разным учителям', 'list', 1, '', 1, 2, 0),
(22, 'last_entry', 'Последняя авторизация', '', 'string', 0, '', 1, 2, 0),
(23, 'count', 'Количество', '', 'int', 1, '', 1, 0, 0),
(24, 'param', 'Параметры', '', 'string', 1, '', 1, 0, 0),
(25, 'list', 'Список', '', 'list', 1, '', 1, 0, 0);

-- --------------------------------------------------------

--
-- Структура таблицы `Property_Bool`
--

CREATE TABLE `Property_Bool` (
  `id` int(11) NOT NULL,
  `property_id` int(11) NOT NULL,
  `value` int(11) NOT NULL,
  `model_name` varchar(100) NOT NULL,
  `object_id` int(11) NOT NULL
) ENGINE=InnoDB DEFAULT CHARSET=utf8;

--
-- Дамп данных таблицы `Property_Bool`
--

INSERT INTO `Property_Bool` (`id`, `property_id`, `value`, `model_name`, `object_id`) VALUES
(449, 18, 1, 'User', 15),
(450, 18, 1, 'User', 16),
(451, 18, 1, 'User', 230),
(452, 18, 1, 'User', 233),
(453, 18, 1, 'User', 238),
(454, 18, 1, 'User', 241),
(455, 18, 1, 'User', 242),
(456, 18, 1, 'User', 243),
(457, 18, 1, 'User', 245),
(458, 18, 1, 'User', 247),
(459, 18, 1, 'User', 248),
(460, 18, 1, 'User', 250),
(461, 18, 1, 'User', 252),
(462, 18, 1, 'User', 253),
(463, 18, 1, 'User', 255),
(464, 18, 1, 'User', 256),
(465, 18, 1, 'User', 257),
(466, 18, 1, 'User', 259),
(467, 18, 1, 'User', 260),
(468, 18, 1, 'User', 261),
(469, 18, 1, 'User', 264),
(470, 18, 1, 'User', 265),
(471, 18, 1, 'User', 266),
(472, 18, 1, 'User', 267),
(473, 18, 1, 'User', 268),
(474, 18, 1, 'User', 269),
(475, 18, 1, 'User', 270),
(476, 18, 1, 'User', 272),
(477, 18, 1, 'User', 273),
(478, 18, 1, 'User', 274),
(479, 18, 1, 'User', 275),
(480, 18, 1, 'User', 276),
(481, 18, 1, 'User', 277),
(482, 18, 1, 'User', 279),
(483, 18, 1, 'User', 282),
(484, 18, 1, 'User', 283),
(485, 18, 1, 'User', 286),
(486, 18, 1, 'User', 288),
(487, 18, 1, 'User', 289),
(488, 18, 1, 'User', 291),
(496, 18, 1, 'User', 293);

-- --------------------------------------------------------

--
-- Структура таблицы `Property_Bool_Assigment`
--

CREATE TABLE `Property_Bool_Assigment` (
  `id` int(11) NOT NULL,
  `property_id` int(11) NOT NULL,
  `object_id` int(11) NOT NULL,
  `model_name` text NOT NULL
) ENGINE=InnoDB DEFAULT CHARSET=utf8;

--
-- Дамп данных таблицы `Property_Bool_Assigment`
--

INSERT INTO `Property_Bool_Assigment` (`id`, `property_id`, `object_id`, `model_name`) VALUES
(1, 18, 5, 'User_Group'),
(455, 18, 15, 'User'),
(456, 18, 16, 'User'),
(457, 18, 230, 'User'),
(458, 18, 233, 'User'),
(459, 18, 238, 'User'),
(460, 18, 241, 'User'),
(461, 18, 242, 'User'),
(462, 18, 243, 'User'),
(463, 18, 245, 'User'),
(464, 18, 247, 'User'),
(465, 18, 248, 'User'),
(466, 18, 250, 'User'),
(467, 18, 252, 'User'),
(468, 18, 253, 'User'),
(469, 18, 255, 'User'),
(470, 18, 256, 'User'),
(471, 18, 257, 'User'),
(472, 18, 259, 'User'),
(473, 18, 260, 'User'),
(474, 18, 261, 'User'),
(475, 18, 264, 'User'),
(476, 18, 265, 'User'),
(477, 18, 266, 'User'),
(478, 18, 267, 'User'),
(479, 18, 268, 'User'),
(480, 18, 269, 'User'),
(481, 18, 270, 'User'),
(482, 18, 272, 'User'),
(483, 18, 273, 'User'),
(484, 18, 274, 'User'),
(485, 18, 275, 'User'),
(486, 18, 276, 'User'),
(487, 18, 277, 'User'),
(488, 18, 279, 'User'),
(489, 18, 282, 'User'),
(490, 18, 283, 'User'),
(491, 18, 286, 'User'),
(492, 18, 288, 'User'),
(493, 18, 289, 'User'),
(494, 18, 291, 'User'),
(495, 18, 293, 'User');

-- --------------------------------------------------------

--
-- Структура таблицы `Property_Dir`
--

CREATE TABLE `Property_Dir` (
  `id` int(11) NOT NULL,
  `title` varchar(150) NOT NULL,
  `description` text NOT NULL,
  `dir` int(11) NOT NULL,
  `sorting` int(11) NOT NULL
) ENGINE=InnoDB DEFAULT CHARSET=utf8;

--
-- Дамп данных таблицы `Property_Dir`
--

INSERT INTO `Property_Dir` (`id`, `title`, `description`, `dir`, `sorting`) VALUES
(1, 'musadm', '', 0, 0),
(2, 'Ученики', '', 1, 10),
(3, 'Учителя', '', 1, 20);

-- --------------------------------------------------------

--
-- Структура таблицы `Property_Int`
--

CREATE TABLE `Property_Int` (
  `id` int(11) NOT NULL,
  `property_id` int(11) NOT NULL,
  `value` float NOT NULL,
  `model_name` varchar(100) NOT NULL,
  `object_id` int(11) NOT NULL
) ENGINE=InnoDB DEFAULT CHARSET=utf8;

--
-- Дамп данных таблицы `Property_Int`
--

INSERT INTO `Property_Int` (`id`, `property_id`, `value`, `model_name`, `object_id`) VALUES
(10066, 12, 0, 'User', 2),
(10067, 13, 0, 'User', 2),
(10068, 14, 0, 'User', 2),
(10069, 12, 0, 'User', 3),
(10070, 13, 0, 'User', 3),
(10071, 14, 0, 'User', 3),
(10072, 12, 0, 'User', 4),
(10073, 13, 0, 'User', 4),
(10074, 14, 0, 'User', 4),
(10075, 12, 0, 'User', 5),
(10076, 13, 0, 'User', 5),
(10077, 14, 0, 'User', 5),
(10078, 12, 0, 'User', 6),
(10079, 13, 0, 'User', 6),
(10080, 14, 0, 'User', 6),
(10081, 12, 0, 'User', 7),
(10082, 13, 0, 'User', 7),
(10083, 14, 0, 'User', 7),
(10084, 12, 0, 'User', 8),
(10085, 13, 0, 'User', 8),
(10086, 14, 0, 'User', 8),
(10087, 12, 0, 'User', 9),
(10088, 13, 0, 'User', 9),
(10089, 14, 0, 'User', 9),
(10090, 12, 0, 'User', 10),
(10091, 13, 0, 'User', 10),
(10092, 14, 0, 'User', 10),
(10093, 12, 0, 'User', 11),
(10094, 13, 0, 'User', 11),
(10095, 14, 0, 'User', 11),
(10096, 12, 0, 'User', 12),
(10097, 13, 0, 'User', 12),
(10098, 14, 0, 'User', 12),
(10099, 12, 0, 'User', 13),
(10100, 13, 0, 'User', 13),
(10101, 14, 0, 'User', 13),
(10102, 12, 0, 'User', 14),
(10103, 13, 0, 'User', 14),
(10104, 14, 0, 'User', 14),
(10105, 12, 0, 'User', 15),
(10106, 13, -1, 'User', 15),
(10107, 14, 0, 'User', 15),
(10108, 12, 200, 'User', 16),
(10109, 13, 3, 'User', 16),
(10110, 14, 0, 'User', 16),
(10111, 12, 0, 'User', 17),
(10112, 13, 5, 'User', 17),
(10113, 14, 0, 'User', 17),
(10114, 12, 0, 'User', 18),
(10115, 13, 1, 'User', 18),
(10116, 14, 0, 'User', 18),
(10117, 12, 0, 'User', 19),
(10118, 13, 0, 'User', 19),
(10119, 14, 0, 'User', 19),
(10120, 12, 1, 'User', 20),
(10121, 13, 0, 'User', 20),
(10122, 14, 0, 'User', 20),
(10123, 12, 1, 'User', 21),
(10124, 13, -1, 'User', 21),
(10125, 14, 0, 'User', 21),
(10126, 12, 0, 'User', 22),
(10127, 13, 4, 'User', 22),
(10128, 14, 0, 'User', 22),
(10129, 12, 0, 'User', 23),
(10130, 13, 0, 'User', 23),
(10131, 14, 0, 'User', 23),
(10132, 12, 0, 'User', 24),
(10133, 13, 0, 'User', 24),
(10134, 14, 0, 'User', 24),
(10135, 12, 0, 'User', 25),
(10136, 13, 3, 'User', 25),
(10137, 14, 0, 'User', 25),
(10138, 12, 0, 'User', 26),
(10139, 13, -3, 'User', 26),
(10140, 14, 0, 'User', 26),
(10141, 12, 0, 'User', 27),
(10142, 13, 4, 'User', 27),
(10143, 14, 0, 'User', 27),
(10144, 12, 50, 'User', 28),
(10145, 13, 3, 'User', 28),
(10146, 14, 0, 'User', 28),
(10147, 12, 0, 'User', 29),
(10148, 13, 1, 'User', 29),
(10149, 14, 0, 'User', 29),
(10150, 12, 0, 'User', 30),
(10151, 13, -3, 'User', 30),
(10152, 14, 0, 'User', 30),
(10153, 12, 0, 'User', 31),
(10154, 13, 0, 'User', 31),
(10155, 14, 0, 'User', 31),
(10156, 12, 0, 'User', 32),
(10157, 13, 1, 'User', 32),
(10158, 14, 0, 'User', 32),
(10159, 12, 0, 'User', 33),
(10160, 13, 2, 'User', 33),
(10161, 14, 0, 'User', 33),
(10162, 12, 0, 'User', 34),
(10163, 13, 3, 'User', 34),
(10164, 14, 0, 'User', 34),
(10165, 12, 0, 'User', 35),
(10166, 13, 4, 'User', 35),
(10167, 14, 0, 'User', 35),
(10168, 12, 0, 'User', 36),
(10169, 13, 1, 'User', 36),
(10170, 14, 1, 'User', 36),
(10171, 12, 0, 'User', 37),
(10172, 13, 4, 'User', 37),
(10173, 14, 0, 'User', 37),
(10174, 12, 0, 'User', 38),
(10175, 13, 2, 'User', 38),
(10176, 14, 0, 'User', 38),
(10177, 12, 0, 'User', 39),
(10178, 13, -3, 'User', 39),
(10179, 14, 0, 'User', 39),
(10180, 12, 0, 'User', 40),
(10181, 13, 0, 'User', 40),
(10182, 14, 0, 'User', 40),
(10183, 12, 0, 'User', 41),
(10184, 13, 0, 'User', 41),
(10185, 14, 0, 'User', 41),
(10186, 12, 0, 'User', 42),
(10187, 13, 0, 'User', 42),
(10188, 14, 0, 'User', 42),
(10189, 12, 0, 'User', 43),
(10190, 13, 0, 'User', 43),
(10191, 14, 2, 'User', 43),
(10192, 12, 0, 'User', 44),
(10193, 13, 0, 'User', 44),
(10194, 14, 0, 'User', 44),
(10195, 12, 0, 'User', 45),
(10196, 13, 4, 'User', 45),
(10197, 14, 0, 'User', 45),
(10198, 12, 0, 'User', 46),
(10199, 13, 0, 'User', 46),
(10200, 14, 0, 'User', 46),
(10201, 12, 0, 'User', 47),
(10202, 13, 2, 'User', 47),
(10203, 14, 0, 'User', 47),
(10204, 12, 50, 'User', 48),
(10205, 13, 7, 'User', 48),
(10206, 14, 0, 'User', 48),
(10207, 12, 0, 'User', 49),
(10208, 13, 3, 'User', 49),
(10209, 14, 0, 'User', 49),
(10210, 12, 0, 'User', 50),
(10211, 13, 2, 'User', 50),
(10212, 14, 0, 'User', 50),
(10213, 12, 1, 'User', 51),
(10214, 13, 0, 'User', 51),
(10215, 14, 0, 'User', 51),
(10216, 12, 0, 'User', 52),
(10217, 13, -3, 'User', 52),
(10218, 14, 0, 'User', 52),
(10219, 12, 0, 'User', 53),
(10220, 13, 1, 'User', 53),
(10221, 14, 0, 'User', 53),
(10222, 12, 0, 'User', 54),
(10223, 13, 2, 'User', 54),
(10224, 14, 0, 'User', 54),
(10225, 12, 0, 'User', 55),
(10226, 13, 0, 'User', 55),
(10227, 14, 0, 'User', 55),
(10228, 12, 0, 'User', 56),
(10229, 13, 4, 'User', 56),
(10230, 14, 0, 'User', 56),
(10231, 12, 0, 'User', 57),
(10232, 13, 3, 'User', 57),
(10233, 14, 0, 'User', 57),
(10234, 12, 0, 'User', 58),
(10235, 13, 7, 'User', 58),
(10236, 14, 0, 'User', 58),
(10237, 12, 0, 'User', 59),
(10238, 13, 1, 'User', 59),
(10239, 14, 0, 'User', 59),
(10240, 12, 0, 'User', 60),
(10241, 13, -6, 'User', 60),
(10242, 14, 0, 'User', 60),
(10243, 12, 0, 'User', 61),
(10244, 13, 5, 'User', 61),
(10245, 14, 0, 'User', 61),
(10246, 12, 0, 'User', 62),
(10247, 13, 0, 'User', 62),
(10248, 14, 0, 'User', 62),
(10249, 12, 0, 'User', 63),
(10250, 13, 7, 'User', 63),
(10251, 14, 0, 'User', 63),
(10252, 12, 0, 'User', 64),
(10253, 13, 2, 'User', 64),
(10254, 14, 0, 'User', 64),
(10255, 12, 0, 'User', 65),
(10256, 13, 4, 'User', 65),
(10257, 14, 0, 'User', 65),
(10258, 12, 0, 'User', 66),
(10259, 13, 0, 'User', 66),
(10260, 14, 0, 'User', 66),
(10261, 12, 0, 'User', 67),
(10262, 13, 4, 'User', 67),
(10263, 14, 0, 'User', 67),
(10264, 12, 0, 'User', 68),
(10265, 13, 1, 'User', 68),
(10266, 14, 0, 'User', 68),
(10267, 12, 0, 'User', 69),
(10268, 13, 2, 'User', 69),
(10269, 14, 0, 'User', 69),
(10270, 12, 0, 'User', 70),
(10271, 13, 0, 'User', 70),
(10272, 14, 0, 'User', 70),
(10273, 12, 0, 'User', 71),
(10274, 13, -2, 'User', 71),
(10275, 14, 0, 'User', 71),
(10276, 12, 0, 'User', 72),
(10277, 13, 2, 'User', 72),
(10278, 14, 0, 'User', 72),
(10279, 12, 0, 'User', 73),
(10280, 13, 1, 'User', 73),
(10281, 14, 0, 'User', 73),
(10282, 12, 0, 'User', 74),
(10283, 13, 0, 'User', 74),
(10284, 14, 0, 'User', 74),
(10285, 12, 1, 'User', 75),
(10286, 13, 1, 'User', 75),
(10287, 14, 0, 'User', 75),
(10288, 12, 0, 'User', 76),
(10289, 13, 3, 'User', 76),
(10290, 14, 0, 'User', 76),
(10291, 12, 0, 'User', 77),
(10292, 13, -1, 'User', 77),
(10293, 14, 0, 'User', 77),
(10294, 12, 0, 'User', 78),
(10295, 13, 4, 'User', 78),
(10296, 14, 0, 'User', 78),
(10297, 12, 1, 'User', 79),
(10298, 13, 0, 'User', 79),
(10299, 14, 0, 'User', 79),
(10300, 12, 0, 'User', 80),
(10301, 13, 4, 'User', 80),
(10302, 14, 0, 'User', 80),
(10303, 12, 0, 'User', 81),
(10304, 13, 0, 'User', 81),
(10305, 14, 0, 'User', 81),
(10306, 12, 0, 'User', 82),
(10307, 13, 4, 'User', 82),
(10308, 14, 0, 'User', 82),
(10309, 12, 0, 'User', 83),
(10310, 13, 0, 'User', 83),
(10311, 14, 0, 'User', 83),
(10312, 12, 0, 'User', 84),
(10313, 13, -1, 'User', 84),
(10314, 14, 0, 'User', 84),
(10315, 12, 0, 'User', 85),
(10316, 13, 7, 'User', 85),
(10317, 14, 0, 'User', 85),
(10318, 12, 0, 'User', 86),
(10319, 13, 4, 'User', 86),
(10320, 14, 0, 'User', 86),
(10321, 12, 0, 'User', 87),
(10322, 13, 2, 'User', 87),
(10323, 14, 0, 'User', 87),
(10324, 12, 0, 'User', 88),
(10325, 13, 0, 'User', 88),
(10326, 14, 0, 'User', 88),
(10327, 12, 0, 'User', 89),
(10328, 13, 0, 'User', 89),
(10329, 14, 0, 'User', 89),
(10330, 12, 0, 'User', 90),
(10331, 13, 0, 'User', 90),
(10332, 14, 0, 'User', 90),
(10333, 12, 0, 'User', 91),
(10334, 13, 0, 'User', 91),
(10335, 14, 0, 'User', 91),
(10336, 12, 0, 'User', 92),
(10337, 13, 3, 'User', 92),
(10338, 14, 0, 'User', 92),
(10339, 12, 0, 'User', 93),
(10340, 13, 2, 'User', 93),
(10341, 14, 0, 'User', 93),
(10342, 12, 0, 'User', 94),
(10343, 13, 0, 'User', 94),
(10344, 14, 0, 'User', 94),
(10345, 12, 1200, 'User', 95),
(10346, 13, 1, 'User', 95),
(10347, 14, 0, 'User', 95),
(10348, 12, 0, 'User', 96),
(10349, 13, -1, 'User', 96),
(10350, 14, 0, 'User', 96),
(10351, 12, 800, 'User', 97),
(10352, 13, 2, 'User', 97),
(10353, 14, 1, 'User', 97),
(10354, 12, 0, 'User', 98),
(10355, 13, 0, 'User', 98),
(10356, 14, 0, 'User', 98),
(10357, 12, 0, 'User', 99),
(10358, 13, 0, 'User', 99),
(10359, 14, 0, 'User', 99),
(10360, 12, 0, 'User', 100),
(10361, 13, 4, 'User', 100),
(10362, 14, 0, 'User', 100),
(10363, 12, 1400, 'User', 101),
(10364, 13, -1, 'User', 101),
(10365, 14, 0, 'User', 101),
(10366, 12, 0, 'User', 102),
(10367, 13, 1, 'User', 102),
(10368, 14, 0, 'User', 102),
(10369, 12, 0, 'User', 103),
(10370, 13, -1, 'User', 103),
(10371, 14, 0, 'User', 103),
(10372, 12, 0, 'User', 104),
(10373, 13, 2, 'User', 104),
(10374, 14, 0, 'User', 104),
(10375, 12, 0, 'User', 105),
(10376, 13, 0, 'User', 105),
(10377, 14, 0, 'User', 105),
(10378, 12, 0, 'User', 106),
(10379, 13, 0, 'User', 106),
(10380, 14, 0, 'User', 106),
(10381, 12, 0, 'User', 107),
(10382, 13, 0, 'User', 107),
(10383, 14, 0, 'User', 107),
(10384, 12, 0, 'User', 108),
(10385, 13, 0, 'User', 108),
(10386, 14, 0, 'User', 108),
(10387, 12, 0, 'User', 109),
(10388, 13, 2, 'User', 109),
(10389, 14, 0, 'User', 109),
(10390, 12, 0, 'User', 110),
(10391, 13, 14, 'User', 110),
(10392, 14, 0, 'User', 110),
(10393, 12, 0, 'User', 111),
(10394, 13, 0, 'User', 111),
(10395, 14, 0, 'User', 111),
(10396, 12, 0, 'User', 112),
(10397, 13, 0, 'User', 112),
(10398, 14, 0, 'User', 112),
(10399, 12, 0, 'User', 113),
(10400, 13, 0, 'User', 113),
(10401, 14, 0, 'User', 113),
(10402, 12, 0, 'User', 114),
(10403, 13, 0, 'User', 114),
(10404, 14, 0, 'User', 114),
(10405, 12, 0, 'User', 115),
(10406, 13, -2, 'User', 115),
(10407, 14, 0, 'User', 115),
(10408, 12, 0, 'User', 116),
(10409, 13, -1, 'User', 116),
(10410, 14, 0, 'User', 116),
(10411, 12, 0, 'User', 117),
(10412, 13, 0, 'User', 117),
(10413, 14, 0, 'User', 117),
(10414, 12, 0, 'User', 118),
(10415, 13, 1, 'User', 118),
(10416, 14, 0, 'User', 118),
(10417, 12, 0, 'User', 119),
(10418, 13, 4, 'User', 119),
(10419, 14, 0, 'User', 119),
(10420, 12, 0, 'User', 120),
(10421, 13, 0, 'User', 120),
(10422, 14, 2, 'User', 120),
(10423, 12, 500, 'User', 121),
(10424, 13, 0, 'User', 121),
(10425, 14, 0, 'User', 121),
(10426, 12, 0, 'User', 122),
(10427, 13, 0, 'User', 122),
(10428, 14, 0, 'User', 122),
(10429, 12, 500, 'User', 123),
(10430, 13, -2, 'User', 123),
(10431, 14, 0, 'User', 123),
(10432, 12, 0, 'User', 124),
(10433, 13, 0, 'User', 124),
(10434, 14, 0, 'User', 124),
(10435, 12, 3200, 'User', 125),
(10436, 13, 2, 'User', 125),
(10437, 14, 0, 'User', 125),
(10438, 12, 0, 'User', 126),
(10439, 13, -1, 'User', 126),
(10440, 14, 0, 'User', 126),
(10441, 12, 0, 'User', 127),
(10442, 13, 7, 'User', 127),
(10443, 14, 0, 'User', 127),
(10444, 12, 0, 'User', 128),
(10445, 13, 0, 'User', 128),
(10446, 14, 0, 'User', 128),
(10447, 12, 0, 'User', 129),
(10448, 13, 0, 'User', 129),
(10449, 14, 0, 'User', 129),
(10450, 12, 200, 'User', 130),
(10451, 13, 3, 'User', 130),
(10452, 14, 0, 'User', 130),
(10453, 12, 0, 'User', 131),
(10454, 13, 1, 'User', 131),
(10455, 14, 0, 'User', 131),
(10456, 12, 0, 'User', 132),
(10457, 13, 2, 'User', 132),
(10458, 14, 0, 'User', 132),
(10459, 12, 1, 'User', 133),
(10460, 13, 0, 'User', 133),
(10461, 14, 0, 'User', 133),
(10462, 12, 0, 'User', 134),
(10463, 13, 0, 'User', 134),
(10464, 14, 0, 'User', 134),
(10465, 12, 0, 'User', 135),
(10466, 13, 0, 'User', 135),
(10467, 14, 0, 'User', 135),
(10468, 12, 2, 'User', 136),
(10469, 13, 2, 'User', 136),
(10470, 14, 0, 'User', 136),
(10471, 12, 200, 'User', 137),
(10472, 13, 0, 'User', 137),
(10473, 14, 0, 'User', 137),
(10474, 12, 0, 'User', 138),
(10475, 13, 0, 'User', 138),
(10476, 14, 0, 'User', 138),
(10477, 12, 0, 'User', 139),
(10478, 13, 7, 'User', 139),
(10479, 14, 0, 'User', 139),
(10480, 12, 0, 'User', 140),
(10481, 13, 0, 'User', 140),
(10482, 14, 0, 'User', 140),
(10483, 12, 0, 'User', 141),
(10484, 13, 1, 'User', 141),
(10485, 14, 0, 'User', 141),
(10486, 12, 0, 'User', 142),
(10487, 13, 0, 'User', 142),
(10488, 14, 0, 'User', 142),
(10489, 12, 0, 'User', 143),
(10490, 13, 0, 'User', 143),
(10491, 14, 0, 'User', 143),
(10492, 12, 0, 'User', 144),
(10493, 13, 5, 'User', 144),
(10494, 14, 0, 'User', 144),
(10495, 12, 0, 'User', 145),
(10496, 13, 0, 'User', 145),
(10497, 14, 0, 'User', 145),
(10498, 12, 0, 'User', 146),
(10499, 13, 0, 'User', 146),
(10500, 14, 0, 'User', 146),
(10501, 12, 0, 'User', 147),
(10502, 13, 0, 'User', 147),
(10503, 14, 0, 'User', 147),
(10504, 12, 1600, 'User', 148),
(10505, 13, 5, 'User', 148),
(10506, 14, 1, 'User', 148),
(10507, 12, 0, 'User', 149),
(10508, 13, 5, 'User', 149),
(10509, 14, 0, 'User', 149),
(10510, 12, 0, 'User', 150),
(10511, 13, 1, 'User', 150),
(10512, 14, 0, 'User', 150),
(10513, 12, 0, 'User', 151),
(10514, 13, 0, 'User', 151),
(10515, 14, 0, 'User', 151),
(10516, 12, 0, 'User', 152),
(10517, 13, 2, 'User', 152),
(10518, 14, 0, 'User', 152),
(10519, 12, 0, 'User', 153),
(10520, 13, 0, 'User', 153),
(10521, 14, 0, 'User', 153),
(10522, 12, 0, 'User', 154),
(10523, 13, 0, 'User', 154),
(10524, 14, 0, 'User', 154),
(10525, 12, 0, 'User', 155),
(10526, 13, 0, 'User', 155),
(10527, 14, 0, 'User', 155),
(10528, 12, 0, 'User', 156),
(10529, 13, 0, 'User', 156),
(10530, 14, 0, 'User', 156),
(10531, 12, 0, 'User', 157),
(10532, 13, 3, 'User', 157),
(10533, 14, 0, 'User', 157),
(10534, 12, 0, 'User', 158),
(10535, 13, 3, 'User', 158),
(10536, 14, 0, 'User', 158),
(10537, 12, 0, 'User', 159),
(10538, 13, 0, 'User', 159),
(10539, 14, 0, 'User', 159),
(10540, 12, 0, 'User', 160),
(10541, 13, 4, 'User', 160),
(10542, 14, 0, 'User', 160),
(10543, 12, 0, 'User', 161),
(10544, 13, 0, 'User', 161),
(10545, 14, 0, 'User', 161),
(10546, 12, 0, 'User', 162),
(10547, 13, 0, 'User', 162),
(10548, 14, 0, 'User', 162),
(10549, 12, 0, 'User', 163),
(10550, 13, 3, 'User', 163),
(10551, 14, 0, 'User', 163),
(10552, 12, 0, 'User', 164),
(10553, 13, 0, 'User', 164),
(10554, 14, 0, 'User', 164),
(10555, 12, 0, 'User', 165),
(10556, 13, 0, 'User', 165),
(10557, 14, 0, 'User', 165),
(10558, 12, 0, 'User', 166),
(10559, 13, 9, 'User', 166),
(10560, 14, 0, 'User', 166),
(10561, 12, 0, 'User', 167),
(10562, 13, 7, 'User', 167),
(10563, 14, 0, 'User', 167),
(10564, 12, 0, 'User', 168),
(10565, 13, 0, 'User', 168),
(10566, 14, 0, 'User', 168),
(10567, 12, 0, 'User', 169),
(10568, 13, -3, 'User', 169),
(10569, 14, 0, 'User', 169),
(10570, 12, 5, 'User', 170),
(10571, 13, 0, 'User', 170),
(10572, 14, 0, 'User', 170),
(10573, 12, 0, 'User', 171),
(10574, 13, 0, 'User', 171),
(10575, 14, 0, 'User', 171),
(10576, 12, 0, 'User', 172),
(10577, 13, 0, 'User', 172),
(10578, 14, 0, 'User', 172),
(10579, 12, 0, 'User', 173),
(10580, 13, 0, 'User', 173),
(10581, 14, 2, 'User', 173),
(10582, 12, 0, 'User', 174),
(10583, 13, 0, 'User', 174),
(10584, 14, 2, 'User', 174),
(10585, 12, 0, 'User', 175),
(10586, 13, 5, 'User', 175),
(10587, 14, 0, 'User', 175),
(10588, 12, 0, 'User', 176),
(10589, 13, 1, 'User', 176),
(10590, 14, 0, 'User', 176),
(10591, 12, 0, 'User', 177),
(10592, 13, 0, 'User', 177),
(10593, 14, 0, 'User', 177),
(10594, 12, 0, 'User', 178),
(10595, 13, 0, 'User', 178),
(10596, 14, 0, 'User', 178),
(10597, 12, 0, 'User', 179),
(10598, 13, 2, 'User', 179),
(10599, 14, 0, 'User', 179),
(10600, 12, 0, 'User', 180),
(10601, 13, 1, 'User', 180),
(10602, 14, 0, 'User', 180),
(10603, 12, 0, 'User', 181),
(10604, 13, 1, 'User', 181),
(10605, 14, 0, 'User', 181),
(10606, 12, 0, 'User', 182),
(10607, 13, 0, 'User', 182),
(10608, 14, 0, 'User', 182),
(10609, 12, 0, 'User', 183),
(10610, 13, 5, 'User', 183),
(10611, 14, 0, 'User', 183),
(10612, 12, 0, 'User', 184),
(10613, 13, 3, 'User', 184),
(10614, 14, 0, 'User', 184),
(10615, 12, 0, 'User', 185),
(10616, 13, 1, 'User', 185),
(10617, 14, 0, 'User', 185),
(10618, 12, 0, 'User', 186),
(10619, 13, 1, 'User', 186),
(10620, 14, 0, 'User', 186),
(10621, 12, 0, 'User', 187),
(10622, 13, 0, 'User', 187),
(10623, 14, 0, 'User', 187),
(10624, 12, 0, 'User', 188),
(10625, 13, -1, 'User', 188),
(10626, 14, 0, 'User', 188),
(10627, 12, 0, 'User', 189),
(10628, 13, 0, 'User', 189),
(10629, 14, 0, 'User', 189),
(10630, 12, 0, 'User', 190),
(10631, 13, 2, 'User', 190),
(10632, 14, 0, 'User', 190),
(10633, 12, 0, 'User', 191),
(10634, 13, 4, 'User', 191),
(10635, 14, 0, 'User', 191),
(10636, 12, 0, 'User', 192),
(10637, 13, 1, 'User', 192),
(10638, 14, 0, 'User', 192),
(10639, 12, 0, 'User', 193),
(10640, 13, 7, 'User', 193),
(10641, 14, 0, 'User', 193),
(10642, 12, 0, 'User', 194),
(10643, 13, 3, 'User', 194),
(10644, 14, 0, 'User', 194),
(10645, 12, 0, 'User', 195),
(10646, 13, 0, 'User', 195),
(10647, 14, 0, 'User', 195),
(10648, 12, 0, 'User', 196),
(10649, 13, 3, 'User', 196),
(10650, 14, 0, 'User', 196),
(10651, 12, 0, 'User', 197),
(10652, 13, 0, 'User', 197),
(10653, 14, 0, 'User', 197),
(10654, 12, 0, 'User', 198),
(10655, 13, -1, 'User', 198),
(10656, 14, 0, 'User', 198),
(10657, 12, 0, 'User', 199),
(10658, 13, 1, 'User', 199),
(10659, 14, 0, 'User', 199),
(10660, 12, 0, 'User', 200),
(10661, 13, 0, 'User', 200),
(10662, 14, 0, 'User', 200),
(10663, 12, 0, 'User', 201),
(10664, 13, 0, 'User', 201),
(10665, 14, 0, 'User', 201),
(10666, 12, 0, 'User', 202),
(10667, 13, 0, 'User', 202),
(10668, 14, 0, 'User', 202),
(10669, 12, 0, 'User', 203),
(10670, 13, -1, 'User', 203),
(10671, 14, 0, 'User', 203),
(10672, 12, 0, 'User', 204),
(10673, 13, 6, 'User', 204),
(10674, 14, 0, 'User', 204),
(10675, 12, 0, 'User', 205),
(10676, 13, 0, 'User', 205),
(10677, 14, 0, 'User', 205),
(10678, 12, 0, 'User', 206),
(10679, 13, 1, 'User', 206),
(10680, 14, 0, 'User', 206),
(10681, 12, 100, 'User', 207),
(10682, 13, -1, 'User', 207),
(10683, 14, 0, 'User', 207),
(10684, 12, 0, 'User', 208),
(10685, 13, 6, 'User', 208),
(10686, 14, 0, 'User', 208),
(10687, 12, 0, 'User', 209),
(10688, 13, 0, 'User', 209),
(10689, 14, 0, 'User', 209),
(10690, 12, 0, 'User', 210),
(10691, 13, 0, 'User', 210),
(10692, 14, 0, 'User', 210),
(10693, 12, 0, 'User', 211),
(10694, 13, 0, 'User', 211),
(10695, 14, 0, 'User', 211),
(10696, 12, 0, 'User', 212),
(10697, 13, 0, 'User', 212),
(10698, 14, 0, 'User', 212),
(10699, 12, 0, 'User', 213),
(10700, 13, 2, 'User', 213),
(10701, 14, 0, 'User', 213),
(10702, 12, 0, 'User', 214),
(10703, 13, 0, 'User', 214),
(10704, 14, 0, 'User', 214),
(10705, 12, 0, 'User', 215),
(10706, 13, 0, 'User', 215),
(10707, 14, 0, 'User', 215),
(10708, 12, 0, 'User', 216),
(10709, 13, 0, 'User', 216),
(10710, 14, 0, 'User', 216),
(10711, 12, 150, 'User', 217),
(10712, 13, 0, 'User', 217),
(10713, 14, 2, 'User', 217),
(10714, 12, 150, 'User', 218),
(10715, 13, 0, 'User', 218),
(10716, 14, 2, 'User', 218),
(10717, 12, 0, 'User', 219),
(10718, 13, 0, 'User', 219),
(10719, 14, 0, 'User', 219),
(10720, 12, 0, 'User', 220),
(10721, 13, 2, 'User', 220),
(10722, 14, 0, 'User', 220),
(10723, 12, 0, 'User', 221),
(10724, 13, 8, 'User', 221),
(10725, 14, 0, 'User', 221),
(10726, 12, 0, 'User', 222),
(10727, 13, -1, 'User', 222),
(10728, 14, 0, 'User', 222),
(10729, 12, 0, 'User', 223),
(10730, 13, 0, 'User', 223),
(10731, 14, -1, 'User', 223),
(10732, 12, 0, 'User', 224),
(10733, 13, 0, 'User', 224),
(10734, 14, -1, 'User', 224),
(10735, 12, 0, 'User', 225),
(10736, 13, -1, 'User', 225),
(10737, 14, 0, 'User', 225),
(10738, 12, 0, 'User', 226),
(10739, 13, -4, 'User', 226),
(10740, 14, 0, 'User', 226),
(10741, 12, 0, 'User', 227),
(10742, 13, 1, 'User', 227),
(10743, 14, 0, 'User', 227),
(10744, 12, 0, 'User', 228),
(10745, 13, 0, 'User', 228),
(10746, 14, 0, 'User', 228),
(10747, 12, 0, 'User', 229),
(10748, 13, 0, 'User', 229),
(10749, 14, 1, 'User', 229),
(10750, 12, 0, 'User', 230),
(10751, 13, 6, 'User', 230),
(10752, 14, 0, 'User', 230),
(10753, 12, 0, 'User', 231),
(10754, 13, 0, 'User', 231),
(10755, 14, 0, 'User', 231),
(10756, 12, 0, 'User', 232),
(10757, 13, 6, 'User', 232),
(10758, 14, 0, 'User', 232),
(10759, 12, 0, 'User', 233),
(10760, 13, 4, 'User', 233),
(10761, 14, 0, 'User', 233),
(10762, 12, 0, 'User', 234),
(10763, 13, 2, 'User', 234),
(10764, 14, 0, 'User', 234),
(10765, 12, 0, 'User', 235),
(10766, 13, 0, 'User', 235),
(10767, 14, 1, 'User', 235),
(10768, 12, 0, 'User', 236),
(10769, 13, 0, 'User', 236),
(10770, 14, 0, 'User', 236),
(10771, 12, 0, 'User', 237),
(10772, 13, 0, 'User', 237),
(10773, 14, 0, 'User', 237),
(10774, 12, 0, 'User', 238),
(10775, 13, 0, 'User', 238),
(10776, 14, 0, 'User', 238),
(10777, 12, 200, 'User', 239),
(10778, 13, 0, 'User', 239),
(10779, 14, 0, 'User', 239),
(10780, 12, 0, 'User', 240),
(10781, 13, 0, 'User', 240),
(10782, 14, 0, 'User', 240),
(10783, 12, 0, 'User', 241),
(10784, 13, 6, 'User', 241),
(10785, 14, 0, 'User', 241),
(10786, 12, 0, 'User', 242),
(10787, 13, 1, 'User', 242),
(10788, 14, 0, 'User', 242),
(10789, 12, 0, 'User', 243),
(10790, 13, 2, 'User', 243),
(10791, 14, 0, 'User', 243),
(10792, 12, 0, 'User', 244),
(10793, 13, 3, 'User', 244),
(10794, 14, 0, 'User', 244),
(10795, 12, 0, 'User', 245),
(10796, 13, 2, 'User', 245),
(10797, 14, 0, 'User', 245),
(10798, 12, 0, 'User', 246),
(10799, 13, 0, 'User', 246),
(10800, 14, 0, 'User', 246),
(10801, 12, 0, 'User', 247),
(10802, 13, 6, 'User', 247),
(10803, 14, 0, 'User', 247),
(10804, 12, 0, 'User', 248),
(10805, 13, 9, 'User', 248),
(10806, 14, 0, 'User', 248),
(10807, 12, 0, 'User', 249),
(10808, 13, 5, 'User', 249),
(10809, 14, 0, 'User', 249),
(10810, 12, 0, 'User', 250),
(10811, 13, 0, 'User', 250),
(10812, 14, 0, 'User', 250),
(10813, 12, 0, 'User', 251),
(10814, 13, 0, 'User', 251),
(10815, 14, 0, 'User', 251),
(10816, 12, 0, 'User', 252),
(10817, 13, 3, 'User', 252),
(10818, 14, 0, 'User', 252),
(10819, 12, 0, 'User', 253),
(10820, 13, 0, 'User', 253),
(10821, 14, 0, 'User', 253),
(10822, 12, 0, 'User', 254),
(10823, 13, 8, 'User', 254),
(10824, 14, 0, 'User', 254),
(10825, 12, 0, 'User', 255),
(10826, 13, 0, 'User', 255),
(10827, 14, 0, 'User', 255),
(10828, 12, 0, 'User', 256),
(10829, 13, 0, 'User', 256),
(10830, 14, 0, 'User', 256),
(10831, 12, 100, 'User', 257),
(10832, 13, 8, 'User', 257),
(10833, 14, 0, 'User', 257),
(10834, 12, 0, 'User', 258),
(10835, 13, 0, 'User', 258),
(10836, 14, 0, 'User', 258),
(10837, 12, 0, 'User', 259),
(10838, 13, 0, 'User', 259),
(10839, 14, 0, 'User', 259),
(10840, 12, 0, 'User', 260),
(10841, 13, 3, 'User', 260),
(10842, 14, 0, 'User', 260),
(10843, 12, 0, 'User', 261),
(10844, 13, 0, 'User', 261),
(10845, 14, 0, 'User', 261),
(10846, 12, 0, 'User', 262),
(10847, 13, 5, 'User', 262),
(10848, 14, 0, 'User', 262),
(10849, 12, 0, 'User', 263),
(10850, 13, 2, 'User', 263),
(10851, 14, 0, 'User', 263),
(10852, 12, 0, 'User', 264),
(10853, 13, 3, 'User', 264),
(10854, 14, 0, 'User', 264),
(10855, 12, 0, 'User', 265),
(10856, 13, 5, 'User', 265),
(10857, 14, 0, 'User', 265),
(10858, 12, 0, 'User', 266),
(10859, 13, 3, 'User', 266),
(10860, 14, 0, 'User', 266),
(10861, 12, 0, 'User', 267),
(10862, 13, 4, 'User', 267),
(10863, 14, 0, 'User', 267),
(10864, 12, 0, 'User', 268),
(10865, 13, 2, 'User', 268),
(10866, 14, 0, 'User', 268),
(10867, 12, 0, 'User', 269),
(10868, 13, 0, 'User', 269),
(10869, 14, 0, 'User', 269),
(10870, 12, 0, 'User', 270),
(10871, 13, 5, 'User', 270),
(10872, 14, 0, 'User', 270),
(10873, 12, 200, 'User', 271),
(10874, 13, 1, 'User', 271),
(10875, 14, 0, 'User', 271),
(10876, 12, 0, 'User', 272),
(10877, 13, 0, 'User', 272),
(10878, 14, 0, 'User', 272),
(10879, 12, 0, 'User', 273),
(10880, 13, 0, 'User', 273),
(10881, 14, 0, 'User', 273),
(10882, 12, 0, 'User', 274),
(10883, 13, 0, 'User', 274),
(10884, 14, 0, 'User', 274),
(10885, 12, 0, 'User', 275),
(10886, 13, 0, 'User', 275),
(10887, 14, 0, 'User', 275),
(10888, 12, 0, 'User', 276),
(10889, 13, 2, 'User', 276),
(10890, 14, 0, 'User', 276),
(10891, 12, 0, 'User', 277),
(10892, 13, 1, 'User', 277),
(10893, 14, 0, 'User', 277),
(10894, 12, 0, 'User', 278),
(10895, 13, 0, 'User', 278),
(10896, 14, 0, 'User', 278),
(10897, 12, 0, 'User', 279),
(10898, 13, 2, 'User', 279),
(10899, 14, 0, 'User', 279),
(10900, 12, 0, 'User', 0),
(10901, 13, 0, 'User', 0),
(10902, 14, 0, 'User', 0),
(10903, 12, 0, 'User', 280),
(10904, 13, 7, 'User', 280),
(10905, 14, 0, 'User', 280),
(10906, 12, 0, 'User', 281),
(10907, 13, 5, 'User', 281),
(10908, 14, 0, 'User', 281),
(10909, 12, 0, 'User', 282),
(10910, 13, 7, 'User', 282),
(10911, 14, 0, 'User', 282),
(10912, 12, 0, 'User', 283),
(10913, 13, 7, 'User', 283),
(10914, 14, 0, 'User', 283),
(10915, 12, 0, 'User', 284),
(10916, 13, 0, 'User', 284),
(10917, 14, 0, 'User', 284),
(10918, 12, 0, 'User', 285),
(10919, 13, 0, 'User', 285),
(10920, 14, 0, 'User', 285),
(10921, 12, 0, 'User', 286),
(10922, 13, 0, 'User', 286),
(10923, 14, 2, 'User', 286),
(10924, 12, 800, 'User', 287),
(10925, 13, 0, 'User', 287),
(10926, 14, 2, 'User', 287),
(10927, 12, 0, 'User', 288),
(10928, 13, 7, 'User', 288),
(10929, 14, 0, 'User', 288),
(10930, 12, 0, 'User', 289),
(10931, 13, 0, 'User', 289),
(10932, 14, 0, 'User', 289),
(10933, 12, 0, 'User', 290),
(10934, 13, 0, 'User', 290),
(10935, 14, 0, 'User', 290),
(10936, 12, 0, 'User', 291),
(10937, 13, 7, 'User', 291),
(10938, 14, 0, 'User', 291),
(10939, 12, 0, 'User', 292),
(10940, 13, 0, 'User', 292),
(10941, 14, 0, 'User', 292),
(10942, 12, 0, 'User', 293),
(10943, 13, 8, 'User', 293),
(10944, 14, 0, 'User', 293),
(10945, 17, 55, 'User', 293);

-- --------------------------------------------------------

--
-- Структура таблицы `Property_Int_Assigment`
--

CREATE TABLE `Property_Int_Assigment` (
  `id` int(11) NOT NULL,
  `property_id` int(11) NOT NULL,
  `object_id` int(11) NOT NULL,
  `model_name` varchar(255) NOT NULL
) ENGINE=InnoDB DEFAULT CHARSET=utf8;

--
-- Дамп данных таблицы `Property_Int_Assigment`
--

INSERT INTO `Property_Int_Assigment` (`id`, `property_id`, `object_id`, `model_name`) VALUES
(2, 12, 5, 'User_Group'),
(3, 13, 5, 'User_Group'),
(4, 14, 5, 'User_Group'),
(5, 17, 5, 'User_Group'),
(5628, 23, 4, 'Structure'),
(10040, 12, 2, 'User'),
(10041, 13, 2, 'User'),
(10042, 14, 2, 'User'),
(10043, 12, 3, 'User'),
(10044, 13, 3, 'User'),
(10045, 14, 3, 'User'),
(10046, 12, 4, 'User'),
(10047, 13, 4, 'User'),
(10048, 14, 4, 'User'),
(10049, 12, 5, 'User'),
(10050, 13, 5, 'User'),
(10051, 14, 5, 'User'),
(10052, 12, 6, 'User'),
(10053, 13, 6, 'User'),
(10054, 14, 6, 'User'),
(10055, 12, 7, 'User'),
(10056, 13, 7, 'User'),
(10057, 14, 7, 'User'),
(10058, 12, 8, 'User'),
(10059, 13, 8, 'User'),
(10060, 14, 8, 'User'),
(10061, 12, 9, 'User'),
(10062, 13, 9, 'User'),
(10063, 14, 9, 'User'),
(10064, 12, 10, 'User'),
(10065, 13, 10, 'User'),
(10066, 14, 10, 'User'),
(10067, 12, 11, 'User'),
(10068, 13, 11, 'User'),
(10069, 14, 11, 'User'),
(10070, 12, 12, 'User'),
(10071, 13, 12, 'User'),
(10072, 14, 12, 'User'),
(10073, 12, 13, 'User'),
(10074, 13, 13, 'User'),
(10075, 14, 13, 'User'),
(10076, 12, 14, 'User'),
(10077, 13, 14, 'User'),
(10078, 14, 14, 'User'),
(10079, 12, 15, 'User'),
(10080, 13, 15, 'User'),
(10081, 14, 15, 'User'),
(10082, 12, 16, 'User'),
(10083, 13, 16, 'User'),
(10084, 14, 16, 'User'),
(10085, 12, 17, 'User'),
(10086, 13, 17, 'User'),
(10087, 14, 17, 'User'),
(10088, 12, 18, 'User'),
(10089, 13, 18, 'User'),
(10090, 14, 18, 'User'),
(10091, 12, 19, 'User'),
(10092, 13, 19, 'User'),
(10093, 14, 19, 'User'),
(10094, 12, 20, 'User'),
(10095, 13, 20, 'User'),
(10096, 14, 20, 'User'),
(10097, 12, 21, 'User'),
(10098, 13, 21, 'User'),
(10099, 14, 21, 'User'),
(10100, 12, 22, 'User'),
(10101, 13, 22, 'User'),
(10102, 14, 22, 'User'),
(10103, 12, 23, 'User'),
(10104, 13, 23, 'User'),
(10105, 14, 23, 'User'),
(10106, 12, 24, 'User'),
(10107, 13, 24, 'User'),
(10108, 14, 24, 'User'),
(10109, 12, 25, 'User'),
(10110, 13, 25, 'User'),
(10111, 14, 25, 'User'),
(10112, 12, 26, 'User'),
(10113, 13, 26, 'User'),
(10114, 14, 26, 'User'),
(10115, 12, 27, 'User'),
(10116, 13, 27, 'User'),
(10117, 14, 27, 'User'),
(10118, 12, 28, 'User'),
(10119, 13, 28, 'User'),
(10120, 14, 28, 'User'),
(10121, 12, 29, 'User'),
(10122, 13, 29, 'User'),
(10123, 14, 29, 'User'),
(10124, 12, 30, 'User'),
(10125, 13, 30, 'User'),
(10126, 14, 30, 'User'),
(10127, 12, 31, 'User'),
(10128, 13, 31, 'User'),
(10129, 14, 31, 'User'),
(10130, 12, 32, 'User'),
(10131, 13, 32, 'User'),
(10132, 14, 32, 'User'),
(10133, 12, 33, 'User'),
(10134, 13, 33, 'User'),
(10135, 14, 33, 'User'),
(10136, 12, 34, 'User'),
(10137, 13, 34, 'User'),
(10138, 14, 34, 'User'),
(10139, 12, 35, 'User'),
(10140, 13, 35, 'User'),
(10141, 14, 35, 'User'),
(10142, 12, 36, 'User'),
(10143, 13, 36, 'User'),
(10144, 14, 36, 'User'),
(10145, 12, 37, 'User'),
(10146, 13, 37, 'User'),
(10147, 14, 37, 'User'),
(10148, 12, 38, 'User'),
(10149, 13, 38, 'User'),
(10150, 14, 38, 'User'),
(10151, 12, 39, 'User'),
(10152, 13, 39, 'User'),
(10153, 14, 39, 'User'),
(10154, 12, 40, 'User'),
(10155, 13, 40, 'User'),
(10156, 14, 40, 'User'),
(10157, 12, 41, 'User'),
(10158, 13, 41, 'User'),
(10159, 14, 41, 'User'),
(10160, 12, 42, 'User'),
(10161, 13, 42, 'User'),
(10162, 14, 42, 'User'),
(10163, 12, 43, 'User'),
(10164, 13, 43, 'User'),
(10165, 14, 43, 'User'),
(10166, 12, 44, 'User'),
(10167, 13, 44, 'User'),
(10168, 14, 44, 'User'),
(10169, 12, 45, 'User'),
(10170, 13, 45, 'User'),
(10171, 14, 45, 'User'),
(10172, 12, 46, 'User'),
(10173, 13, 46, 'User'),
(10174, 14, 46, 'User'),
(10175, 12, 47, 'User'),
(10176, 13, 47, 'User'),
(10177, 14, 47, 'User'),
(10178, 12, 48, 'User'),
(10179, 13, 48, 'User'),
(10180, 14, 48, 'User'),
(10181, 12, 49, 'User'),
(10182, 13, 49, 'User'),
(10183, 14, 49, 'User'),
(10184, 12, 50, 'User'),
(10185, 13, 50, 'User'),
(10186, 14, 50, 'User'),
(10187, 12, 51, 'User'),
(10188, 13, 51, 'User'),
(10189, 14, 51, 'User'),
(10190, 12, 52, 'User'),
(10191, 13, 52, 'User'),
(10192, 14, 52, 'User'),
(10193, 12, 53, 'User'),
(10194, 13, 53, 'User'),
(10195, 14, 53, 'User'),
(10196, 12, 54, 'User'),
(10197, 13, 54, 'User'),
(10198, 14, 54, 'User'),
(10199, 12, 55, 'User'),
(10200, 13, 55, 'User'),
(10201, 14, 55, 'User'),
(10202, 12, 56, 'User'),
(10203, 13, 56, 'User'),
(10204, 14, 56, 'User'),
(10205, 12, 57, 'User'),
(10206, 13, 57, 'User'),
(10207, 14, 57, 'User'),
(10208, 12, 58, 'User'),
(10209, 13, 58, 'User'),
(10210, 14, 58, 'User'),
(10211, 12, 59, 'User'),
(10212, 13, 59, 'User'),
(10213, 14, 59, 'User'),
(10214, 12, 60, 'User'),
(10215, 13, 60, 'User'),
(10216, 14, 60, 'User'),
(10217, 12, 61, 'User'),
(10218, 13, 61, 'User'),
(10219, 14, 61, 'User'),
(10220, 12, 62, 'User'),
(10221, 13, 62, 'User'),
(10222, 14, 62, 'User'),
(10223, 12, 63, 'User'),
(10224, 13, 63, 'User'),
(10225, 14, 63, 'User'),
(10226, 12, 64, 'User'),
(10227, 13, 64, 'User'),
(10228, 14, 64, 'User'),
(10229, 12, 65, 'User'),
(10230, 13, 65, 'User'),
(10231, 14, 65, 'User'),
(10232, 12, 66, 'User'),
(10233, 13, 66, 'User'),
(10234, 14, 66, 'User'),
(10235, 12, 67, 'User'),
(10236, 13, 67, 'User'),
(10237, 14, 67, 'User'),
(10238, 12, 68, 'User'),
(10239, 13, 68, 'User'),
(10240, 14, 68, 'User'),
(10241, 12, 69, 'User'),
(10242, 13, 69, 'User'),
(10243, 14, 69, 'User'),
(10244, 12, 70, 'User'),
(10245, 13, 70, 'User'),
(10246, 14, 70, 'User'),
(10247, 12, 71, 'User'),
(10248, 13, 71, 'User'),
(10249, 14, 71, 'User'),
(10250, 12, 72, 'User'),
(10251, 13, 72, 'User'),
(10252, 14, 72, 'User'),
(10253, 12, 73, 'User'),
(10254, 13, 73, 'User'),
(10255, 14, 73, 'User'),
(10256, 12, 74, 'User'),
(10257, 13, 74, 'User'),
(10258, 14, 74, 'User'),
(10259, 12, 75, 'User'),
(10260, 13, 75, 'User'),
(10261, 14, 75, 'User'),
(10262, 12, 76, 'User'),
(10263, 13, 76, 'User'),
(10264, 14, 76, 'User'),
(10265, 12, 77, 'User'),
(10266, 13, 77, 'User'),
(10267, 14, 77, 'User'),
(10268, 12, 78, 'User'),
(10269, 13, 78, 'User'),
(10270, 14, 78, 'User'),
(10271, 12, 79, 'User'),
(10272, 13, 79, 'User'),
(10273, 14, 79, 'User'),
(10274, 12, 80, 'User'),
(10275, 13, 80, 'User'),
(10276, 14, 80, 'User'),
(10277, 12, 81, 'User'),
(10278, 13, 81, 'User'),
(10279, 14, 81, 'User'),
(10280, 12, 82, 'User'),
(10281, 13, 82, 'User'),
(10282, 14, 82, 'User'),
(10283, 12, 83, 'User'),
(10284, 13, 83, 'User'),
(10285, 14, 83, 'User'),
(10286, 12, 84, 'User'),
(10287, 13, 84, 'User'),
(10288, 14, 84, 'User'),
(10289, 12, 85, 'User'),
(10290, 13, 85, 'User'),
(10291, 14, 85, 'User'),
(10292, 12, 86, 'User'),
(10293, 13, 86, 'User'),
(10294, 14, 86, 'User'),
(10295, 12, 87, 'User'),
(10296, 13, 87, 'User'),
(10297, 14, 87, 'User'),
(10298, 12, 88, 'User'),
(10299, 13, 88, 'User'),
(10300, 14, 88, 'User'),
(10301, 12, 89, 'User'),
(10302, 13, 89, 'User'),
(10303, 14, 89, 'User'),
(10304, 12, 90, 'User'),
(10305, 13, 90, 'User'),
(10306, 14, 90, 'User'),
(10307, 12, 91, 'User'),
(10308, 13, 91, 'User'),
(10309, 14, 91, 'User'),
(10310, 12, 92, 'User'),
(10311, 13, 92, 'User'),
(10312, 14, 92, 'User'),
(10313, 12, 93, 'User'),
(10314, 13, 93, 'User'),
(10315, 14, 93, 'User'),
(10316, 12, 94, 'User'),
(10317, 13, 94, 'User'),
(10318, 14, 94, 'User'),
(10319, 12, 95, 'User'),
(10320, 13, 95, 'User'),
(10321, 14, 95, 'User'),
(10322, 12, 96, 'User'),
(10323, 13, 96, 'User'),
(10324, 14, 96, 'User'),
(10325, 12, 97, 'User'),
(10326, 13, 97, 'User'),
(10327, 14, 97, 'User'),
(10328, 12, 98, 'User'),
(10329, 13, 98, 'User'),
(10330, 14, 98, 'User'),
(10331, 12, 99, 'User'),
(10332, 13, 99, 'User'),
(10333, 14, 99, 'User'),
(10334, 12, 100, 'User'),
(10335, 13, 100, 'User'),
(10336, 14, 100, 'User'),
(10337, 12, 101, 'User'),
(10338, 13, 101, 'User'),
(10339, 14, 101, 'User'),
(10340, 12, 102, 'User'),
(10341, 13, 102, 'User'),
(10342, 14, 102, 'User'),
(10343, 12, 103, 'User'),
(10344, 13, 103, 'User'),
(10345, 14, 103, 'User'),
(10346, 12, 104, 'User'),
(10347, 13, 104, 'User'),
(10348, 14, 104, 'User'),
(10349, 12, 105, 'User'),
(10350, 13, 105, 'User'),
(10351, 14, 105, 'User'),
(10352, 12, 106, 'User'),
(10353, 13, 106, 'User'),
(10354, 14, 106, 'User'),
(10355, 12, 107, 'User'),
(10356, 13, 107, 'User'),
(10357, 14, 107, 'User'),
(10358, 12, 108, 'User'),
(10359, 13, 108, 'User'),
(10360, 14, 108, 'User'),
(10361, 12, 109, 'User'),
(10362, 13, 109, 'User'),
(10363, 14, 109, 'User'),
(10364, 12, 110, 'User'),
(10365, 13, 110, 'User'),
(10366, 14, 110, 'User'),
(10367, 12, 111, 'User'),
(10368, 13, 111, 'User'),
(10369, 14, 111, 'User'),
(10370, 12, 112, 'User'),
(10371, 13, 112, 'User'),
(10372, 14, 112, 'User'),
(10373, 12, 113, 'User'),
(10374, 13, 113, 'User'),
(10375, 14, 113, 'User'),
(10376, 12, 114, 'User'),
(10377, 13, 114, 'User'),
(10378, 14, 114, 'User'),
(10379, 12, 115, 'User'),
(10380, 13, 115, 'User'),
(10381, 14, 115, 'User'),
(10382, 12, 116, 'User'),
(10383, 13, 116, 'User'),
(10384, 14, 116, 'User'),
(10385, 12, 117, 'User'),
(10386, 13, 117, 'User'),
(10387, 14, 117, 'User'),
(10388, 12, 118, 'User'),
(10389, 13, 118, 'User'),
(10390, 14, 118, 'User'),
(10391, 12, 119, 'User'),
(10392, 13, 119, 'User'),
(10393, 14, 119, 'User'),
(10394, 12, 120, 'User'),
(10395, 13, 120, 'User'),
(10396, 14, 120, 'User'),
(10397, 12, 121, 'User'),
(10398, 13, 121, 'User'),
(10399, 14, 121, 'User'),
(10400, 12, 122, 'User'),
(10401, 13, 122, 'User'),
(10402, 14, 122, 'User'),
(10403, 12, 123, 'User'),
(10404, 13, 123, 'User'),
(10405, 14, 123, 'User'),
(10406, 12, 124, 'User'),
(10407, 13, 124, 'User'),
(10408, 14, 124, 'User'),
(10409, 12, 125, 'User'),
(10410, 13, 125, 'User'),
(10411, 14, 125, 'User'),
(10412, 12, 126, 'User'),
(10413, 13, 126, 'User'),
(10414, 14, 126, 'User'),
(10415, 12, 127, 'User'),
(10416, 13, 127, 'User'),
(10417, 14, 127, 'User'),
(10418, 12, 128, 'User'),
(10419, 13, 128, 'User'),
(10420, 14, 128, 'User'),
(10421, 12, 129, 'User'),
(10422, 13, 129, 'User'),
(10423, 14, 129, 'User'),
(10424, 12, 130, 'User'),
(10425, 13, 130, 'User'),
(10426, 14, 130, 'User'),
(10427, 12, 131, 'User'),
(10428, 13, 131, 'User'),
(10429, 14, 131, 'User'),
(10430, 12, 132, 'User'),
(10431, 13, 132, 'User'),
(10432, 14, 132, 'User'),
(10433, 12, 133, 'User'),
(10434, 13, 133, 'User'),
(10435, 14, 133, 'User'),
(10436, 12, 134, 'User'),
(10437, 13, 134, 'User'),
(10438, 14, 134, 'User'),
(10439, 12, 135, 'User'),
(10440, 13, 135, 'User'),
(10441, 14, 135, 'User'),
(10442, 12, 136, 'User'),
(10443, 13, 136, 'User'),
(10444, 14, 136, 'User'),
(10445, 12, 137, 'User'),
(10446, 13, 137, 'User'),
(10447, 14, 137, 'User'),
(10448, 12, 138, 'User'),
(10449, 13, 138, 'User'),
(10450, 14, 138, 'User'),
(10451, 12, 139, 'User'),
(10452, 13, 139, 'User'),
(10453, 14, 139, 'User'),
(10454, 12, 140, 'User'),
(10455, 13, 140, 'User'),
(10456, 14, 140, 'User'),
(10457, 12, 141, 'User'),
(10458, 13, 141, 'User'),
(10459, 14, 141, 'User'),
(10460, 12, 142, 'User'),
(10461, 13, 142, 'User'),
(10462, 14, 142, 'User'),
(10463, 12, 143, 'User'),
(10464, 13, 143, 'User'),
(10465, 14, 143, 'User'),
(10466, 12, 144, 'User'),
(10467, 13, 144, 'User'),
(10468, 14, 144, 'User'),
(10469, 12, 145, 'User'),
(10470, 13, 145, 'User'),
(10471, 14, 145, 'User'),
(10472, 12, 146, 'User'),
(10473, 13, 146, 'User'),
(10474, 14, 146, 'User'),
(10475, 12, 147, 'User'),
(10476, 13, 147, 'User'),
(10477, 14, 147, 'User'),
(10478, 12, 148, 'User'),
(10479, 13, 148, 'User'),
(10480, 14, 148, 'User'),
(10481, 12, 149, 'User'),
(10482, 13, 149, 'User'),
(10483, 14, 149, 'User'),
(10484, 12, 150, 'User'),
(10485, 13, 150, 'User'),
(10486, 14, 150, 'User'),
(10487, 12, 151, 'User'),
(10488, 13, 151, 'User'),
(10489, 14, 151, 'User'),
(10490, 12, 152, 'User'),
(10491, 13, 152, 'User'),
(10492, 14, 152, 'User'),
(10493, 12, 153, 'User'),
(10494, 13, 153, 'User'),
(10495, 14, 153, 'User'),
(10496, 12, 154, 'User'),
(10497, 13, 154, 'User'),
(10498, 14, 154, 'User'),
(10499, 12, 155, 'User'),
(10500, 13, 155, 'User'),
(10501, 14, 155, 'User'),
(10502, 12, 156, 'User'),
(10503, 13, 156, 'User'),
(10504, 14, 156, 'User'),
(10505, 12, 157, 'User'),
(10506, 13, 157, 'User'),
(10507, 14, 157, 'User'),
(10508, 12, 158, 'User'),
(10509, 13, 158, 'User'),
(10510, 14, 158, 'User'),
(10511, 12, 159, 'User'),
(10512, 13, 159, 'User'),
(10513, 14, 159, 'User'),
(10514, 12, 160, 'User'),
(10515, 13, 160, 'User'),
(10516, 14, 160, 'User'),
(10517, 12, 161, 'User'),
(10518, 13, 161, 'User'),
(10519, 14, 161, 'User'),
(10520, 12, 162, 'User'),
(10521, 13, 162, 'User'),
(10522, 14, 162, 'User'),
(10523, 12, 163, 'User'),
(10524, 13, 163, 'User'),
(10525, 14, 163, 'User'),
(10526, 12, 164, 'User'),
(10527, 13, 164, 'User'),
(10528, 14, 164, 'User'),
(10529, 12, 165, 'User'),
(10530, 13, 165, 'User'),
(10531, 14, 165, 'User'),
(10532, 12, 166, 'User'),
(10533, 13, 166, 'User'),
(10534, 14, 166, 'User'),
(10535, 12, 167, 'User'),
(10536, 13, 167, 'User'),
(10537, 14, 167, 'User'),
(10538, 12, 168, 'User'),
(10539, 13, 168, 'User'),
(10540, 14, 168, 'User'),
(10541, 12, 169, 'User'),
(10542, 13, 169, 'User'),
(10543, 14, 169, 'User'),
(10544, 12, 170, 'User'),
(10545, 13, 170, 'User'),
(10546, 14, 170, 'User'),
(10547, 12, 171, 'User'),
(10548, 13, 171, 'User'),
(10549, 14, 171, 'User'),
(10550, 12, 172, 'User'),
(10551, 13, 172, 'User'),
(10552, 14, 172, 'User'),
(10553, 12, 173, 'User'),
(10554, 13, 173, 'User'),
(10555, 14, 173, 'User'),
(10556, 12, 174, 'User'),
(10557, 13, 174, 'User'),
(10558, 14, 174, 'User'),
(10559, 12, 175, 'User'),
(10560, 13, 175, 'User'),
(10561, 14, 175, 'User'),
(10562, 12, 176, 'User'),
(10563, 13, 176, 'User'),
(10564, 14, 176, 'User'),
(10565, 12, 177, 'User'),
(10566, 13, 177, 'User'),
(10567, 14, 177, 'User'),
(10568, 12, 178, 'User'),
(10569, 13, 178, 'User'),
(10570, 14, 178, 'User'),
(10571, 12, 179, 'User'),
(10572, 13, 179, 'User'),
(10573, 14, 179, 'User'),
(10574, 12, 180, 'User'),
(10575, 13, 180, 'User'),
(10576, 14, 180, 'User'),
(10577, 12, 181, 'User'),
(10578, 13, 181, 'User'),
(10579, 14, 181, 'User'),
(10580, 12, 182, 'User'),
(10581, 13, 182, 'User'),
(10582, 14, 182, 'User'),
(10583, 12, 183, 'User'),
(10584, 13, 183, 'User'),
(10585, 14, 183, 'User'),
(10586, 12, 184, 'User'),
(10587, 13, 184, 'User'),
(10588, 14, 184, 'User'),
(10589, 12, 185, 'User'),
(10590, 13, 185, 'User'),
(10591, 14, 185, 'User'),
(10592, 12, 186, 'User'),
(10593, 13, 186, 'User'),
(10594, 14, 186, 'User'),
(10595, 12, 187, 'User'),
(10596, 13, 187, 'User'),
(10597, 14, 187, 'User'),
(10598, 12, 188, 'User'),
(10599, 13, 188, 'User'),
(10600, 14, 188, 'User'),
(10601, 12, 189, 'User'),
(10602, 13, 189, 'User'),
(10603, 14, 189, 'User'),
(10604, 12, 190, 'User'),
(10605, 13, 190, 'User'),
(10606, 14, 190, 'User'),
(10607, 12, 191, 'User'),
(10608, 13, 191, 'User'),
(10609, 14, 191, 'User'),
(10610, 12, 192, 'User'),
(10611, 13, 192, 'User'),
(10612, 14, 192, 'User'),
(10613, 12, 193, 'User'),
(10614, 13, 193, 'User'),
(10615, 14, 193, 'User'),
(10616, 12, 194, 'User'),
(10617, 13, 194, 'User'),
(10618, 14, 194, 'User'),
(10619, 12, 195, 'User'),
(10620, 13, 195, 'User'),
(10621, 14, 195, 'User'),
(10622, 12, 196, 'User'),
(10623, 13, 196, 'User'),
(10624, 14, 196, 'User'),
(10625, 12, 197, 'User'),
(10626, 13, 197, 'User'),
(10627, 14, 197, 'User'),
(10628, 12, 198, 'User'),
(10629, 13, 198, 'User'),
(10630, 14, 198, 'User'),
(10631, 12, 199, 'User'),
(10632, 13, 199, 'User'),
(10633, 14, 199, 'User'),
(10634, 12, 200, 'User'),
(10635, 13, 200, 'User'),
(10636, 14, 200, 'User'),
(10637, 12, 201, 'User'),
(10638, 13, 201, 'User'),
(10639, 14, 201, 'User'),
(10640, 12, 202, 'User'),
(10641, 13, 202, 'User'),
(10642, 14, 202, 'User'),
(10643, 12, 203, 'User'),
(10644, 13, 203, 'User'),
(10645, 14, 203, 'User'),
(10646, 12, 204, 'User'),
(10647, 13, 204, 'User'),
(10648, 14, 204, 'User'),
(10649, 12, 205, 'User'),
(10650, 13, 205, 'User'),
(10651, 14, 205, 'User'),
(10652, 12, 206, 'User'),
(10653, 13, 206, 'User'),
(10654, 14, 206, 'User'),
(10655, 12, 207, 'User'),
(10656, 13, 207, 'User'),
(10657, 14, 207, 'User'),
(10658, 12, 208, 'User'),
(10659, 13, 208, 'User'),
(10660, 14, 208, 'User'),
(10661, 12, 209, 'User'),
(10662, 13, 209, 'User'),
(10663, 14, 209, 'User'),
(10664, 12, 210, 'User'),
(10665, 13, 210, 'User'),
(10666, 14, 210, 'User'),
(10667, 12, 211, 'User'),
(10668, 13, 211, 'User'),
(10669, 14, 211, 'User'),
(10670, 12, 212, 'User'),
(10671, 13, 212, 'User'),
(10672, 14, 212, 'User'),
(10673, 12, 213, 'User'),
(10674, 13, 213, 'User'),
(10675, 14, 213, 'User'),
(10676, 12, 214, 'User'),
(10677, 13, 214, 'User'),
(10678, 14, 214, 'User'),
(10679, 12, 215, 'User'),
(10680, 13, 215, 'User'),
(10681, 14, 215, 'User'),
(10682, 12, 216, 'User'),
(10683, 13, 216, 'User'),
(10684, 14, 216, 'User'),
(10685, 12, 217, 'User'),
(10686, 13, 217, 'User'),
(10687, 14, 217, 'User'),
(10688, 12, 218, 'User'),
(10689, 13, 218, 'User'),
(10690, 14, 218, 'User'),
(10691, 12, 219, 'User'),
(10692, 13, 219, 'User'),
(10693, 14, 219, 'User'),
(10694, 12, 220, 'User'),
(10695, 13, 220, 'User'),
(10696, 14, 220, 'User'),
(10697, 12, 221, 'User'),
(10698, 13, 221, 'User'),
(10699, 14, 221, 'User'),
(10700, 12, 222, 'User'),
(10701, 13, 222, 'User'),
(10702, 14, 222, 'User'),
(10703, 12, 223, 'User'),
(10704, 13, 223, 'User'),
(10705, 14, 223, 'User'),
(10706, 12, 224, 'User'),
(10707, 13, 224, 'User'),
(10708, 14, 224, 'User'),
(10709, 12, 225, 'User'),
(10710, 13, 225, 'User'),
(10711, 14, 225, 'User'),
(10712, 12, 226, 'User'),
(10713, 13, 226, 'User'),
(10714, 14, 226, 'User'),
(10715, 12, 227, 'User'),
(10716, 13, 227, 'User'),
(10717, 14, 227, 'User'),
(10718, 12, 228, 'User'),
(10719, 13, 228, 'User'),
(10720, 14, 228, 'User'),
(10721, 12, 229, 'User'),
(10722, 13, 229, 'User'),
(10723, 14, 229, 'User'),
(10724, 12, 230, 'User'),
(10725, 13, 230, 'User'),
(10726, 14, 230, 'User'),
(10727, 12, 231, 'User'),
(10728, 13, 231, 'User'),
(10729, 14, 231, 'User'),
(10730, 12, 232, 'User'),
(10731, 13, 232, 'User'),
(10732, 14, 232, 'User'),
(10733, 12, 233, 'User'),
(10734, 13, 233, 'User'),
(10735, 14, 233, 'User'),
(10736, 12, 234, 'User'),
(10737, 13, 234, 'User'),
(10738, 14, 234, 'User'),
(10739, 12, 235, 'User'),
(10740, 13, 235, 'User'),
(10741, 14, 235, 'User'),
(10742, 12, 236, 'User'),
(10743, 13, 236, 'User'),
(10744, 14, 236, 'User'),
(10745, 12, 237, 'User'),
(10746, 13, 237, 'User'),
(10747, 14, 237, 'User'),
(10748, 12, 238, 'User'),
(10749, 13, 238, 'User'),
(10750, 14, 238, 'User'),
(10751, 12, 239, 'User'),
(10752, 13, 239, 'User'),
(10753, 14, 239, 'User'),
(10754, 12, 240, 'User'),
(10755, 13, 240, 'User'),
(10756, 14, 240, 'User'),
(10757, 12, 241, 'User'),
(10758, 13, 241, 'User'),
(10759, 14, 241, 'User'),
(10760, 12, 242, 'User'),
(10761, 13, 242, 'User'),
(10762, 14, 242, 'User'),
(10763, 12, 243, 'User'),
(10764, 13, 243, 'User'),
(10765, 14, 243, 'User'),
(10766, 12, 244, 'User'),
(10767, 13, 244, 'User'),
(10768, 14, 244, 'User'),
(10769, 12, 245, 'User'),
(10770, 13, 245, 'User'),
(10771, 14, 245, 'User'),
(10772, 12, 246, 'User'),
(10773, 13, 246, 'User'),
(10774, 14, 246, 'User'),
(10775, 12, 247, 'User'),
(10776, 13, 247, 'User'),
(10777, 14, 247, 'User'),
(10778, 12, 248, 'User'),
(10779, 13, 248, 'User'),
(10780, 14, 248, 'User'),
(10781, 12, 249, 'User'),
(10782, 13, 249, 'User'),
(10783, 14, 249, 'User'),
(10784, 12, 250, 'User'),
(10785, 13, 250, 'User'),
(10786, 14, 250, 'User'),
(10787, 12, 251, 'User'),
(10788, 13, 251, 'User'),
(10789, 14, 251, 'User'),
(10790, 12, 252, 'User'),
(10791, 13, 252, 'User'),
(10792, 14, 252, 'User'),
(10793, 12, 253, 'User'),
(10794, 13, 253, 'User'),
(10795, 14, 253, 'User'),
(10796, 12, 254, 'User'),
(10797, 13, 254, 'User'),
(10798, 14, 254, 'User'),
(10799, 12, 255, 'User'),
(10800, 13, 255, 'User'),
(10801, 14, 255, 'User'),
(10802, 12, 256, 'User'),
(10803, 13, 256, 'User'),
(10804, 14, 256, 'User'),
(10805, 12, 257, 'User'),
(10806, 13, 257, 'User'),
(10807, 14, 257, 'User'),
(10808, 12, 258, 'User'),
(10809, 13, 258, 'User'),
(10810, 14, 258, 'User'),
(10811, 12, 259, 'User'),
(10812, 13, 259, 'User'),
(10813, 14, 259, 'User'),
(10814, 12, 260, 'User'),
(10815, 13, 260, 'User'),
(10816, 14, 260, 'User'),
(10817, 12, 261, 'User'),
(10818, 13, 261, 'User'),
(10819, 14, 261, 'User'),
(10820, 12, 262, 'User'),
(10821, 13, 262, 'User'),
(10822, 14, 262, 'User'),
(10823, 12, 263, 'User'),
(10824, 13, 263, 'User'),
(10825, 14, 263, 'User'),
(10826, 12, 264, 'User'),
(10827, 13, 264, 'User'),
(10828, 14, 264, 'User'),
(10829, 12, 265, 'User'),
(10830, 13, 265, 'User'),
(10831, 14, 265, 'User'),
(10832, 12, 266, 'User'),
(10833, 13, 266, 'User'),
(10834, 14, 266, 'User'),
(10835, 12, 267, 'User'),
(10836, 13, 267, 'User'),
(10837, 14, 267, 'User'),
(10838, 12, 268, 'User'),
(10839, 13, 268, 'User'),
(10840, 14, 268, 'User'),
(10841, 12, 269, 'User'),
(10842, 13, 269, 'User'),
(10843, 14, 269, 'User'),
(10844, 12, 270, 'User'),
(10845, 13, 270, 'User'),
(10846, 14, 270, 'User'),
(10847, 12, 271, 'User'),
(10848, 13, 271, 'User'),
(10849, 14, 271, 'User'),
(10850, 12, 272, 'User'),
(10851, 13, 272, 'User'),
(10852, 14, 272, 'User'),
(10853, 12, 273, 'User'),
(10854, 13, 273, 'User'),
(10855, 14, 273, 'User'),
(10856, 12, 274, 'User'),
(10857, 13, 274, 'User'),
(10858, 14, 274, 'User'),
(10859, 12, 275, 'User'),
(10860, 13, 275, 'User'),
(10861, 14, 275, 'User'),
(10862, 12, 276, 'User'),
(10863, 13, 276, 'User'),
(10864, 14, 276, 'User'),
(10865, 12, 277, 'User'),
(10866, 13, 277, 'User'),
(10867, 14, 277, 'User'),
(10868, 12, 278, 'User'),
(10869, 13, 278, 'User'),
(10870, 14, 278, 'User'),
(10871, 12, 279, 'User'),
(10872, 13, 279, 'User'),
(10873, 14, 279, 'User'),
(10874, 12, 280, 'User'),
(10875, 13, 280, 'User'),
(10876, 14, 280, 'User'),
(10877, 12, 281, 'User'),
(10878, 13, 281, 'User'),
(10879, 14, 281, 'User'),
(10880, 12, 282, 'User'),
(10881, 13, 282, 'User'),
(10882, 14, 282, 'User'),
(10883, 12, 283, 'User'),
(10884, 13, 283, 'User'),
(10885, 14, 283, 'User'),
(10886, 12, 284, 'User'),
(10887, 13, 284, 'User'),
(10888, 14, 284, 'User'),
(10889, 12, 285, 'User'),
(10890, 13, 285, 'User'),
(10891, 14, 285, 'User'),
(10892, 12, 286, 'User'),
(10893, 13, 286, 'User'),
(10894, 14, 286, 'User'),
(10895, 12, 287, 'User'),
(10896, 13, 287, 'User'),
(10897, 14, 287, 'User'),
(10898, 12, 288, 'User'),
(10899, 13, 288, 'User'),
(10900, 14, 288, 'User'),
(10901, 12, 289, 'User'),
(10902, 13, 289, 'User'),
(10903, 14, 289, 'User'),
(10904, 12, 290, 'User'),
(10905, 13, 290, 'User'),
(10906, 14, 290, 'User'),
(10907, 12, 291, 'User'),
(10908, 13, 291, 'User'),
(10909, 14, 291, 'User'),
(10910, 12, 292, 'User'),
(10911, 13, 292, 'User'),
(10912, 14, 292, 'User'),
(10913, 12, 293, 'User'),
(10914, 13, 293, 'User'),
(10915, 14, 293, 'User'),
(10916, 17, 293, 'User');

-- --------------------------------------------------------

--
-- Структура таблицы `Property_List`
--

CREATE TABLE `Property_List` (
  `id` int(11) NOT NULL,
  `property_id` int(11) NOT NULL,
  `model_name` varchar(100) NOT NULL,
  `object_id` int(11) NOT NULL,
  `value_id` int(11) NOT NULL
) ENGINE=InnoDB DEFAULT CHARSET=utf8;

--
-- Дамп данных таблицы `Property_List`
--

INSERT INTO `Property_List` (`id`, `property_id`, `model_name`, `object_id`, `value_id`) VALUES
(187, 20, 'User', 2, 27),
(188, 20, 'User', 3, 30),
(189, 20, 'User', 4, 31),
(190, 20, 'User', 6, 29),
(191, 20, 'User', 7, 25),
(192, 20, 'User', 8, 24),
(193, 20, 'User', 9, 28),
(194, 20, 'User', 10, 27),
(195, 20, 'User', 11, 25),
(196, 20, 'User', 12, 27),
(197, 20, 'User', 13, 31),
(198, 20, 'User', 14, 27),
(199, 20, 'User', 112, 26),
(200, 20, 'User', 162, 27),
(201, 20, 'User', 182, 24),
(202, 20, 'User', 189, 0),
(203, 10, 'User', 293, 0),
(217, 15, 'User', 293, 22),
(218, 21, 'User', 293, 159),
(219, 21, 'User', 293, 160),
(220, 21, 'User', 293, 161),
(221, 21, 'User', 293, 170);

-- --------------------------------------------------------

--
-- Структура таблицы `Property_List_Assigment`
--

CREATE TABLE `Property_List_Assigment` (
  `id` int(11) NOT NULL,
  `property_id` int(11) NOT NULL,
  `object_id` int(11) NOT NULL,
  `model_name` varchar(255) NOT NULL
) ENGINE=InnoDB DEFAULT CHARSET=utf8;

--
-- Дамп данных таблицы `Property_List_Assigment`
--

INSERT INTO `Property_List_Assigment` (`id`, `property_id`, `object_id`, `model_name`) VALUES
(3, 10, 5, 'User_Group'),
(4, 15, 5, 'User_Group'),
(48, 21, 5, 'User_Group'),
(99, 20, 4, 'User_Group'),
(107, 25, 4, 'Structure'),
(201, 20, 2, 'User'),
(202, 20, 3, 'User'),
(203, 20, 4, 'User'),
(204, 20, 6, 'User'),
(205, 20, 7, 'User'),
(206, 20, 8, 'User'),
(207, 20, 9, 'User'),
(208, 20, 10, 'User'),
(209, 20, 11, 'User'),
(210, 20, 12, 'User'),
(211, 20, 13, 'User'),
(212, 20, 14, 'User'),
(213, 20, 112, 'User'),
(214, 20, 162, 'User'),
(215, 20, 182, 'User'),
(216, 20, 189, 'User'),
(217, 10, 293, 'User'),
(218, 21, 293, 'User'),
(219, 15, 293, 'User');

-- --------------------------------------------------------

--
-- Структура таблицы `Property_List_Values`
--

CREATE TABLE `Property_List_Values` (
  `id` int(11) NOT NULL,
  `property_id` int(11) NOT NULL DEFAULT '0',
  `value` varchar(100) NOT NULL,
  `sorting` int(11) NOT NULL DEFAULT '0'
) ENGINE=InnoDB DEFAULT CHARSET=utf8;

--
-- Дамп данных таблицы `Property_List_Values`
--

INSERT INTO `Property_List_Values` (`id`, `property_id`, `value`, `sorting`) VALUES
(7, 25, '400', 0),
(8, 25, '300', 0),
(9, 25, '200', 0),
(10, 25, '250', 0),
(11, 25, '150', 0),
(12, 25, '100', 0),
(13, 25, '0', 0),
(14, 10, 'Индивидуальное занятие', 0),
(15, 10, 'Групповое занятие', 0),
(22, 15, 'Мичурина', 1),
(23, 15, 'Щорса', 2),
(24, 20, 'Арфа', 10),
(25, 20, 'Барабаны', 20),
(26, 20, 'Баян аккордеон гармонь', 30),
(27, 20, 'Гитара', 40),
(28, 20, 'Саксофон', 50),
(29, 20, 'Скрипка', 60),
(30, 20, 'Фортепиано', 70),
(31, 20, 'Вокал', 80),
(32, 20, 'Теория', 90),
(159, 21, 'Булгаков Александр', 0),
(160, 21, 'Полтева Оксана', 0),
(161, 21, 'Романович Алина', 0),
(162, 21, 'Черных Дарья', 0),
(163, 21, 'Галяутдинов Руслан', 0),
(164, 21, 'Белякова Карина', 0),
(165, 21, 'Варжавинов Владимир', 0),
(166, 21, 'Фёдоров Вадим', 0),
(167, 21, 'Матвиенко Андрей', 0),
(168, 21, 'Жуйков Андрей', 0),
(169, 21, 'Джилавян Айарпи', 0),
(170, 21, 'Рымарев Иван', 0),
(171, 21, 'Сайганов Павел', 0),
(172, 21, 'Макеев Виталий', 0),
(173, 21, 'Тест Тест', 0),
(174, 21, 'Само Подготовка', 0),
(239, 21, 'Само Подготовка', 0),
(240, 21, 'Само Подготовка', 0),
(241, 21, 'Само Подготовка', 0),
(242, 21, 'Белякова Карина', 0),
(243, 21, 'Белякова Карина', 0),
(244, 21, 'Само Подготовка 123', 0),
(245, 21, 'Само Подготовка', 0);

-- --------------------------------------------------------

--
-- Структура таблицы `Property_String`
--

CREATE TABLE `Property_String` (
  `id` int(11) NOT NULL,
  `property_id` int(11) NOT NULL,
  `value` varchar(255) NOT NULL,
  `model_name` varchar(100) NOT NULL,
  `object_id` int(11) NOT NULL
) ENGINE=InnoDB DEFAULT CHARSET=utf8;

--
-- Дамп данных таблицы `Property_String`
--

INSERT INTO `Property_String` (`id`, `property_id`, `value`, `model_name`, `object_id`) VALUES
(721, 9, 'https://vk.com/upstrocke', 'User', 15),
(722, 22, '22-04-2018 00:48:47', 'User', 15),
(723, 22, '07-04-2018 17:15:43', 'User', 20),
(724, 9, 'https://vk.com/id129018334', 'User', 21),
(725, 9, 'https://vk.com/id249437636', 'User', 23),
(726, 9, 'https://vk.com/id312641227', 'User', 24),
(727, 22, '10-04-2018 08:27:40', 'User', 27),
(728, 9, 'https://vk.com/id371845369', 'User', 28),
(729, 9, 'https://vk.com/id227312993', 'User', 32),
(730, 22, '16-04-2018 22:07:18', 'User', 32),
(731, 9, 'https://vk.com/id114953549', 'User', 33),
(732, 22, '12-04-2018 14:36:35', 'User', 35),
(733, 22, '19-04-2018 12:18:15', 'User', 36),
(734, 9, 'https://vk.com/sulzhenko22', 'User', 41),
(735, 22, '17-04-2018 09:07:37', 'User', 43),
(736, 9, 'https://vk.com/i9936955', 'User', 45),
(737, 22, '20-04-2018 07:42:39', 'User', 49),
(738, 9, 'https://vk.com/id147798154', 'User', 52),
(739, 9, 'https://vk.com/pingvin997', 'User', 53),
(740, 9, 'https://vk.com/zzzavarkina', 'User', 55),
(741, 9, 'https://vk.com/id30207731', 'User', 58),
(742, 9, 'https://vk.com/v.egorov94', 'User', 60),
(743, 22, '16-04-2018 11:15:11', 'User', 61),
(744, 9, 'https://vk.com/id100971552', 'User', 65),
(745, 9, 'https://vk.com/asyadugnist', 'User', 68),
(746, 22, '17-04-2018 12:56:54', 'User', 69),
(747, 9, 'https://vk.com/id35539072', 'User', 71),
(748, 9, 'https://vk.com/id321516053', 'User', 74),
(749, 9, 'https://vk.com/naty20213', 'User', 75),
(750, 9, 'https://vk.com/n.mass', 'User', 77),
(751, 22, '17-04-2018 13:17:39', 'User', 78),
(752, 9, 'https://vk.com/id_space_666', 'User', 79),
(753, 22, '10-04-2018 16:47:09', 'User', 80),
(754, 9, 'https://vk.com/irena_shilova', 'User', 81),
(755, 22, '20-04-2018 10:45:33', 'User', 85),
(756, 9, 'https://vk.com/mirdevshonok', 'User', 90),
(757, 9, 'https://vk.com/grustnayann', 'User', 91),
(758, 9, 'https://vk.com/donpad', 'User', 92),
(759, 9, 'https://vk.com/germionin', 'User', 93),
(760, 22, '18-04-2018 19:00:49', 'User', 93),
(761, 22, '19-04-2018 18:38:05', 'User', 95),
(762, 9, 'https://vk.com/id139766263', 'User', 96),
(763, 9, 'https://vk.com/sergks', 'User', 97),
(764, 22, '12-04-2018 15:35:58', 'User', 97),
(765, 9, 'https://vk.com/id218411690', 'User', 100),
(766, 22, '20-04-2018 20:54:46', 'User', 100),
(767, 22, '17-04-2018 21:17:47', 'User', 101),
(768, 9, 'https://vk.com/id371887712', 'User', 105),
(769, 22, '16-04-2018 23:15:14', 'User', 105),
(770, 9, 'https://vk.com/id250401218', 'User', 114),
(771, 9, 'https://vk.com/id138219513', 'User', 116),
(772, 9, 'https://vk.com/a.paroeva', 'User', 119),
(773, 22, '13-04-2018 10:18:42', 'User', 123),
(774, 9, 'https://vk.com/matheuscesaro', 'User', 133),
(775, 9, 'https://vk.com/id52231178', 'User', 137),
(776, 22, '11-04-2018 09:12:03', 'User', 139),
(777, 9, 'https://vk.com/djon_djon', 'User', 141),
(778, 22, '20-04-2018 18:10:59', 'User', 141),
(779, 22, '19-04-2018 23:14:37', 'User', 148),
(780, 9, 'https://vk.com/id39877816', 'User', 173),
(781, 9, 'https://vk.com/w1n32', 'User', 174),
(782, 9, 'https://vk.com/lusineshahverdian', 'User', 175),
(783, 22, '20-04-2018 09:33:05', 'User', 185),
(784, 9, 'https://vk.com/dmitry_chablin', 'User', 186),
(785, 9, 'https://vk.com/mari_marsi', 'User', 192),
(786, 9, 'https://vk.com/viktoriya.bugaeva', 'User', 196),
(787, 9, 'https://vk.com/lyakh_mary', 'User', 201),
(788, 9, 'https://vk.com/ruzakin', 'User', 203),
(789, 9, 'https://vk.com/masteeer', 'User', 206),
(790, 9, 'https://vk.com/selse1', 'User', 211),
(791, 9, 'https://vk.com/id185797429', 'User', 213),
(792, 9, 'https://vk.com/angelina.statinova', 'User', 216),
(793, 9, 'https://vk.com/id7232566', 'User', 218),
(794, 22, '13-04-2018 23:34:33', 'User', 226),
(795, 9, 'https://vk.com/gudovilya', 'User', 227),
(796, 22, '18-04-2018 13:53:57', 'User', 227),
(797, 9, 'https://vk.com/academy31', 'User', 229),
(798, 9, 'https://vk.com/id38493200', 'User', 230),
(799, 9, 'https://vk.com/prisiazhnyuk_a', 'User', 238),
(800, 9, 'https://vk.com/ulysses2000', 'User', 241),
(801, 22, '08-04-2018 12:19:35', 'User', 243),
(802, 9, 'https://vk.com/just.vika', 'User', 250),
(803, 9, 'https://vk.com/id71480728', 'User', 265),
(804, 9, 'https://vk.com/id155289302', 'User', 268),
(805, 22, '14-04-2018 14:10:42', 'User', 270),
(806, 9, 'https://vk.com/id153654371', 'User', 283),
(807, 9, 'https://vk.com/katyushka_denchik', 'User', 284),
(808, 9, 'https://vk.com/kit_van', 'User', 286),
(809, 9, 'null', 'User', 287),
(810, 9, '', 'User', 293),
(811, 22, '21-04-2018 15:03:55', 'User', 293);

-- --------------------------------------------------------

--
-- Структура таблицы `Property_String_Assigment`
--

CREATE TABLE `Property_String_Assigment` (
  `id` int(11) NOT NULL,
  `property_id` int(11) NOT NULL,
  `object_id` int(11) NOT NULL,
  `model_name` varchar(255) NOT NULL
) ENGINE=InnoDB DEFAULT CHARSET=utf8;

--
-- Дамп данных таблицы `Property_String_Assigment`
--

INSERT INTO `Property_String_Assigment` (`id`, `property_id`, `object_id`, `model_name`) VALUES
(1, 9, 5, 'User_Group'),
(2, 16, 5, 'User_Group'),
(413, 24, 4, 'Structure'),
(722, 9, 15, 'User'),
(723, 9, 21, 'User'),
(724, 9, 23, 'User'),
(725, 9, 24, 'User'),
(726, 9, 28, 'User'),
(727, 9, 32, 'User'),
(728, 9, 33, 'User'),
(729, 9, 41, 'User'),
(730, 9, 45, 'User'),
(731, 9, 52, 'User'),
(732, 9, 53, 'User'),
(733, 9, 55, 'User'),
(734, 9, 58, 'User'),
(735, 9, 60, 'User'),
(736, 9, 65, 'User'),
(737, 9, 68, 'User'),
(738, 9, 71, 'User'),
(739, 9, 74, 'User'),
(740, 9, 75, 'User'),
(741, 9, 77, 'User'),
(742, 9, 79, 'User'),
(743, 9, 81, 'User'),
(744, 9, 90, 'User'),
(745, 9, 91, 'User'),
(746, 9, 92, 'User'),
(747, 9, 93, 'User'),
(748, 9, 96, 'User'),
(749, 9, 97, 'User'),
(750, 9, 100, 'User'),
(751, 9, 105, 'User'),
(752, 9, 114, 'User'),
(753, 9, 116, 'User'),
(754, 9, 119, 'User'),
(755, 9, 133, 'User'),
(756, 9, 137, 'User'),
(757, 9, 141, 'User'),
(758, 9, 173, 'User'),
(759, 9, 174, 'User'),
(760, 9, 175, 'User'),
(761, 9, 186, 'User'),
(762, 9, 192, 'User'),
(763, 9, 196, 'User'),
(764, 9, 201, 'User'),
(765, 9, 203, 'User'),
(766, 9, 206, 'User'),
(767, 9, 211, 'User'),
(768, 9, 213, 'User'),
(769, 9, 216, 'User'),
(770, 9, 218, 'User'),
(771, 9, 227, 'User'),
(772, 9, 229, 'User'),
(773, 9, 230, 'User'),
(774, 9, 238, 'User'),
(775, 9, 241, 'User'),
(776, 9, 250, 'User'),
(777, 9, 265, 'User'),
(778, 9, 268, 'User'),
(779, 9, 283, 'User'),
(780, 9, 284, 'User'),
(781, 9, 286, 'User'),
(782, 9, 287, 'User'),
(783, 9, 293, 'User'),
(784, 22, 293, 'User'),
(785, 22, 15, 'User');

-- --------------------------------------------------------

--
-- Структура таблицы `Property_Text`
--

CREATE TABLE `Property_Text` (
  `id` int(11) NOT NULL,
  `property_id` int(11) NOT NULL,
  `value` text NOT NULL,
  `model_name` varchar(100) NOT NULL,
  `object_id` int(11) NOT NULL
) ENGINE=InnoDB DEFAULT CHARSET=utf8;

--
-- Дамп данных таблицы `Property_Text`
--

INSERT INTO `Property_Text` (`id`, `property_id`, `value`, `model_name`, `object_id`) VALUES
(684, 19, '600 + 300р, за апрель абонент. плата внесена', 'User', 18),
(685, 19, 'по Матеусу оплата, ', 'User', 19),
(686, 19, 'по 350р уроки', 'User', 21),
(687, 19, 'по 350р уроки', 'User', 23),
(688, 19, '2 апреля поговорить с таранник', 'User', 25),
(689, 19, '2500р за 7 уроков', 'User', 26),
(690, 19, '2500р за 7 уроков', 'User', 27),
(691, 19, 'по 350 р; ', 'User', 28),
(692, 19, 'по 350р', 'User', 29),
(693, 19, 'оплата по егорову владу', 'User', 30),
(694, 19, '350р за инд урок', 'User', 36),
(695, 19, 'сказала засчитать остаток уроков', 'User', 37),
(696, 19, 'по 350 руб с 02.04', 'User', 39),
(697, 19, 'индив по 350р ', 'User', 43),
(698, 19, 'по 350 руб с 02.04, может ходить либо в 13-30, либо в 17-00', 'User', 48),
(699, 19, 'по 350 руб с 02.04', 'User', 52),
(700, 19, 'оплата общая с лыловой анной', 'User', 56),
(701, 19, 'по 350 руб с 02.04', 'User', 58),
(702, 19, '400 + 300р, за март абонплата внесена', 'User', 60),
(703, 19, 'платит 2600р за 8 уроков', 'User', 67),
(704, 19, 'остаток списать', 'User', 72),
(705, 19, 'ушел на неопределенный срок', 'User', 79),
(706, 19, 'поурочно платит', 'User', 90),
(707, 19, 'оплату вносит частями', 'User', 95),
(708, 19, 'по арчибасовой насте оплата', 'User', 96),
(709, 19, 'долг по оплате за пропуски, должны были приехать внести оплату, на звонки не отвечают, из расписания исключены', 'User', 103),
(710, 19, 'поур по 300р за 30 мин', 'User', 107),
(711, 19, '4 урока в остатке, не ходит до лета', 'User', 111),
(712, 19, 'по 350 руб с 02.04', 'User', 115),
(713, 19, 'по 350 руб с 02.04', 'User', 116),
(714, 19, 'по 350р индив уроки', 'User', 126),
(715, 19, 'сменный график', 'User', 127),
(716, 19, '400 + 300р, за апрель абонплата внесена', 'User', 133),
(717, 19, 'внесено 2 рубля', 'User', 136),
(718, 19, 'по 300 р по 30 мин', 'User', 137),
(719, 19, 'Не пытаться менять время в графике', 'User', 142),
(720, 19, 'по 3000 за 8 урок', 'User', 144),
(721, 19, 'звонить маме', 'User', 149),
(722, 19, 'не звонить, сам наберет. может только на 19.00 заниматься', 'User', 150),
(723, 19, '4 урока 06.04 начислены ошибочно', 'User', 163),
(724, 19, '01.06.18 весь остаток уроков сгорает', 'User', 166),
(725, 19, 'сменный график', 'User', 176),
(726, 19, 'оплата по Лагутину Алексею', 'User', 181),
(727, 19, 'поур 400, в абонементе по 300р', 'User', 185),
(728, 19, '19.03 весь остаток уроков сгорает', 'User', 186),
(729, 19, 'папе стараться не звонить', 'User', 188),
(730, 19, 'занимается на арфе', 'User', 198),
(731, 19, 'с февраля по сменному графику будет ходить', 'User', 205),
(732, 19, 'на фоно по сменному графику', 'User', 209),
(733, 19, 'сменный график', 'User', 214),
(734, 19, 'в конце мая планирует возобновить занятия', 'User', 216),
(735, 19, '2500р за 7 уроков', 'User', 222),
(736, 19, 'срок действия абонемента вышел, должны вносить оплату по-новой', 'User', 229),
(737, 19, 'срок действия абонемента вышел, должны вносить оплату по-новой', 'User', 235),
(738, 19, 'взять анкету', 'User', 240),
(739, 19, 'по сертификату 61, взять анкету', 'User', 244),
(740, 19, 'сменный график', 'User', 249),
(741, 19, 'раньше 18:00 ходить не может. может ходить на 15:00', 'User', 250),
(742, 19, 'записалась на урок 17.03 у Рымареву, потом отменила - проблемы на работе, сказала сама наберет', 'User', 251),
(743, 19, 'взять анкету', 'User', 254),
(744, 19, 'поставить в график с апреля', 'User', 258),
(745, 19, 'ему подарили абонемент (до 23.05), должен позвонить записаться', 'User', 262),
(746, 19, 'сменный график', 'User', 269),
(747, 19, 'платит поурочно', 'User', 273),
(748, 19, 'фламенко', 'User', 278),
(749, 19, 'просит как можно раньше ставить уроки', 'User', 288);

-- --------------------------------------------------------

--
-- Структура таблицы `Property_Text_Assigment`
--

CREATE TABLE `Property_Text_Assigment` (
  `id` int(11) NOT NULL,
  `property_id` int(11) NOT NULL,
  `object_id` int(11) NOT NULL,
  `model_name` text NOT NULL
) ENGINE=InnoDB DEFAULT CHARSET=utf8;

--
-- Дамп данных таблицы `Property_Text_Assigment`
--

INSERT INTO `Property_Text_Assigment` (`id`, `property_id`, `object_id`, `model_name`) VALUES
(1, 19, 5, 'User_Group'),
(355, 4, 4, 'Structure'),
(687, 19, 18, 'User'),
(688, 19, 19, 'User'),
(689, 19, 21, 'User'),
(690, 19, 23, 'User'),
(691, 19, 25, 'User'),
(692, 19, 26, 'User'),
(693, 19, 27, 'User'),
(694, 19, 28, 'User'),
(695, 19, 29, 'User'),
(696, 19, 30, 'User'),
(697, 19, 36, 'User'),
(698, 19, 37, 'User'),
(699, 19, 39, 'User'),
(700, 19, 43, 'User'),
(701, 19, 48, 'User'),
(702, 19, 52, 'User'),
(703, 19, 56, 'User'),
(704, 19, 58, 'User'),
(705, 19, 60, 'User'),
(706, 19, 67, 'User'),
(707, 19, 72, 'User'),
(708, 19, 79, 'User'),
(709, 19, 90, 'User'),
(710, 19, 95, 'User'),
(711, 19, 96, 'User'),
(712, 19, 103, 'User'),
(713, 19, 107, 'User'),
(714, 19, 111, 'User'),
(715, 19, 115, 'User'),
(716, 19, 116, 'User'),
(717, 19, 126, 'User'),
(718, 19, 127, 'User'),
(719, 19, 133, 'User'),
(720, 19, 136, 'User'),
(721, 19, 137, 'User'),
(722, 19, 142, 'User'),
(723, 19, 144, 'User'),
(724, 19, 149, 'User'),
(725, 19, 150, 'User'),
(726, 19, 163, 'User'),
(727, 19, 166, 'User'),
(728, 19, 176, 'User'),
(729, 19, 181, 'User'),
(730, 19, 185, 'User'),
(731, 19, 186, 'User'),
(732, 19, 188, 'User'),
(733, 19, 198, 'User'),
(734, 19, 205, 'User'),
(735, 19, 209, 'User'),
(736, 19, 214, 'User'),
(737, 19, 216, 'User'),
(738, 19, 222, 'User'),
(739, 19, 229, 'User'),
(740, 19, 235, 'User'),
(741, 19, 240, 'User'),
(742, 19, 244, 'User'),
(743, 19, 249, 'User'),
(744, 19, 250, 'User'),
(745, 19, 251, 'User'),
(746, 19, 254, 'User'),
(747, 19, 258, 'User'),
(748, 19, 262, 'User'),
(749, 19, 269, 'User'),
(750, 19, 273, 'User'),
(751, 19, 278, 'User'),
(752, 19, 288, 'User');

-- --------------------------------------------------------

--
-- Структура таблицы `Structure`
--

CREATE TABLE `Structure` (
  `id` int(11) NOT NULL,
  `title` varchar(150) DEFAULT NULL,
  `parent_id` int(11) NOT NULL DEFAULT '0',
  `path` varchar(100) DEFAULT NULL,
  `action` varchar(100) DEFAULT NULL,
  `template_id` int(11) DEFAULT NULL,
  `description` text,
  `children_name` varchar(255) DEFAULT NULL,
  `active` int(11) NOT NULL DEFAULT '1',
  `menu_id` int(11) NOT NULL,
  `sorting` int(11) NOT NULL DEFAULT '0',
  `meta_title` varchar(100) DEFAULT NULL,
  `meta_description` text,
  `meta_keywords` varchar(100) DEFAULT NULL
) ENGINE=InnoDB DEFAULT CHARSET=utf8;

--
-- Дамп данных таблицы `Structure`
--

INSERT INTO `Structure` (`id`, `title`, `parent_id`, `path`, `action`, `template_id`, `description`, `children_name`, `active`, `menu_id`, `sorting`, `meta_title`, `meta_description`, `meta_keywords`) VALUES
(1, 'Магазин', 0, 'shop', 'catalog', 5, 'Интернет-магазин', 'Structure_Item', 1, 0, 1000, '', '', ''),
(2, 'Спорт', 1, 'sport', 'catalog', 5, '', 'Structure_Item', 1, 0, 0, '', '', ''),
(3, 'Теннис', 2, 'tennis', 'catalog', 5, '', 'Structure_Item', 1, 0, 0, '', '', ''),
(4, 'Футбол', 2, 'football', 'catalog', 5, '', 'Structure_Item', 1, 0, 0, '', '', ''),
(5, 'Панель управления musadm', 0, '', 'musadm/index', 4, '', '', 1, 1, 10, '', '', ''),
(6, 'Административный раздел', 0, 'admin', 'admin/index', 3, '', '', 1, 0, 0, '', '', ''),
(7, 'Пользователи', 5, 'user', 'musadm/user/index', 4, '', 'User_Group', 1, 1, 10, '', '', ''),
(8, 'Иерархия классов', 9, 'models', 'documentation/models', 1, 'Общая структура системы. Описание стандартных классов, их свойств и методов.', '', 1, 0, 0, '', '', ''),
(9, 'Документация', 0, 'documentation', 'documentation/index', 1, 'Руководство по использованию системы', '', 1, 0, 100, '', '', ''),
(14, 'Вход', 5, 'authorize', 'musadm/authorize', 1, '', '', 1, 0, 0, '', '', ''),
(19, 'Скрипт обновления данных о пользователях', 0, 'refreshusers', 'index', 5, 'Раздел для тестирования различного функционала или отладки ', '', 1, 0, 1000, NULL, NULL, NULL),
(20, 'Авторизация', 6, 'authorize', 'admin/auth', 3, 'Страница авторизации для административного раздела', '', 1, 0, 0, NULL, NULL, NULL),
(22, 'Группы', 5, 'groups', 'musadm/index', 6, '', 'Structure_Item', 1, 1, 20, NULL, NULL, NULL),
(23, 'Расписание', 5, 'schedule', 'musadm/index', 4, '', 'Structure_Item', 1, 1, 30, NULL, NULL, NULL),
(24, 'Баланс', 5, 'balance', 'musadm/balance/balance', 4, '', 'Structure_Item', 1, 1, 0, NULL, NULL, NULL),
(26, 'test', 0, 'test', 'test', 5, '', 'Structure_Item', 1, 0, 1000, NULL, NULL, NULL),
(27, 'Архив', 7, 'archive', 'musadm/user/archive', 4, '', 'Structure_Item', 1, 1, 0, NULL, NULL, NULL);

-- --------------------------------------------------------

--
-- Структура таблицы `Structure_Item`
--

CREATE TABLE `Structure_Item` (
  `id` int(11) NOT NULL,
  `title` varchar(150) NOT NULL,
  `parent_id` int(11) NOT NULL DEFAULT '0',
  `description` text,
  `active` int(11) NOT NULL DEFAULT '1',
  `meta_title` varchar(100) DEFAULT NULL,
  `meta_description` text,
  `meta_keywords` varchar(100) DEFAULT NULL,
  `path` varchar(50) DEFAULT NULL,
  `sorting` int(11) NOT NULL DEFAULT '0'
) ENGINE=InnoDB DEFAULT CHARSET=utf8;

--
-- Дамп данных таблицы `Structure_Item`
--

INSERT INTO `Structure_Item` (`id`, `title`, `parent_id`, `description`, `active`, `meta_title`, `meta_description`, `meta_keywords`, `path`, `sorting`) VALUES
(1, 'Футбольный мячь', 4, '', 1, 'SEO title', 'SEO описание', 'SEO ключевые слова', '1', 0),
(2, 'Кросовки Nike', 4, '', 1, '', '', '', '2', 0),
(7, 'Новый элемент', 4, NULL, 1, NULL, NULL, NULL, '123', 100);

-- --------------------------------------------------------

--
-- Структура таблицы `User`
--

CREATE TABLE `User` (
  `id` int(11) NOT NULL,
  `name` varchar(255) NOT NULL DEFAULT '',
  `surname` varchar(255) NOT NULL DEFAULT '',
  `patronimyc` varchar(255) NOT NULL DEFAULT '',
  `phone_number` varchar(255) NOT NULL DEFAULT '',
  `email` varchar(255) NOT NULL DEFAULT '',
  `login` varchar(255) NOT NULL,
  `password` varchar(255) NOT NULL,
  `group_id` int(11) NOT NULL DEFAULT '2',
  `register_date` date NOT NULL,
  `active` int(11) NOT NULL DEFAULT '1',
  `superuser` int(11) NOT NULL DEFAULT '0'
) ENGINE=InnoDB DEFAULT CHARSET=utf8;

--
-- Дамп данных таблицы `User`
--

INSERT INTO `User` (`id`, `name`, `surname`, `patronimyc`, `phone_number`, `email`, `login`, `password`, `group_id`, `register_date`, `active`, `superuser`) VALUES
(1, 'Егор', 'Козырев', 'Алексеевич', '8-980-378-28-56', 'creative27016@gmail.com', 'alexoufx', '4a7d1ed414474e4033ac29ccb8653d9b', 1, '2018-04-21', 1, 1),
(2, 'Александр', 'Булгаков', '', '+79087801122', '', 'БА', 'd93591bdf7860e1e4ee2fca799911215', 4, '2018-04-21', 1, 0),
(3, 'Оксана', 'Полтева', '', '+79205764079', '', 'ПО', 'd93591bdf7860e1e4ee2fca799911215', 4, '2018-04-21', 1, 0),
(4, 'Алина', 'Романович', '', '+79192882062', '', 'РА', 'd93591bdf7860e1e4ee2fca799911215', 4, '2018-04-21', 1, 0),
(5, 'Артур', 'Герус', 'Андреевич', '30-18-77', '', 'd', '8277e0910d750195b448797616e091ad', 1, '2018-04-21', 1, 1),
(6, 'Дарья', 'Черных', '', '+79155665673', '', 'ЧД', '01cfcd4f6b8770febfb40cb906715822', 4, '2018-04-21', 1, 0),
(7, 'Руслан', 'Галяутдинов', '', '+79202090014', '', 'ГР', 'd93591bdf7860e1e4ee2fca799911215', 4, '2018-04-21', 1, 0),
(8, 'Карина', 'Белякова', '', '+79155601114', '', 'БК', 'd41d8cd98f00b204e9800998ecf8427e', 4, '2018-04-21', 1, 0),
(9, 'Владимир', 'Варжавинов', '', '+79606336651', '', 'ВВ', 'd93591bdf7860e1e4ee2fca799911215', 4, '2018-04-21', 1, 0),
(10, 'Вадим', 'Фёдоров', '', '+79092019737', '', 'ФВ', 'd93591bdf7860e1e4ee2fca799911215', 4, '2018-04-21', 1, 0),
(11, 'Андрей', 'Матвиенко', '', '+79045311244', '', 'МА', 'd93591bdf7860e1e4ee2fca799911215', 4, '2018-04-21', 1, 0),
(12, 'Андрей', 'Жуйков', '', '+79040872458', '', 'ЖА', 'd93591bdf7860e1e4ee2fca799911215', 4, '2018-04-21', 1, 0),
(13, 'Айарпи', 'Джилавян', '', '+79606371162', '', 'ДА', 'd93591bdf7860e1e4ee2fca799911215', 4, '2018-04-21', 1, 0),
(14, 'Иван', 'Рымарев', '', '+79040904607', '', 'РИ', 'd93591bdf7860e1e4ee2fca799911215', 4, '2018-04-21', 1, 0),
(15, 'Максим', 'Рябых ', '', '+79611640794', '', 'РяМа', '81dc9bdb52d04dc20036dbd8313ed055', 5, '2018-04-21', 1, 0),
(16, 'Евгений', 'Байдиков', '', '9511340707', '', 'БаЕв', '81dc9bdb52d04dc20036dbd8313ed055', 5, '2018-04-21', 1, 0),
(17, 'Дмитрий', 'Тетюхин', '', '9107419097, мама9103295637', '', 'ТеДи', '81dc9bdb52d04dc20036dbd8313ed055', 5, '2018-04-21', 1, 0),
(18, 'Оксана', 'Захарова', '', '9511406093', '', 'ЗаОк', '81dc9bdb52d04dc20036dbd8313ed055', 5, '2018-04-21', 1, 0),
(19, 'Чавес', 'Дебора', '', '9205967925', '', 'ДеЧа', '81dc9bdb52d04dc20036dbd8313ed055', 5, '2018-04-21', 1, 0),
(20, 'Михаил', 'Диченко', '', '9040822225', '', 'ДиМи', '81dc9bdb52d04dc20036dbd8313ed055', 5, '2018-04-21', 0, 0),
(21, 'Дарья', 'Ведерникова', '', '9192884237', '', 'ВеДа', '81dc9bdb52d04dc20036dbd8313ed055', 5, '2018-04-21', 0, 0),
(22, 'Юлия', 'Савенкова', '', '9606323377', '', 'СаЮл', '81dc9bdb52d04dc20036dbd8313ed055', 5, '2018-04-21', 1, 0),
(23, 'Юлия', 'Дворецкая', '', '9155636799', '', 'ДвЮл', '81dc9bdb52d04dc20036dbd8313ed055', 5, '2018-04-21', 1, 0),
(24, 'Михаил', 'Кравцов', '', '9102237815, мама 9155274452', '', 'КрМи', '81dc9bdb52d04dc20036dbd8313ed055', 5, '2018-04-21', 1, 0),
(25, 'Ангелина', 'Тараник', '', '9803753021 папа', '', 'ТаАн', '81dc9bdb52d04dc20036dbd8313ed055', 5, '2018-04-21', 0, 0),
(26, 'Мария', 'Котова', '', '9192213076', '', 'КоПо', '81dc9bdb52d04dc20036dbd8313ed055', 5, '2018-04-21', 1, 0),
(27, 'Аврора', 'Мочалова', '', '9202002087', '', 'МоАв', '81dc9bdb52d04dc20036dbd8313ed055', 5, '2018-04-21', 1, 0),
(28, 'Карина', 'Чумак', '', '9092020721', '', 'ЧуКа', '81dc9bdb52d04dc20036dbd8313ed055', 5, '2018-04-21', 1, 0),
(29, 'Дмитрий', 'Сидлецкий', '', '9205792055', '', 'СиДм', '81dc9bdb52d04dc20036dbd8313ed055', 5, '2018-04-21', 1, 0),
(30, 'Денис', 'Егоров', '', '9155730675', '', 'ЕгДе', '81dc9bdb52d04dc20036dbd8313ed055', 5, '2018-04-21', 1, 0),
(31, 'Варвара', 'Худасова', '', '9087814060', '', 'ХуВа', '81dc9bdb52d04dc20036dbd8313ed055', 5, '2018-04-21', 0, 0),
(32, 'Ирина', 'Васильченко', '', '9092055444', '', 'ВаИр', '81dc9bdb52d04dc20036dbd8313ed055', 5, '2018-04-21', 1, 0),
(33, 'Даниил', 'Немыкин', '', '9065654967', '', 'НеДа', '81dc9bdb52d04dc20036dbd8313ed055', 5, '2018-04-21', 1, 0),
(34, 'Андрей', 'Кузьмичев', '', '9040908554, мама9511592054', '', 'КуАн', '81dc9bdb52d04dc20036dbd8313ed055', 5, '2018-04-21', 1, 0),
(35, 'Ксения', 'Игнатова', '', '9040941155', '', 'ИгКс', '81dc9bdb52d04dc20036dbd8313ed055', 5, '2018-04-21', 1, 0),
(36, 'Мария', 'Косухина', '', '9202065482, 9192850039', '', 'КоМа', '81dc9bdb52d04dc20036dbd8313ed055', 5, '2018-04-21', 1, 0),
(37, 'Марина', 'Орлова', '', '9066005833', '', 'ОрМа', '81dc9bdb52d04dc20036dbd8313ed055', 5, '2018-04-21', 0, 0),
(38, 'Алиса', 'Дорохова', '', '9155750794', '', 'ДоАл', '81dc9bdb52d04dc20036dbd8313ed055', 5, '2018-04-21', 1, 0),
(39, 'Константин', 'Баландин', '', '9524349900', '', 'БаКо', '81dc9bdb52d04dc20036dbd8313ed055', 5, '2018-04-21', 1, 0),
(40, 'Анна', 'Корнеева', '', '9805291851', '', 'КоАн', '81dc9bdb52d04dc20036dbd8313ed055', 5, '2018-04-21', 0, 0),
(41, 'Светлана', 'Лукашова', '', '9511469962', '', 'ЛуСв', '81dc9bdb52d04dc20036dbd8313ed055', 5, '2018-04-21', 1, 0),
(42, 'София', 'Корнеева ', '', '9805291851', '', 'КоСо', '81dc9bdb52d04dc20036dbd8313ed055', 5, '2018-04-21', 0, 0),
(43, 'Диляра', 'Новак', '', '9606404124', '', 'НоДи', '81dc9bdb52d04dc20036dbd8313ed055', 5, '2018-04-21', 1, 0),
(44, 'Лия', 'Склярова', '', '9092094948', '', 'СкЛи', '81dc9bdb52d04dc20036dbd8313ed055', 5, '2018-04-21', 0, 0),
(45, 'Елизавета', 'Потатушкина', '', '9155764370', '', 'ПоЕл', '81dc9bdb52d04dc20036dbd8313ed055', 5, '2018-04-21', 1, 0),
(46, 'Евгения', 'Цветкова', '', '9611777964', '', 'ЦвЕв', '81dc9bdb52d04dc20036dbd8313ed055', 5, '2018-04-21', 0, 0),
(47, 'Алина', 'Глебова', '', '9805253750', '', 'ГлАн', '81dc9bdb52d04dc20036dbd8313ed055', 5, '2018-04-21', 1, 0),
(48, 'Алексей', 'Горошко', '', '9192822866', '', 'ГоАл', '81dc9bdb52d04dc20036dbd8313ed055', 5, '2018-04-21', 1, 0),
(49, 'Виолетта', 'Корсакова', '', 'мама9192250899, 9194365532', '', 'КоВи', '81dc9bdb52d04dc20036dbd8313ed055', 5, '2018-04-21', 1, 0),
(50, 'Екатерина', 'Лозовская', '', '9606753635', '', 'ЛоЕк', '81dc9bdb52d04dc20036dbd8313ed055', 5, '2018-04-21', 0, 0),
(51, 'Наталья', 'Павлик', '', '9066048283', '', 'ПаНа', '81dc9bdb52d04dc20036dbd8313ed055', 5, '2018-04-21', 0, 0),
(52, 'Анастасия', 'Арчибасова', '', '9606262562', '', 'АрАн', '81dc9bdb52d04dc20036dbd8313ed055', 5, '2018-04-21', 1, 0),
(53, 'Виктория', 'Думанова', '', '9205665205', '', 'ДуВи', '81dc9bdb52d04dc20036dbd8313ed055', 5, '2018-04-21', 1, 0),
(54, 'Ольга', 'Малькова', '', '9102258020', '', 'МаОл', '81dc9bdb52d04dc20036dbd8313ed055', 5, '2018-04-21', 1, 0),
(55, 'Алёна', 'Баймакова', '', '9092043065', '', 'БаАл', '81dc9bdb52d04dc20036dbd8313ed055', 5, '2018-04-21', 1, 0),
(56, 'Алиса', 'Лылова', '', '', '', 'ЛыАл', '81dc9bdb52d04dc20036dbd8313ed055', 5, '2018-04-21', 1, 0),
(57, 'Константин', 'Клёсов', '', '9040816850', '', 'КлКо', '81dc9bdb52d04dc20036dbd8313ed055', 5, '2018-04-21', 1, 0),
(58, 'Анна', 'Лылова', '', '9192273040', '', 'ЛыАн', '81dc9bdb52d04dc20036dbd8313ed055', 5, '2018-04-21', 1, 0),
(59, 'Владимир', 'Кузнецов', '', '9205750117', '', 'КуВл', '81dc9bdb52d04dc20036dbd8313ed055', 5, '2018-04-21', 0, 0),
(60, 'Владислав', 'Егоров ', '', '9155730675мама, 9803937117мама', '', 'ЕгВл', '81dc9bdb52d04dc20036dbd8313ed055', 5, '2018-04-21', 1, 0),
(61, 'Анастасия', 'Жарикова', '', '9087820943', '', 'ЖаАн', '81dc9bdb52d04dc20036dbd8313ed055', 5, '2018-04-21', 1, 0),
(62, 'София', 'Курбатова', '', '9087870319', '', 'КуСо', '81dc9bdb52d04dc20036dbd8313ed055', 5, '2018-04-21', 0, 0),
(63, 'Анастасия', 'Пыркина', '', '9056737739', '', 'ПыАн', '81dc9bdb52d04dc20036dbd8313ed055', 5, '2018-04-21', 1, 0),
(64, 'Оксана', 'Зиневич', '', '9194374668', '', 'ЗиОк', '81dc9bdb52d04dc20036dbd8313ed055', 5, '2018-04-21', 1, 0),
(65, 'Екатерина', 'Кобзева', '', '9524331330', '', 'КоЕк', '81dc9bdb52d04dc20036dbd8313ed055', 5, '2018-04-21', 1, 0),
(66, 'Кирилл', 'Катаржнов', '', '9517624136', '', 'КаКи', '81dc9bdb52d04dc20036dbd8313ed055', 5, '2018-04-21', 0, 0),
(67, 'Жаломба', 'Селештино', '', '9155297143', '', 'СеЖа', '81dc9bdb52d04dc20036dbd8313ed055', 5, '2018-04-21', 1, 0),
(68, 'Ася', 'Дугнист', '', '9087867792', '', 'ДуАс', '81dc9bdb52d04dc20036dbd8313ed055', 5, '2018-04-21', 1, 0),
(69, 'Кирилл', 'Пивнев', '', '9524399874', '', 'ПиКи', '81dc9bdb52d04dc20036dbd8313ed055', 5, '2018-04-21', 1, 0),
(70, 'Ангелина', 'Клочева', '', '9205815530', '', 'КлАн', '81dc9bdb52d04dc20036dbd8313ed055', 5, '2018-04-21', 0, 0),
(71, 'Кристина', 'Гудкова', '', '9995190691', '', 'ГуКр', '81dc9bdb52d04dc20036dbd8313ed055', 5, '2018-04-21', 0, 0),
(72, 'Елена', 'Сухобрус', '', '9036424424', '', 'СуЕл', '81dc9bdb52d04dc20036dbd8313ed055', 5, '2018-04-21', 0, 0),
(73, 'Мурадлы', 'Фидан', '', 'мама9524205114, 9803261145', '', 'ФиМу', '81dc9bdb52d04dc20036dbd8313ed055', 5, '2018-04-21', 0, 0),
(74, 'Марина', 'Ерофеева', '', '9205896526', '', 'ЕрМа', '81dc9bdb52d04dc20036dbd8313ed055', 5, '2018-04-21', 0, 0),
(75, 'Наталья', 'Васильева', '', '9192877530', '', 'ВаНа', '81dc9bdb52d04dc20036dbd8313ed055', 5, '2018-04-21', 1, 0),
(76, 'Юлианна', 'Пронина', '', '9202653722', '', 'ПрЮл', '81dc9bdb52d04dc20036dbd8313ed055', 5, '2018-04-21', 0, 0),
(77, 'Наталья', 'Масс', '', '9606267288', '', 'МаНа', '81dc9bdb52d04dc20036dbd8313ed055', 5, '2018-04-21', 1, 0),
(78, 'Светлана', 'Исаева', '', '9102264633', '', 'ИсСв', '81dc9bdb52d04dc20036dbd8313ed055', 5, '2018-04-21', 1, 0),
(79, 'Анатолий', 'Самокиша', '', '9205768223, папа9623082588', '', 'СаАн', '81dc9bdb52d04dc20036dbd8313ed055', 5, '2018-04-21', 0, 0),
(80, 'Светлана', 'Саак', '', '9202001717', '', 'СаСв', '81dc9bdb52d04dc20036dbd8313ed055', 5, '2018-04-21', 1, 0),
(81, 'Ирина', 'Шилова', '', '9102288507', '', 'ШиИр', '81dc9bdb52d04dc20036dbd8313ed055', 5, '2018-04-21', 1, 0),
(82, 'Алина', 'Малькова', '', '9040862858', '', 'МаАл', '81dc9bdb52d04dc20036dbd8313ed055', 5, '2018-04-21', 1, 0),
(83, 'Оксана', 'Гринько', '', '9103263030', '', 'ГрОк', '81dc9bdb52d04dc20036dbd8313ed055', 5, '2018-04-21', 1, 0),
(84, 'Владислав', 'Цунаев', '', '9803255558', '', 'ЦуВл', '81dc9bdb52d04dc20036dbd8313ed055', 5, '2018-04-21', 0, 0),
(85, 'Екатерина', 'Швецова', '', '9087811417', '', 'ШвЕк', '81dc9bdb52d04dc20036dbd8313ed055', 5, '2018-04-21', 1, 0),
(86, 'Яна', 'Акиньшина', '', '89511357177', '', 'АкЯн', '81dc9bdb52d04dc20036dbd8313ed055', 5, '2018-04-21', 1, 0),
(87, 'Юлия', 'Фролова', '', 'мама9611737216, 9606305470', '', 'ФрЮл', '81dc9bdb52d04dc20036dbd8313ed055', 5, '2018-04-21', 1, 0),
(88, 'Алина', 'Гунько', '', '9103611195', '', 'ГуАл', '81dc9bdb52d04dc20036dbd8313ed055', 5, '2018-04-21', 0, 0),
(89, 'Ольга', 'Славная', '', '9040877121', '', 'СлОл', '81dc9bdb52d04dc20036dbd8313ed055', 5, '2018-04-21', 0, 0),
(90, 'Юлия', 'Довбыш', '', '9066004550', '', 'ДоЮл', '81dc9bdb52d04dc20036dbd8313ed055', 5, '2018-04-21', 1, 0),
(91, 'Анна', 'Ермолина', '', '9092035014', '', 'ЕрАн', '81dc9bdb52d04dc20036dbd8313ed055', 5, '2018-04-21', 1, 0),
(92, 'Сергей', 'Миронов', '', '9155257009 9087897257, мама 9803242721', '', 'МиСе', '81dc9bdb52d04dc20036dbd8313ed055', 5, '2018-04-21', 1, 0),
(93, 'Маргарита', 'Кононова', '', '9194375899', '', 'КонМа', '81dc9bdb52d04dc20036dbd8313ed055', 5, '2018-04-21', 1, 0),
(94, 'Ксения', 'Миженина', '', '9107372122', '', 'МиКс', '81dc9bdb52d04dc20036dbd8313ed055', 5, '2018-04-21', 1, 0),
(95, 'Дарья', 'Еремина', '', '9087811270', '', 'ЕрДа', '81dc9bdb52d04dc20036dbd8313ed055', 5, '2018-04-21', 1, 0),
(96, 'Анна', 'Арчибасова', '', '', '', 'АрчАн', '81dc9bdb52d04dc20036dbd8313ed055', 5, '2018-04-21', 1, 0),
(97, 'Сергей', 'Картамышев', '', '9045334421', '', 'КаСе', '81dc9bdb52d04dc20036dbd8313ed055', 5, '2018-04-21', 1, 0),
(98, 'Екатерина', 'Лаврова', '', 'анкет9045307762, осн9040883998 ', '', 'ЛаЕк', '81dc9bdb52d04dc20036dbd8313ed055', 5, '2018-04-21', 0, 0),
(99, 'Алексей', 'Евтушенко', '', '9087826599', '', 'ЕвАл', '81dc9bdb52d04dc20036dbd8313ed055', 5, '2018-04-21', 0, 0),
(100, 'Вадим', 'Баранов', '', '9155271114', '', 'БаВа', '81dc9bdb52d04dc20036dbd8313ed055', 5, '2018-04-21', 1, 0),
(101, 'Дмитрий', 'Тагиев', '', 'мама9045369383, 9080806456', '', 'ТаДм', '81dc9bdb52d04dc20036dbd8313ed055', 5, '2018-04-21', 1, 0),
(102, 'Юлия', 'Дель', '', '9805269096', '', 'ДеЮл', '81dc9bdb52d04dc20036dbd8313ed055', 5, '2018-04-21', 0, 0),
(103, 'Владислав', 'Краснов', '', '9202012313', '', 'КрВл', '81dc9bdb52d04dc20036dbd8313ed055', 5, '2018-04-21', 0, 0),
(104, 'Ирина', 'Пуляева', '', '9205825195, 9384065884', '', 'ПуИр', '81dc9bdb52d04dc20036dbd8313ed055', 5, '2018-04-21', 0, 0),
(105, 'Владислав', 'Шейченко', '', '9611704948, мама9036421971', '', 'ШеВл', '0c5ee874d959db97d11a16d9f4564e85', 5, '2018-04-21', 1, 0),
(106, 'Анастасия', 'Зубарева', '', '', '', 'ЗуАн', '81dc9bdb52d04dc20036dbd8313ed055', 5, '2018-04-21', 1, 0),
(107, 'Радмила', 'Мартынова', '', '9803772116, 9107414966', '', 'МаРа', '81dc9bdb52d04dc20036dbd8313ed055', 5, '2018-04-21', 1, 0),
(108, 'Ольга', 'Сырвачева', '', '9087890517', '', 'СыОл', '81dc9bdb52d04dc20036dbd8313ed055', 5, '2018-04-21', 0, 0),
(109, 'Вадим', 'Ляпин', '', '9155688019мама', '', 'ЛяВа', '81dc9bdb52d04dc20036dbd8313ed055', 5, '2018-04-21', 1, 0),
(110, 'Дарья', 'Сидорова', '', '9511326444', '', 'СиДа', '81dc9bdb52d04dc20036dbd8313ed055', 5, '2018-04-21', 1, 0),
(111, 'Екатерина', 'Раушенбах', '', '', '', 'РаЕк', '81dc9bdb52d04dc20036dbd8313ed055', 5, '2018-04-21', 0, 0),
(112, 'Павел', 'Сайганов', '', '+79290028122, +79040859023', '', 'СП', 'd93591bdf7860e1e4ee2fca799911215', 4, '2018-04-21', 1, 0),
(113, 'Марина', 'Резникова', '', '9304000564', '', 'РеМа', '81dc9bdb52d04dc20036dbd8313ed055', 5, '2018-04-21', 0, 0),
(114, 'Егор', 'Попов', '', '9194307480, 9155783090', '', 'ПоЕг', '81dc9bdb52d04dc20036dbd8313ed055', 5, '2018-04-21', 1, 0),
(115, 'Римма', 'Ремизова', '', '9202068712', '', 'РеРи', '81dc9bdb52d04dc20036dbd8313ed055', 5, '2018-04-21', 1, 0),
(116, 'Маргарита', 'Ремизова', '', '9202044725', '', 'РемМа', '81dc9bdb52d04dc20036dbd8313ed055', 5, '2018-04-21', 1, 0),
(117, 'Игорь', 'Самойлов', '', '9038845902', '', 'СаИг', '81dc9bdb52d04dc20036dbd8313ed055', 5, '2018-04-21', 0, 0),
(118, 'Елена', 'Сидоренко', '', '9192870280', '', 'СиЕл', '81dc9bdb52d04dc20036dbd8313ed055', 5, '2018-04-21', 0, 0),
(119, 'Анастасия', 'Сидорова', '', '9155750240', '', 'СиАн', '81dc9bdb52d04dc20036dbd8313ed055', 5, '2018-04-21', 1, 0),
(120, 'Дмитрий', 'Сорокин', '', '9611728486', '', 'СоДм', '81dc9bdb52d04dc20036dbd8313ed055', 5, '2018-04-21', 1, 0),
(121, 'Ольга', 'Тодощук', '', '9205545813', '', 'ТоОл', '81dc9bdb52d04dc20036dbd8313ed055', 5, '2018-04-21', 1, 0),
(122, 'Егор', 'Тулинов', '', 'мама9065668548', '', 'ТуЕг', '81dc9bdb52d04dc20036dbd8313ed055', 5, '2018-04-21', 1, 0),
(123, 'Александр', 'Токач', '', 'мама9103221771, 9103641033', '', 'ТоАл', '81dc9bdb52d04dc20036dbd8313ed055', 5, '2018-04-21', 1, 0),
(124, 'Наталья', 'Цыбенко', '', '9102206629', '', 'ЦыНа', '81dc9bdb52d04dc20036dbd8313ed055', 5, '2018-04-21', 0, 0),
(125, 'Марина', 'Цыкал', '', '9277440137, 9205921682', '', 'ЦыМа', '81dc9bdb52d04dc20036dbd8313ed055', 5, '2018-04-21', 1, 0),
(126, 'Алина', 'Ширшова', '', '9645813172, 9045300028', '', 'ШиАл', '81dc9bdb52d04dc20036dbd8313ed055', 5, '2018-04-21', 1, 0),
(127, 'Вадим', 'Пелихов', '', '9205626488', '', 'ПеВа', '81dc9bdb52d04dc20036dbd8313ed055', 5, '2018-04-21', 1, 0),
(128, 'Михаил', 'Лагуткин', '', '9524398242', '', 'ЛаМи', '81dc9bdb52d04dc20036dbd8313ed055', 5, '2018-04-21', 0, 0),
(129, 'Валентин', 'Слюсарев', '', '9040909913', '', 'СлВа', '81dc9bdb52d04dc20036dbd8313ed055', 5, '2018-04-21', 1, 0),
(130, 'Аким', 'Дмитриев', '', '9511411474', '', 'ДмАк', '81dc9bdb52d04dc20036dbd8313ed055', 5, '2018-04-21', 1, 0),
(131, 'Валерий', 'Нерсисян', '', '9803738628', '', 'НеВа', '81dc9bdb52d04dc20036dbd8313ed055', 5, '2018-04-21', 0, 0),
(132, 'Григорий', 'Орлов', '', '9103609153', '', 'ОрГр', '81dc9bdb52d04dc20036dbd8313ed055', 5, '2018-04-21', 1, 0),
(133, 'Санчес', 'Матеус', '', '9205967925', '', 'МаСа', '81dc9bdb52d04dc20036dbd8313ed055', 5, '2018-04-21', 1, 0),
(134, 'Владислав', 'Литвинов', '', '9205559706, мама 9205843920', '', 'ЛиВл', '81dc9bdb52d04dc20036dbd8313ed055', 5, '2018-04-21', 0, 0),
(135, 'Илья', 'Наумов', '', '9202046538', '', 'НаИл', '81dc9bdb52d04dc20036dbd8313ed055', 5, '2018-04-21', 0, 0),
(136, 'Дарина', 'Леонова', '', '9202009909', '', 'ЛеДа', '81dc9bdb52d04dc20036dbd8313ed055', 5, '2018-04-21', 0, 0),
(137, 'Алиса', 'Кудрявцева', '', '9517600055', '', 'КуАл', '81dc9bdb52d04dc20036dbd8313ed055', 5, '2018-04-21', 1, 0),
(138, 'Александр', 'Кравченко', '', '9205556546', '', 'КрАл', '81dc9bdb52d04dc20036dbd8313ed055', 5, '2018-04-21', 0, 0),
(139, 'Кирилл', 'Гнаповский', '', '9103667703', '', 'ГнКи', '81dc9bdb52d04dc20036dbd8313ed055', 5, '2018-04-21', 1, 0),
(140, 'Дарья', 'Остапенко', '', '9202079686, мама 9524312072', '', 'ОсДа', '81dc9bdb52d04dc20036dbd8313ed055', 5, '2018-04-21', 0, 0),
(141, 'Василий', 'Девятов', '', '9102267886, 9205699500', '', 'ДеВа', '81dc9bdb52d04dc20036dbd8313ed055', 5, '2018-04-21', 1, 0),
(142, 'Ярослав', 'Истрашкин', '', '9517692499мама', '', 'ИсЯр', '81dc9bdb52d04dc20036dbd8313ed055', 5, '2018-04-21', 0, 0),
(143, 'Арсений', 'Коренев', '', 'водитель 9103206069', '', 'КоАр', '81dc9bdb52d04dc20036dbd8313ed055', 5, '2018-04-21', 0, 0),
(144, 'Дмитрий', 'Климов', '', '9511525097', '', 'КлДм', '81dc9bdb52d04dc20036dbd8313ed055', 5, '2018-04-21', 1, 0),
(145, 'Ульяна', 'Егорова', '', '9155716692', '', 'ЕгУл', '81dc9bdb52d04dc20036dbd8313ed055', 5, '2018-04-21', 1, 0),
(146, 'Дарья', 'Дадыка', '', 'вк', '', 'ДаДа', '81dc9bdb52d04dc20036dbd8313ed055', 5, '2018-04-21', 0, 0),
(147, 'Александр', 'Гамза', '', '9125544369', '', 'ГаАл', '81dc9bdb52d04dc20036dbd8313ed055', 5, '2018-04-21', 0, 0),
(148, 'Валерия', 'Гончарова', '', '9155254048', '', 'ГоВа', '743eb81dee5d44b69d11e9739ac78b27', 5, '2018-04-21', 1, 0),
(149, 'Павел', 'Шуленин', '', 'мама9205698623, 9205733776', '', 'ШуПа', '81dc9bdb52d04dc20036dbd8313ed055', 5, '2018-04-21', 1, 0),
(150, 'Валерий', 'Бескровный', '', '9524231323', '', 'БеВа', '81dc9bdb52d04dc20036dbd8313ed055', 5, '2018-04-21', 1, 0),
(151, 'Татьяна', 'Орлова', '', '9056704351', '', 'ОрТа', '81dc9bdb52d04dc20036dbd8313ed055', 5, '2018-04-21', 0, 0),
(152, 'Вера', 'Мартынюк', '', '9045303768папа 89040929827', '', 'МаВе', '81dc9bdb52d04dc20036dbd8313ed055', 5, '2018-04-21', 1, 0),
(153, 'Ирина', 'Овсиенко', '', '9517613513', '', 'ОвИр', '81dc9bdb52d04dc20036dbd8313ed055', 5, '2018-04-21', 0, 0),
(154, 'Дмитрий', 'Бутенко', '', '9205541023', '', 'БуДм', '81dc9bdb52d04dc20036dbd8313ed055', 5, '2018-04-21', 0, 0),
(155, 'Артём', 'Серёгин', '', '', '', 'СеАр', '81dc9bdb52d04dc20036dbd8313ed055', 5, '2018-04-21', 0, 0),
(156, 'Иван', 'Дементьев', '', '9205925424', '', 'ДеИв', '81dc9bdb52d04dc20036dbd8313ed055', 5, '2018-04-21', 0, 0),
(157, 'Вячеслав', 'Раков', '', '+79107366746', '', 'РаВя', '81dc9bdb52d04dc20036dbd8313ed055', 5, '2018-04-21', 1, 0),
(158, 'Михаил', 'Михайленко', '', '+79087801127', '', 'МиМи', '81dc9bdb52d04dc20036dbd8313ed055', 5, '2018-04-21', 1, 0),
(159, 'Светлана', 'Свидовская', '', '9511363580', '', 'СвСв', '81dc9bdb52d04dc20036dbd8313ed055', 5, '2018-04-21', 0, 0),
(160, 'Станислав', 'Звонов', '', '9803711540, 9066009119', '', 'ЗвСт', '81dc9bdb52d04dc20036dbd8313ed055', 5, '2018-04-21', 1, 0),
(161, 'Егор', 'Крючков', '', '9202056051', '', 'КрЕг', '81dc9bdb52d04dc20036dbd8313ed055', 5, '2018-04-21', 0, 0),
(162, 'Виталий', 'Макеев', '', '9065663579', '', 'МВ', 'd93591bdf7860e1e4ee2fca799911215', 4, '2018-04-21', 1, 0),
(163, 'Герман', 'Семёнов', '', '9102204713', '', 'СеГе', '81dc9bdb52d04dc20036dbd8313ed055', 5, '2018-04-21', 1, 0),
(164, 'Ирина', 'Бойченко', '', '9148554126', '', 'БоИр', '81dc9bdb52d04dc20036dbd8313ed055', 5, '2018-04-21', 0, 0),
(165, 'Андрей', 'Ракитин', '', '9205720150', '', 'РаАн', '81dc9bdb52d04dc20036dbd8313ed055', 5, '2018-04-21', 0, 0),
(166, 'Дмитрий', 'Лебеденко', '', '9066059995', '', 'ЛеДм', '81dc9bdb52d04dc20036dbd8313ed055', 5, '2018-04-21', 0, 0),
(167, 'Денис', 'Гнездилов', '', '9192243506', '', 'ГнДе', '81dc9bdb52d04dc20036dbd8313ed055', 5, '2018-04-21', 1, 0),
(168, 'София', 'Полтева', '', '', '', 'ПолСо', '81dc9bdb52d04dc20036dbd8313ed055', 5, '2018-04-21', 1, 0),
(169, 'Оксана', 'Полтева', '', '', '', 'ПолОк', '81dc9bdb52d04dc20036dbd8313ed055', 5, '2018-04-21', 1, 0),
(170, 'сультация', 'кон', '', '', '', 'консул', '9ab436ca9482f1cfcaee53cc1a6ab7c1', 5, '2018-04-21', 1, 0),
(171, 'Илья', 'Солдаткин ', '', '9803886673', '', 'СоИл', '81dc9bdb52d04dc20036dbd8313ed055', 5, '2018-04-21', 0, 0),
(172, 'Ярослав', 'Лебеденко', '', '9038860555', '', 'ЛеЯр', '81dc9bdb52d04dc20036dbd8313ed055', 5, '2018-04-21', 1, 0),
(173, 'Виктория', 'Будько', '', '9087828685', '', 'БуВи', '81dc9bdb52d04dc20036dbd8313ed055', 5, '2018-04-21', 1, 0),
(174, 'Игорь', 'Качук', '', '9030246755', '', 'КаИг', '81dc9bdb52d04dc20036dbd8313ed055', 5, '2018-04-21', 1, 0),
(175, 'Лусине', 'Шахвердян', '', '9102287787', '', 'ШаЛу', '81dc9bdb52d04dc20036dbd8313ed055', 5, '2018-04-21', 1, 0),
(176, 'Вадим', 'Юдин', '', '9103231177', '', 'ЮдВа', '81dc9bdb52d04dc20036dbd8313ed055', 5, '2018-04-21', 0, 0),
(177, 'Елена', 'Щетинина', '', '9036420233', '', 'ЩеЕл', '81dc9bdb52d04dc20036dbd8313ed055', 5, '2018-04-21', 1, 0),
(178, 'Подготовка', 'Само', '', '', '', 'Самопод', '81dc9bdb52d04dc20036dbd8313ed055', 5, '2018-04-21', 1, 0),
(179, 'Маргарита', 'Харисова', '', '89155799809', '', 'ХаМа', '81dc9bdb52d04dc20036dbd8313ed055', 5, '2018-04-21', 0, 0),
(180, 'Алексей', 'Лагутин ', '', '89192221177', '', 'ЛаАл', '81dc9bdb52d04dc20036dbd8313ed055', 5, '2018-04-21', 1, 0),
(181, 'Елизавета', 'Лагутина', '', '', '', 'ЛаЕл', '81dc9bdb52d04dc20036dbd8313ed055', 5, '2018-04-21', 1, 0),
(182, 'Тест', 'Тест', '', '', '', 'тест', '81dc9bdb52d04dc20036dbd8313ed055', 4, '2018-04-21', 1, 0),
(183, 'Андрей', 'Кисенко', '', '89606326740', '', 'КиАн', '81dc9bdb52d04dc20036dbd8313ed055', 5, '2018-04-21', 1, 0),
(184, 'Ярослав', 'Гринякин', '', '89805211205мама 89087845511', '', 'ГрЯр', '81dc9bdb52d04dc20036dbd8313ed055', 5, '2018-04-21', 1, 0),
(185, 'Максим', 'Москаленко', '', '8-951-766-02-77', '', 'МоМа', '81dc9bdb52d04dc20036dbd8313ed055', 5, '2018-04-21', 1, 0),
(186, 'Дмитрий', 'Чаблин', '', '', '', 'ЧаДм', '81dc9bdb52d04dc20036dbd8313ed055', 5, '2018-04-21', 0, 0),
(187, 'Максим', 'Перепелица', '', '9155600680', '', 'ПеМа', '81dc9bdb52d04dc20036dbd8313ed055', 5, '2018-04-21', 0, 0),
(188, 'Александр', 'Щипцов', '', '9202003900, папа9250429770', '', 'ЩиАл', '81dc9bdb52d04dc20036dbd8313ed055', 5, '2018-04-21', 1, 0),
(189, 'Подготовка', 'Само', '', '', '', 'Само', 'd41d8cd98f00b204e9800998ecf8427e', 4, '2018-04-21', 1, 0),
(190, 'Павел', 'Логвинов', '', '89192871619 мама', '', 'НоПа', '81dc9bdb52d04dc20036dbd8313ed055', 5, '2018-04-21', 1, 0),
(191, 'Анна', 'Зинькова', '', '9102251201', '', 'ЗиАн', '81dc9bdb52d04dc20036dbd8313ed055', 5, '2018-04-21', 1, 0),
(192, 'Марина', 'Субботина ', '', '89205536278', '', 'СуМа', '81dc9bdb52d04dc20036dbd8313ed055', 5, '2018-04-21', 1, 0),
(193, 'Виктория', 'Рвачева ', '', 'мама89194324808, папа9290000886, 9155742281', '', 'РвВи', '81dc9bdb52d04dc20036dbd8313ed055', 5, '2018-04-21', 1, 0),
(194, 'Евгений', 'Петровский ', '', '89517670658,89103244086 мама', '', 'ПеЕв', '81dc9bdb52d04dc20036dbd8313ed055', 5, '2018-04-21', 1, 0),
(195, 'Лариса', 'Зырянова', '', '89045349415', '', 'ЗыЛа', '81dc9bdb52d04dc20036dbd8313ed055', 5, '2018-04-21', 0, 0),
(196, 'Виктория', 'Бугаева', '', ' 89103275764', '', 'БугВи', '81dc9bdb52d04dc20036dbd8313ed055', 5, '2018-04-21', 1, 0),
(197, 'Владислав', 'Хрипунов', '', '89107451425', '', 'ХрВл', '81dc9bdb52d04dc20036dbd8313ed055', 5, '2018-04-21', 0, 0),
(198, 'Наталья', 'Глущенко ', '', '89507136447', '', 'ГлНа', '81dc9bdb52d04dc20036dbd8313ed055', 5, '2018-04-21', 1, 0),
(199, 'Артем', 'Ломакович', '', '89606254054мама', '', 'ЛоАр', '81dc9bdb52d04dc20036dbd8313ed055', 5, '2018-04-21', 1, 0),
(200, 'Даниил', 'Матвеенко ', '', '89611727212', '', 'МаДа', '81dc9bdb52d04dc20036dbd8313ed055', 5, '2018-04-21', 0, 0),
(201, 'Мария', 'Рамазанова', '', '89103698305', '', 'РаМа', '81dc9bdb52d04dc20036dbd8313ed055', 5, '2018-04-21', 1, 0),
(202, 'Владислав', 'Гобелко', '', '9511594339', '', 'ГоВл', '81dc9bdb52d04dc20036dbd8313ed055', 5, '2018-04-21', 1, 0),
(203, 'Никита', 'Рузакин', '', '9511596862', '', 'РуНи', '81dc9bdb52d04dc20036dbd8313ed055', 5, '2018-04-21', 0, 0),
(204, 'София', 'Степаненко', '', '9511581710мама, 9511582956бабушка', '', 'СтСо', '81dc9bdb52d04dc20036dbd8313ed055', 5, '2018-04-21', 1, 0),
(205, 'Юлия', 'Белкина', '', '9803740377', '', 'БеЮл', '81dc9bdb52d04dc20036dbd8313ed055', 5, '2018-04-21', 0, 0),
(206, 'Татьяна', 'Камнева', '', '9040918558', '', 'КаТа', '81dc9bdb52d04dc20036dbd8313ed055', 5, '2018-04-21', 1, 0),
(207, 'Степан', 'Лисуненко', '', '9066083197, 9092006939', '', 'ЛиСт', '81dc9bdb52d04dc20036dbd8313ed055', 5, '2018-04-21', 1, 0),
(208, 'Дарья', 'Курдюкова', '', '9103249006', '', 'КуДа', '81dc9bdb52d04dc20036dbd8313ed055', 5, '2018-04-21', 1, 0),
(209, 'Вероника', 'Варёшина', '', '89803756977', '', 'ВаВе', '81dc9bdb52d04dc20036dbd8313ed055', 5, '2018-04-21', 0, 0),
(210, 'Татьяна', 'Шмелева', '', '9103269964', '', 'ШмТа', '81dc9bdb52d04dc20036dbd8313ed055', 5, '2018-04-21', 0, 0),
(211, 'Алексей', 'Бочаров', '', '', '', 'БоАл', '81dc9bdb52d04dc20036dbd8313ed055', 5, '2018-04-21', 0, 0),
(212, 'Вадим', 'Тихонов', '', '89038845555', '', 'ТиВа', '81dc9bdb52d04dc20036dbd8313ed055', 5, '2018-04-21', 0, 0),
(213, 'Евгения', 'Тулупова', '', '89066084042мама,  89606368035', '', 'ТуЕв', '81dc9bdb52d04dc20036dbd8313ed055', 5, '2018-04-21', 1, 0),
(214, 'Артём', 'Филатов', '', '9092050324', '', 'ФиАр', '81dc9bdb52d04dc20036dbd8313ed055', 5, '2018-04-21', 1, 0),
(215, 'Ольга', 'Гоменнюк ', '', '89202066147', '', 'ГоОл', '81dc9bdb52d04dc20036dbd8313ed055', 5, '2018-04-21', 0, 0),
(216, 'Ангелина', 'Статинова', '', '9507179331', '', 'СтАн', '81dc9bdb52d04dc20036dbd8313ed055', 5, '2018-04-21', 1, 0),
(217, 'Галина', 'Салтыкова ', '', '89155255941', '', 'СаГа', '81dc9bdb52d04dc20036dbd8313ed055', 5, '2018-04-21', 1, 0),
(218, 'Павел', 'Харченко', '', '89192809111 89155255941', '', 'ХаПа', '81dc9bdb52d04dc20036dbd8313ed055', 5, '2018-04-21', 1, 0),
(219, 'Анастасия', 'Федорова ', '', '9065668812', '', 'ФеАн', '81dc9bdb52d04dc20036dbd8313ed055', 5, '2018-04-21', 0, 0),
(220, 'Валерия', 'Журакова', '', 'валерия9517665598, 9040985488, 9507129046', '', 'ЖуВа', '81dc9bdb52d04dc20036dbd8313ed055', 5, '2018-04-21', 1, 0),
(221, 'Виолетта', 'Шапошникова', '', '9103207761мама', '', 'ШаВи', '81dc9bdb52d04dc20036dbd8313ed055', 5, '2018-04-21', 1, 0),
(222, 'Александра', 'Мочалова', '', '', '', 'МоАл', '81dc9bdb52d04dc20036dbd8313ed055', 5, '2018-04-21', 1, 0),
(223, 'Владислава', 'Котельникова', '', '9066085215', '', 'КоВл', '81dc9bdb52d04dc20036dbd8313ed055', 5, '2018-04-21', 1, 0),
(224, 'Павел', 'Котельников', '', '9066085215', '', 'КоПа', '81dc9bdb52d04dc20036dbd8313ed055', 5, '2018-04-21', 1, 0),
(225, 'Виталий', 'Чепурных', '', '9040857580', '', 'ЧеВи', '81dc9bdb52d04dc20036dbd8313ed055', 5, '2018-04-21', 1, 0),
(226, 'Станислав', 'Лукаш', '', '89092029210', '', 'СтЛу', '81dc9bdb52d04dc20036dbd8313ed055', 5, '2018-04-21', 1, 0),
(227, 'Илья', 'Гудов', '', '9092018952', '', 'ГуИл', '81dc9bdb52d04dc20036dbd8313ed055', 5, '2018-04-21', 1, 0),
(228, 'Ирина', 'Витковская', '', '9155646210', '', 'ВиИр', '81dc9bdb52d04dc20036dbd8313ed055', 5, '2018-04-21', 1, 0),
(229, 'Карина', 'Власенко', '', '89194322588', '', 'ВлКа', '81dc9bdb52d04dc20036dbd8313ed055', 5, '2018-04-21', 0, 0),
(230, 'Николай', 'Бурлаков', '', '9205853425', '', 'БуНи', '81dc9bdb52d04dc20036dbd8313ed055', 5, '2018-04-21', 1, 0),
(231, 'Руслан', 'Исмаинов', '', '9103615681', '', 'ИсРу', '81dc9bdb52d04dc20036dbd8313ed055', 5, '2018-04-21', 0, 0),
(232, 'Эльвира', 'Алексеенко', '', '9205592799', '', 'АлЭл', '81dc9bdb52d04dc20036dbd8313ed055', 5, '2018-04-21', 1, 0),
(233, 'Никита', 'Калинский', '', '89103262850', '', 'КаНи', '81dc9bdb52d04dc20036dbd8313ed055', 5, '2018-04-21', 1, 0),
(234, 'Алина', 'Смирнова', '', '89803826884', '', 'СмАл', '81dc9bdb52d04dc20036dbd8313ed055', 5, '2018-04-21', 1, 0),
(235, 'Евгения', 'Шеховонова ', '', '89051733534', '', 'ШеЕв', '81dc9bdb52d04dc20036dbd8313ed055', 5, '2018-04-21', 0, 0),
(236, 'Галина', 'Синегубова ', 'Александровна', '89045305856', '', 'СиГа', '81dc9bdb52d04dc20036dbd8313ed055', 5, '2018-04-21', 1, 0),
(237, 'Марина', 'Овсянникова', '', '89192293607', '', 'ОвМа', '81dc9bdb52d04dc20036dbd8313ed055', 5, '2018-04-21', 1, 0),
(238, 'Анастасия', 'Присяжнюк', '', '89524319720', '', 'ПрАн', '81dc9bdb52d04dc20036dbd8313ed055', 5, '2018-04-21', 1, 0),
(239, 'Полина', 'Котова', '', 'мама9045300066, 9045307959', '', 'КотПо', '81dc9bdb52d04dc20036dbd8313ed055', 5, '2018-04-21', 1, 0),
(240, 'Тимофей', 'Воронцов', '', '9155627706', '', 'ВоТи', '81dc9bdb52d04dc20036dbd8313ed055', 5, '2018-04-21', 0, 0),
(241, 'Лилия', 'Сапельник', '', '89805263090', '', 'СаЛи', '81dc9bdb52d04dc20036dbd8313ed055', 5, '2018-04-21', 1, 0),
(242, 'Илья', 'Каленик', '', '89155799510', '', 'КаИл', '81dc9bdb52d04dc20036dbd8313ed055', 5, '2018-04-21', 1, 0),
(243, 'Виолетта', 'Яркова', '', '89087805623', '', 'ЯрВи', '81dc9bdb52d04dc20036dbd8313ed055', 5, '2018-04-21', 1, 0),
(244, 'Владимир', 'Дуюн', '', '9040882772', '', 'ДуВл', '81dc9bdb52d04dc20036dbd8313ed055', 5, '2018-04-21', 1, 0),
(245, 'Евгений', 'Лобанов', '', '9606300001', '', 'ЛоЕв', '81dc9bdb52d04dc20036dbd8313ed055', 5, '2018-04-21', 1, 0),
(246, 'Татьяна', 'Рябухина', '', '9103623751, папа9040962985', '', 'РяТа', '81dc9bdb52d04dc20036dbd8313ed055', 5, '2018-04-21', 0, 0),
(247, 'Анастасия', 'Петкевич', '', '9205968524', '', 'ПеАн', '81dc9bdb52d04dc20036dbd8313ed055', 5, '2018-04-21', 1, 0),
(248, 'Людмила', 'Романова', '', '9066068213', '', 'РоЛю', '81dc9bdb52d04dc20036dbd8313ed055', 5, '2018-04-21', 1, 0),
(249, 'Лариса', 'Малявина', '', '', '', 'МаЛа', '81dc9bdb52d04dc20036dbd8313ed055', 5, '2018-04-21', 1, 0),
(250, 'Виктория', 'Глебова', '', '89040890974', '', 'ГлВи', '81dc9bdb52d04dc20036dbd8313ed055', 5, '2018-04-21', 1, 0),
(251, 'Галина', 'Кривопускова', '', '89205715555', '', 'КрГа', '81dc9bdb52d04dc20036dbd8313ed055', 5, '2018-04-21', 0, 0),
(252, 'Иван', 'Козицкий', '', '9103690506мама, 9103690702', '', 'КоИв', '81dc9bdb52d04dc20036dbd8313ed055', 5, '2018-04-21', 1, 0),
(253, 'Ирина', 'Зеберт', '', '9107378048', '', 'ЗеИр', '81dc9bdb52d04dc20036dbd8313ed055', 5, '2018-04-21', 0, 0),
(254, 'Михаил', 'Гоков', '', '9511441299', '', 'ГоМи', '81dc9bdb52d04dc20036dbd8313ed055', 5, '2018-04-21', 1, 0),
(255, 'Людмила', 'Масалова', '', '9192882702', '', 'МаЛю', '81dc9bdb52d04dc20036dbd8313ed055', 5, '2018-04-21', 0, 0),
(256, 'Софья', 'Шашкина', '', '9103208181', '', 'ШаСо', '81dc9bdb52d04dc20036dbd8313ed055', 5, '2018-04-21', 1, 0),
(257, 'Иван', 'Фуглаев', '', '9155238777', '', 'ФуИв', '81dc9bdb52d04dc20036dbd8313ed055', 5, '2018-04-21', 1, 0),
(258, 'Алексей', 'Сагайдаков', '', '9290030432', '', 'СаАл', '81dc9bdb52d04dc20036dbd8313ed055', 5, '2018-04-21', 0, 0),
(259, 'Наталья', 'Туманова', '', '9511348922', '', 'ТуНа', '81dc9bdb52d04dc20036dbd8313ed055', 5, '2018-04-21', 1, 0),
(260, 'Елизавета', 'Пелихова', '', '89102276832мама 89805217963', '', 'ПеЕл', '81dc9bdb52d04dc20036dbd8313ed055', 5, '2018-04-21', 1, 0),
(261, 'Даниил', 'Селиванов', '', '890092069999', '', 'СеДа', '81dc9bdb52d04dc20036dbd8313ed055', 5, '2018-04-21', 1, 0),
(262, 'Дмитрий', 'Ливицкий', '', '9192864956', '', 'ЛиДм', '81dc9bdb52d04dc20036dbd8313ed055', 5, '2018-04-21', 1, 0),
(263, 'Анастасия', 'Дурнева ', '', '89155657784, 9107450283- папа не вкурсе', '', 'ДуАн', '81dc9bdb52d04dc20036dbd8313ed055', 5, '2018-04-21', 1, 0),
(264, 'Игорь', 'Попов', '', '9102269781', '', 'ПоИг', '81dc9bdb52d04dc20036dbd8313ed055', 5, '2018-04-21', 1, 0),
(265, 'Илья', 'Слинко ', '', '9202002648', '', 'СлИл', '81dc9bdb52d04dc20036dbd8313ed055', 5, '2018-04-21', 1, 0),
(266, 'Дмитрий', 'Данко', '', '89155601367', '', 'ДаМа', '81dc9bdb52d04dc20036dbd8313ed055', 5, '2018-04-21', 1, 0),
(267, 'Ярослав', 'Сиухин', '', '89045318640', '', 'СиЯр', '81dc9bdb52d04dc20036dbd8313ed055', 5, '2018-04-21', 1, 0),
(268, 'Ксения', 'Доронина', '', '89680639616', '', 'ДоКс', '81dc9bdb52d04dc20036dbd8313ed055', 5, '2018-04-21', 1, 0),
(269, 'Ксения', 'Сальтевская', '', '89040949409', '', 'СаКс', '81dc9bdb52d04dc20036dbd8313ed055', 5, '2018-04-21', 0, 0),
(270, 'Андрей', 'Головин', '', '89511342322', '', 'ГоАн', '81dc9bdb52d04dc20036dbd8313ed055', 5, '2018-04-21', 1, 0),
(271, 'Богдан', 'Семенов', '', '9103267647', '', 'СеБо', '81dc9bdb52d04dc20036dbd8313ed055', 5, '2018-04-21', 1, 0),
(272, 'Владимир', 'Чеботарев ', '', '9517613394, 89511489928 мама', '', 'ЧеВл', '81dc9bdb52d04dc20036dbd8313ed055', 5, '2018-04-21', 0, 0),
(273, 'Инна', 'Гикалова', '', '9192838849 мама9517604641', '', 'ГиИн', '81dc9bdb52d04dc20036dbd8313ed055', 5, '2018-04-21', 1, 0),
(274, 'Ольга', 'Красенькова ', '', '89511484424', '', 'КрОл', '81dc9bdb52d04dc20036dbd8313ed055', 5, '2018-04-21', 1, 0),
(275, 'Елена', 'Герасимова ', '', '89087828317', '', 'ПрЕл', '81dc9bdb52d04dc20036dbd8313ed055', 5, '2018-04-21', 0, 0),
(276, 'Михаил', 'Макаренко ', '', '89155611592', '', 'МиМа', '81dc9bdb52d04dc20036dbd8313ed055', 5, '2018-04-21', 1, 0),
(277, 'Алевтина', 'Андреева', '', '89205513925', '', 'АлАн', '81dc9bdb52d04dc20036dbd8313ed055', 5, '2018-04-21', 1, 0),
(278, 'Анна', 'Мазикина', '', '89066050285 89524294634', '', 'МаАн', '81dc9bdb52d04dc20036dbd8313ed055', 5, '2018-04-21', 0, 0),
(279, 'Ольга', 'Кириченко', '', '89511339371', '', 'КиОл', '81dc9bdb52d04dc20036dbd8313ed055', 5, '2018-04-21', 1, 0),
(280, 'Ольга', 'Кузьминова', '', '9155286269', '', 'КуОл', '81dc9bdb52d04dc20036dbd8313ed055', 5, '2018-04-21', 1, 0),
(281, 'Татьяна', 'Долженко', '', '89524379867', '', 'ДоТа', '81dc9bdb52d04dc20036dbd8313ed055', 5, '2018-04-21', 1, 0),
(282, 'Андрэ', 'София ', '', '89092067755', '', 'СоАн', '81dc9bdb52d04dc20036dbd8313ed055', 5, '2018-04-21', 1, 0),
(283, 'Диана', 'Адиятулина ', '', '89205828904', '', 'АдДи', '81dc9bdb52d04dc20036dbd8313ed055', 5, '2018-04-21', 1, 0),
(284, 'Екатерина', 'Денисова', '', '89606299236', '', 'ДеЕк', '81dc9bdb52d04dc20036dbd8313ed055', 5, '2018-04-21', 1, 0),
(285, 'Виктор', 'Ерофеев', '', '89805288059', '', 'ЕрВи', '81dc9bdb52d04dc20036dbd8313ed055', 5, '2018-04-21', 0, 0),
(286, 'Никита ', 'Усачев', '', '89997002498', '', 'УсНи', '81dc9bdb52d04dc20036dbd8313ed055', 5, '2018-04-21', 1, 0),
(287, 'Екатерина', 'Кузнецова', '', '89803762501', '', 'КуЕк', '81dc9bdb52d04dc20036dbd8313ed055', 5, '2018-04-21', 1, 0),
(288, 'Валерий', 'Литвиненко ', '', '89056795800', '', 'ЛиВа', '81dc9bdb52d04dc20036dbd8313ed055', 5, '2018-04-21', 1, 0),
(289, 'Ярослава', 'Крысенко ', '', '89092068385', '', 'КрЯр', '81dc9bdb52d04dc20036dbd8313ed055', 5, '2018-04-21', 1, 0),
(290, 'Вячеслав', 'Флоринский ', '', '89103603958', '', 'флвя', '81dc9bdb52d04dc20036dbd8313ed055', 5, '2018-04-21', 1, 0),
(291, 'Анна', 'Красноперова', '', '89803728486', '', 'КрАн', '81dc9bdb52d04dc20036dbd8313ed055', 5, '2018-04-21', 1, 0),
(292, 'Денис', 'Третьяков', '', '89103653092', '', 'ТрДе', '81dc9bdb52d04dc20036dbd8313ed055', 5, '2018-04-21', 0, 0),
(293, 'Наталья', 'Колесник', '', '89202054165', '', 'КоНа', 'd41d8cd98f00b204e9800998ecf8427e', 5, '2018-04-21', 1, 0);

-- --------------------------------------------------------

--
-- Структура таблицы `User_Group`
--

CREATE TABLE `User_Group` (
  `id` int(11) NOT NULL,
  `title` varchar(50) NOT NULL,
  `path` varchar(255) DEFAULT NULL,
  `children_name` varchar(255) DEFAULT NULL,
  `sorting` int(11) NOT NULL
) ENGINE=InnoDB DEFAULT CHARSET=utf8;

--
-- Дамп данных таблицы `User_Group`
--

INSERT INTO `User_Group` (`id`, `title`, `path`, `children_name`, `sorting`) VALUES
(1, 'Администраторы', 'admin', 'User', 0),
(2, 'Менеджеры', 'manager', 'User', 10),
(4, 'Учителя', 'teacher', 'User', 30),
(5, 'Клиенты', 'client', 'User', 40);

--
-- Индексы сохранённых таблиц
--

--
-- Индексы таблицы `Admin_Form`
--
ALTER TABLE `Admin_Form`
  ADD PRIMARY KEY (`id`);

--
-- Индексы таблицы `Admin_Form_Modelname`
--
ALTER TABLE `Admin_Form_Modelname`
  ADD PRIMARY KEY (`id`);

--
-- Индексы таблицы `Admin_Form_Type`
--
ALTER TABLE `Admin_Form_Type`
  ADD PRIMARY KEY (`id`);

--
-- Индексы таблицы `Admin_Menu`
--
ALTER TABLE `Admin_Menu`
  ADD PRIMARY KEY (`id`);

--
-- Индексы таблицы `Constant`
--
ALTER TABLE `Constant`
  ADD PRIMARY KEY (`id`);

--
-- Индексы таблицы `Constant_Dir`
--
ALTER TABLE `Constant_Dir`
  ADD PRIMARY KEY (`id`);

--
-- Индексы таблицы `Constant_Type`
--
ALTER TABLE `Constant_Type`
  ADD PRIMARY KEY (`id`);

--
-- Индексы таблицы `Page_Menu`
--
ALTER TABLE `Page_Menu`
  ADD PRIMARY KEY (`id`);

--
-- Индексы таблицы `Page_Template`
--
ALTER TABLE `Page_Template`
  ADD PRIMARY KEY (`id`);

--
-- Индексы таблицы `Page_Template_Dir`
--
ALTER TABLE `Page_Template_Dir`
  ADD PRIMARY KEY (`id`);

--
-- Индексы таблицы `Payment`
--
ALTER TABLE `Payment`
  ADD PRIMARY KEY (`id`);

--
-- Индексы таблицы `Property`
--
ALTER TABLE `Property`
  ADD PRIMARY KEY (`id`);

--
-- Индексы таблицы `Property_Bool`
--
ALTER TABLE `Property_Bool`
  ADD PRIMARY KEY (`id`);

--
-- Индексы таблицы `Property_Bool_Assigment`
--
ALTER TABLE `Property_Bool_Assigment`
  ADD PRIMARY KEY (`id`);

--
-- Индексы таблицы `Property_Dir`
--
ALTER TABLE `Property_Dir`
  ADD PRIMARY KEY (`id`);

--
-- Индексы таблицы `Property_Int`
--
ALTER TABLE `Property_Int`
  ADD PRIMARY KEY (`id`);

--
-- Индексы таблицы `Property_Int_Assigment`
--
ALTER TABLE `Property_Int_Assigment`
  ADD PRIMARY KEY (`id`);

--
-- Индексы таблицы `Property_List`
--
ALTER TABLE `Property_List`
  ADD PRIMARY KEY (`id`);

--
-- Индексы таблицы `Property_List_Assigment`
--
ALTER TABLE `Property_List_Assigment`
  ADD PRIMARY KEY (`id`);

--
-- Индексы таблицы `Property_List_Values`
--
ALTER TABLE `Property_List_Values`
  ADD PRIMARY KEY (`id`);

--
-- Индексы таблицы `Property_String`
--
ALTER TABLE `Property_String`
  ADD PRIMARY KEY (`id`);

--
-- Индексы таблицы `Property_String_Assigment`
--
ALTER TABLE `Property_String_Assigment`
  ADD PRIMARY KEY (`id`);

--
-- Индексы таблицы `Property_Text`
--
ALTER TABLE `Property_Text`
  ADD PRIMARY KEY (`id`);

--
-- Индексы таблицы `Property_Text_Assigment`
--
ALTER TABLE `Property_Text_Assigment`
  ADD PRIMARY KEY (`id`);

--
-- Индексы таблицы `Structure`
--
ALTER TABLE `Structure`
  ADD PRIMARY KEY (`id`);

--
-- Индексы таблицы `Structure_Item`
--
ALTER TABLE `Structure_Item`
  ADD PRIMARY KEY (`id`);

--
-- Индексы таблицы `User`
--
ALTER TABLE `User`
  ADD PRIMARY KEY (`id`);

--
-- Индексы таблицы `User_Group`
--
ALTER TABLE `User_Group`
  ADD PRIMARY KEY (`id`);

--
-- AUTO_INCREMENT для сохранённых таблиц
--

--
-- AUTO_INCREMENT для таблицы `Admin_Form`
--
ALTER TABLE `Admin_Form`
  MODIFY `id` int(11) NOT NULL AUTO_INCREMENT, AUTO_INCREMENT=81;

--
-- AUTO_INCREMENT для таблицы `Admin_Form_Modelname`
--
ALTER TABLE `Admin_Form_Modelname`
  MODIFY `id` int(11) NOT NULL AUTO_INCREMENT, AUTO_INCREMENT=18;

--
-- AUTO_INCREMENT для таблицы `Admin_Form_Type`
--
ALTER TABLE `Admin_Form_Type`
  MODIFY `id` int(11) NOT NULL AUTO_INCREMENT, AUTO_INCREMENT=7;

--
-- AUTO_INCREMENT для таблицы `Admin_Menu`
--
ALTER TABLE `Admin_Menu`
  MODIFY `id` int(11) NOT NULL AUTO_INCREMENT, AUTO_INCREMENT=19;

--
-- AUTO_INCREMENT для таблицы `Constant`
--
ALTER TABLE `Constant`
  MODIFY `id` int(11) NOT NULL AUTO_INCREMENT, AUTO_INCREMENT=7;

--
-- AUTO_INCREMENT для таблицы `Constant_Dir`
--
ALTER TABLE `Constant_Dir`
  MODIFY `id` int(11) NOT NULL AUTO_INCREMENT, AUTO_INCREMENT=5;

--
-- AUTO_INCREMENT для таблицы `Constant_Type`
--
ALTER TABLE `Constant_Type`
  MODIFY `id` int(11) NOT NULL AUTO_INCREMENT, AUTO_INCREMENT=4;

--
-- AUTO_INCREMENT для таблицы `Page_Menu`
--
ALTER TABLE `Page_Menu`
  MODIFY `id` int(11) NOT NULL AUTO_INCREMENT, AUTO_INCREMENT=2;

--
-- AUTO_INCREMENT для таблицы `Page_Template`
--
ALTER TABLE `Page_Template`
  MODIFY `id` int(11) NOT NULL AUTO_INCREMENT, AUTO_INCREMENT=6;

--
-- AUTO_INCREMENT для таблицы `Page_Template_Dir`
--
ALTER TABLE `Page_Template_Dir`
  MODIFY `id` int(11) NOT NULL AUTO_INCREMENT, AUTO_INCREMENT=2;

--
-- AUTO_INCREMENT для таблицы `Payment`
--
ALTER TABLE `Payment`
  MODIFY `id` int(11) NOT NULL AUTO_INCREMENT, AUTO_INCREMENT=4487;

--
-- AUTO_INCREMENT для таблицы `Property`
--
ALTER TABLE `Property`
  MODIFY `id` int(11) NOT NULL AUTO_INCREMENT, AUTO_INCREMENT=26;

--
-- AUTO_INCREMENT для таблицы `Property_Bool`
--
ALTER TABLE `Property_Bool`
  MODIFY `id` int(11) NOT NULL AUTO_INCREMENT, AUTO_INCREMENT=497;

--
-- AUTO_INCREMENT для таблицы `Property_Bool_Assigment`
--
ALTER TABLE `Property_Bool_Assigment`
  MODIFY `id` int(11) NOT NULL AUTO_INCREMENT, AUTO_INCREMENT=496;

--
-- AUTO_INCREMENT для таблицы `Property_Dir`
--
ALTER TABLE `Property_Dir`
  MODIFY `id` int(11) NOT NULL AUTO_INCREMENT, AUTO_INCREMENT=4;

--
-- AUTO_INCREMENT для таблицы `Property_Int`
--
ALTER TABLE `Property_Int`
  MODIFY `id` int(11) NOT NULL AUTO_INCREMENT, AUTO_INCREMENT=10946;

--
-- AUTO_INCREMENT для таблицы `Property_Int_Assigment`
--
ALTER TABLE `Property_Int_Assigment`
  MODIFY `id` int(11) NOT NULL AUTO_INCREMENT, AUTO_INCREMENT=10917;

--
-- AUTO_INCREMENT для таблицы `Property_List`
--
ALTER TABLE `Property_List`
  MODIFY `id` int(11) NOT NULL AUTO_INCREMENT, AUTO_INCREMENT=222;

--
-- AUTO_INCREMENT для таблицы `Property_List_Assigment`
--
ALTER TABLE `Property_List_Assigment`
  MODIFY `id` int(11) NOT NULL AUTO_INCREMENT, AUTO_INCREMENT=220;

--
-- AUTO_INCREMENT для таблицы `Property_List_Values`
--
ALTER TABLE `Property_List_Values`
  MODIFY `id` int(11) NOT NULL AUTO_INCREMENT, AUTO_INCREMENT=246;

--
-- AUTO_INCREMENT для таблицы `Property_String`
--
ALTER TABLE `Property_String`
  MODIFY `id` int(11) NOT NULL AUTO_INCREMENT, AUTO_INCREMENT=812;

--
-- AUTO_INCREMENT для таблицы `Property_String_Assigment`
--
ALTER TABLE `Property_String_Assigment`
  MODIFY `id` int(11) NOT NULL AUTO_INCREMENT, AUTO_INCREMENT=786;

--
-- AUTO_INCREMENT для таблицы `Property_Text`
--
ALTER TABLE `Property_Text`
  MODIFY `id` int(11) NOT NULL AUTO_INCREMENT, AUTO_INCREMENT=750;

--
-- AUTO_INCREMENT для таблицы `Property_Text_Assigment`
--
ALTER TABLE `Property_Text_Assigment`
  MODIFY `id` int(11) NOT NULL AUTO_INCREMENT, AUTO_INCREMENT=753;

--
-- AUTO_INCREMENT для таблицы `Structure`
--
ALTER TABLE `Structure`
  MODIFY `id` int(11) NOT NULL AUTO_INCREMENT, AUTO_INCREMENT=28;

--
-- AUTO_INCREMENT для таблицы `Structure_Item`
--
ALTER TABLE `Structure_Item`
  MODIFY `id` int(11) NOT NULL AUTO_INCREMENT, AUTO_INCREMENT=11;

--
-- AUTO_INCREMENT для таблицы `User`
--
ALTER TABLE `User`
  MODIFY `id` int(11) NOT NULL AUTO_INCREMENT, AUTO_INCREMENT=294;

--
-- AUTO_INCREMENT для таблицы `User_Group`
--
ALTER TABLE `User_Group`
  MODIFY `id` int(11) NOT NULL AUTO_INCREMENT, AUTO_INCREMENT=6;
COMMIT;

/*!40101 SET CHARACTER_SET_CLIENT=@OLD_CHARACTER_SET_CLIENT */;
/*!40101 SET CHARACTER_SET_RESULTS=@OLD_CHARACTER_SET_RESULTS */;
/*!40101 SET COLLATION_CONNECTION=@OLD_COLLATION_CONNECTION */;
