-- phpMyAdmin SQL Dump
-- version 4.6.5.2
-- https://www.phpmyadmin.net/
--
-- Хост: 127.0.0.1:3306
-- Время создания: Апр 17 2018 г., 17:47
-- Версия сервера: 5.7.16
-- Версия PHP: 5.6.29

SET SQL_MODE = "NO_AUTO_VALUE_ON_ZERO";
SET time_zone = "+00:00";


/*!40101 SET @OLD_CHARACTER_SET_CLIENT=@@CHARACTER_SET_CLIENT */;
/*!40101 SET @OLD_CHARACTER_SET_RESULTS=@@CHARACTER_SET_RESULTS */;
/*!40101 SET @OLD_COLLATION_CONNECTION=@@COLLATION_CONNECTION */;
/*!40101 SET NAMES utf8mb4 */;

--
-- База данных: `core`
--

-- --------------------------------------------------------

--
-- Структура таблицы `Admin_Form`
--

CREATE TABLE `Admin_Form` (
  `id` int(11) NOT NULL,
  `model_id` int(11) NOT NULL,
  `title` varchar(150) NOT NULL DEFAULT '',
  `var_name` varchar(50) NOT NULL DEFAULT '',
  `maxlength` int(11) NOT NULL DEFAULT '0',
  `type_id` int(11) NOT NULL DEFAULT '0',
  `active` int(11) NOT NULL DEFAULT '1',
  `required` int(11) NOT NULL DEFAULT '0',
  `sorting` int(11) NOT NULL DEFAULT '0',
  `list_name` varchar(50) DEFAULT NULL,
  `value` text
) ENGINE=InnoDB DEFAULT CHARSET=utf8;

--
-- Дамп данных таблицы `Admin_Form`
--

INSERT INTO `Admin_Form` (`id`, `model_id`, `title`, `var_name`, `maxlength`, `type_id`, `active`, `required`, `sorting`, `list_name`, `value`) VALUES
(1, 1, 'Заголовок', 'title', 150, 2, 1, 1, 1, '', ''),
(2, 1, 'Путь', 'path', 100, 2, 1, 0, 2, '', ''),
(3, 1, 'Активость', 'active', 0, 3, 1, 0, 3, '', ''),
(4, 1, 'Файл обработчик', 'action', 100, 2, 1, 1, 4, '', ''),
(5, 1, 'Родительский раздел', 'parentId', 0, 4, 1, 0, 5, 'Structures', ''),
(6, 1, 'Макет', 'template_id', 0, 4, 1, 1, 6, 'Templates', ''),
(7, 1, 'Описание', 'description', 2000, 5, 1, 0, 7, '', ''),
(8, 2, 'Название', 'title', 150, 2, 1, 1, 1, '', ''),
(9, 2, 'Путь', 'path', 50, 2, 1, 0, 2, '', ''),
(10, 1, 'Сортировка', 'sorting', 0, 1, 1, 0, 8, '', ''),
(12, 2, 'Сортировка', 'sorting', 0, 1, 1, 0, 4, '', ''),
(13, 2, 'Активность', 'active', 0, 3, 1, 0, 3, '', ''),
(14, 2, 'Родительский раздел', 'parentId', 0, 4, 1, 0, 3, 'Structures', ''),
(15, 3, 'Заголовок', 'title', 150, 2, 1, 1, 1, '', ''),
(16, 3, 'Название константы (в верхнем регистре)', 'name', 150, 2, 1, 1, 2, '', ''),
(17, 3, 'Описание', 'description', 2000, 5, 1, 0, 3, '', ''),
(19, 3, 'Значение', 'value', 2000, 5, 1, 1, 4, '', ''),
(20, 3, 'Тип значения', 'valueType', 0, 4, 1, 0, 5, 'ConstantTypes', ''),
(21, 3, 'Активность', 'active', 0, 3, 1, 0, 3, '', ''),
(22, 3, 'Родительская директория', 'dir', 0, 4, 1, 0, 4, 'ConstantDirsForC', ''),
(23, 4, 'Заголовок', 'title', 150, 2, 1, 1, 1, '', ''),
(24, 4, 'Описание', 'description', 2000, 5, 1, 0, 2, '', ''),
(25, 4, 'Родительский раздел', 'parentId', 0, 4, 1, 0, 3, 'ConstantDirsForD', ''),
(26, 4, 'Сортировка', 'sorting', 0, 1, 1, 0, 4, '', ''),
(27, 6, 'Название группы', 'title', 50, 2, 1, 1, 0, '', ''),
(28, 6, 'Сортировка', 'sorting', 0, 1, 1, 0, 0, '', ''),
(29, 5, 'Имя', 'name', 50, 2, 1, 1, 0, '', ''),
(30, 5, 'Фамилия', 'surname', 50, 2, 1, 1, 10, '', ''),
(31, 5, 'Отчество', 'patronimyc', 50, 2, 1, 0, 20, '', ''),
(32, 5, 'Номер телефона', 'phoneNumber', 100, 2, 1, 0, 30, '', ''),
(33, 5, 'Логин', 'login', 50, 2, 1, 1, 40, '', ''),
(34, 5, 'Пароль', 'pass1', 50, 6, 1, 0, 50, '', ''),
(35, 5, 'Повторите пароль', 'pass2', 50, 6, 1, 0, 60, '', ''),
(36, 7, 'Название модели', 'model_name', 255, 2, 1, 1, 20, '', ''),
(37, 7, 'Заголовок', 'model_title', 150, 2, 1, 1, 10, '', ''),
(38, 7, 'Сортировка', 'model_sorting', 0, 1, 1, 0, 30, '', ''),
(39, 10, 'Заголовок', 'title', 150, 2, 1, 1, 10, '', ''),
(40, 10, 'Название переменной (сеттера)', 'varName', 50, 2, 1, 1, 20, '', ''),
(41, 10, 'Родительская модель', 'model_id', 0, 4, 1, 0, 30, 'AdminFormModelnames', ''),
(42, 10, 'Максимальная длинна поля', 'maxlength', 0, 1, 1, 0, 40, '', ''),
(43, 10, 'Тип поля', 'type_id', 0, 4, 1, 0, 50, 'AdminFormTypes', ''),
(44, 10, 'Активность', 'active', 0, 3, 1, 0, 60, '', ''),
(45, 10, 'Сортировка', 'sorting', 0, 1, 1, 0, 70, '', ''),
(46, 10, 'Название списка', 'listName', 50, 2, 1, 0, 80, '', ''),
(47, 10, 'Значение', 'value', 2000, 5, 1, 0, 90, '', ''),
(49, 10, 'Обязательное поле', 'required', 0, 3, 1, 0, 100, '', ''),
(50, 12, 'Название', 'title', 150, 2, 1, 1, 10, '', ''),
(51, 12, 'Название тэга', 'tag_name', 50, 2, 1, 0, 20, '', ''),
(52, 12, 'Активность', 'active', 0, 3, 1, 0, 30, '', ''),
(53, 12, 'Тип', 'type', 0, 4, 1, 1, 40, 'PropertyTypes', ''),
(54, 12, 'Описание', 'description', 5000, 5, 1, 0, 50, '', ''),
(55, 12, 'Родительская дирректория', 'dir', 0, 4, 1, 0, 60, 'PropertyDirs', ''),
(56, 12, 'Сортировка', 'sorting', 0, 1, 1, 0, 70, '', ''),
(57, 6, 'Путь', 'path', 255, 2, 1, 1, 30, '', ''),
(58, 6, 'Дочерние объекты', 'children_name', 255, 2, 1, 0, 40, '', 'User'),
(59, 1, 'Дочерние объекты', 'children_name', 255, 2, 1, 0, 7, '', 'Structure_Item'),
(61, 5, 'Группа', 'groupId', 0, 4, 1, 0, 32, 'UserGroups', ''),
(63, 5, 'Активность', 'active', 0, 3, 1, 0, 31, '', '1'),
(64, 1, 'Меню', 'menuId', 0, 4, 1, 0, 4, 'Menu', ''),
(65, 14, 'id свойства', 'property_id', 0, 4, 1, 0, 0, 'Properties', ''),
(66, 14, 'Значение', 'value', 100, 5, 1, 1, 0, '', ''),
(67, 14, 'Сортировка', 'sorting', 0, 1, 1, 0, 0, '', ''),
(68, 12, 'Множественное свойство', 'multiple', 0, 3, 1, 0, 42, '', ''),
(69, 12, 'Значение по умолчанию', 'defaultValue', 5000, 5, 1, 0, 43, '', '');

-- --------------------------------------------------------

--
-- Структура таблицы `Admin_Form_Modelname`
--

CREATE TABLE `Admin_Form_Modelname` (
  `id` int(11) NOT NULL,
  `model_name` varchar(150) NOT NULL,
  `model_title` varchar(255) NOT NULL,
  `model_sorting` int(11) NOT NULL,
  `indexing` int(11) NOT NULL DEFAULT '1'
) ENGINE=InnoDB DEFAULT CHARSET=utf8;

--
-- Дамп данных таблицы `Admin_Form_Modelname`
--

INSERT INTO `Admin_Form_Modelname` (`id`, `model_name`, `model_title`, `model_sorting`, `indexing`) VALUES
(1, 'Structure', 'Структуры', 10, 1),
(2, 'Structure_Item', 'Элементы структур', 20, 1),
(3, 'Constant', 'Константы', 30, 1),
(4, 'Constant_Dir', 'Дирректории констант', 40, 1),
(5, 'User', 'Пользователи', 50, 1),
(6, 'User_Group', 'Группы пользователей', 60, 1),
(7, 'Admin_Form_Modelname', '', 0, 0),
(10, 'Admin_Form', '', 0, 0),
(12, 'Property', 'Дополнительные свойства', 70, 1),
(13, 'Property_Dir', 'Директории доп. свойств', 80, 1),
(14, 'Property_List_Values', 'Списки доп. свойств', 90, 1);

-- --------------------------------------------------------

--
-- Структура таблицы `Admin_Form_Type`
--

CREATE TABLE `Admin_Form_Type` (
  `id` int(11) NOT NULL,
  `title` varchar(50) NOT NULL,
  `input_type` varchar(50) NOT NULL
) ENGINE=InnoDB DEFAULT CHARSET=utf8;

--
-- Дамп данных таблицы `Admin_Form_Type`
--

INSERT INTO `Admin_Form_Type` (`id`, `title`, `input_type`) VALUES
(1, 'Число', 'number'),
(2, 'Строка', 'text'),
(3, 'Флажок', 'checkbox'),
(4, 'Список', ''),
(5, 'Текст', ''),
(6, 'Пароль', 'password');

-- --------------------------------------------------------

--
-- Структура таблицы `Admin_Menu`
--

CREATE TABLE `Admin_Menu` (
  `id` int(11) NOT NULL,
  `title` varchar(255) NOT NULL,
  `model` varchar(255) NOT NULL,
  `parent_id` int(11) NOT NULL DEFAULT '0',
  `active` int(11) NOT NULL DEFAULT '1',
  `sorting` int(11) NOT NULL
) ENGINE=InnoDB DEFAULT CHARSET=utf8;

--
-- Дамп данных таблицы `Admin_Menu`
--

INSERT INTO `Admin_Menu` (`id`, `title`, `model`, `parent_id`, `active`, `sorting`) VALUES
(2, 'Структуры', 'Structure', 7, 1, 10),
(3, 'Пользователи', 'User', 7, 1, 40),
(4, 'Константы', 'Constant', 7, 1, 30),
(5, 'Формы редактирования', 'Form', 7, 1, 50),
(6, 'Макеты', 'Template', 7, 1, 20),
(7, 'Система', '', 0, 1, 10),
(8, 'Musicmethod', 'Musicmethod', 0, 1, 10),
(9, 'Платежи', 'Payment', 8, 1, 10),
(10, 'Тарифы', 'Tarif', 8, 1, 20),
(11, 'Лиды', 'Lid', 8, 1, 30),
(12, 'Сертификаты', 'Sertificates', 8, 1, 40),
(13, 'Дополнительные свойства', 'Property', 7, 1, 45),
(14, 'Списки', 'List', 7, 1, 42);

-- --------------------------------------------------------

--
-- Структура таблицы `Constant`
--

CREATE TABLE `Constant` (
  `id` int(11) NOT NULL,
  `title` varchar(150) NOT NULL,
  `name` varchar(150) NOT NULL,
  `description` text NOT NULL,
  `value` varchar(150) NOT NULL,
  `value_type` int(11) NOT NULL,
  `dir` int(11) NOT NULL DEFAULT '0',
  `active` int(11) NOT NULL DEFAULT '0',
  `sorting` int(11) NOT NULL DEFAULT '0'
) ENGINE=InnoDB DEFAULT CHARSET=utf8;

--
-- Дамп данных таблицы `Constant`
--

INSERT INTO `Constant` (`id`, `title`, `name`, `description`, `value`, `value_type`, `dir`, `active`, `sorting`) VALUES
(4, 'Пагинация в админ. разделе', 'SHOW_LIMIT', 'Лимит показов количества структур и объектов структур', '10', 1, 1, 1, 0),
(5, 'kjn', 'knmlkm', '', '2', 1, 4, 1, 0),
(6, 'Время запоминания пользователя', 'REMEMBER_USER_TIME', 'Значение константы указывает количество дней, на которое будет \"запомнен\" пользователь при авторизации. При отсутствии данной константы или её значения будет использовано время по умолчанию (10 дней).', '10', 1, 1, 1, 0);

-- --------------------------------------------------------

--
-- Структура таблицы `Constant_Dir`
--

CREATE TABLE `Constant_Dir` (
  `id` int(11) NOT NULL,
  `title` varchar(150) NOT NULL,
  `description` text,
  `parent_id` int(11) NOT NULL DEFAULT '0',
  `sorting` int(11) NOT NULL DEFAULT '0'
) ENGINE=InnoDB DEFAULT CHARSET=utf8;

--
-- Дамп данных таблицы `Constant_Dir`
--

INSERT INTO `Constant_Dir` (`id`, `title`, `description`, `parent_id`, `sorting`) VALUES
(1, 'Системные константы', 'Константы содержащие основные настройки системы', 0, 0),
(2, 'Тестовый раздел констант', 'Описание тестового раздела констант', 0, 0),
(3, 'Вложенность второго уровня', '123', 2, 0),
(4, 'Вложенность третьего уровня', '123', 3, 0);

-- --------------------------------------------------------

--
-- Структура таблицы `Constant_Type`
--

CREATE TABLE `Constant_Type` (
  `id` int(11) NOT NULL,
  `title` varchar(20) NOT NULL
) ENGINE=InnoDB DEFAULT CHARSET=utf8;

--
-- Дамп данных таблицы `Constant_Type`
--

INSERT INTO `Constant_Type` (`id`, `title`) VALUES
(1, 'int'),
(2, 'float'),
(3, 'bool');

-- --------------------------------------------------------

--
-- Структура таблицы `Page_Menu`
--

CREATE TABLE `Page_Menu` (
  `id` int(11) NOT NULL,
  `title` varchar(255) NOT NULL
) ENGINE=InnoDB DEFAULT CHARSET=utf8;

--
-- Дамп данных таблицы `Page_Menu`
--

INSERT INTO `Page_Menu` (`id`, `title`) VALUES
(1, 'Главное меню Musicmethod');

-- --------------------------------------------------------

--
-- Структура таблицы `Page_Template`
--

CREATE TABLE `Page_Template` (
  `id` int(11) NOT NULL,
  `title` varchar(50) NOT NULL,
  `parent_id` int(11) NOT NULL,
  `dir` int(11) NOT NULL
) ENGINE=InnoDB DEFAULT CHARSET=utf8;

--
-- Дамп данных таблицы `Page_Template`
--

INSERT INTO `Page_Template` (`id`, `title`, `parent_id`, `dir`) VALUES
(1, 'Макет для страницы авторизации', 0, 0),
(3, 'Административный раздел', 0, 0),
(4, 'Главный макет musadm', 0, 0),
(5, 'Пустой макет', 0, 0);

-- --------------------------------------------------------

--
-- Структура таблицы `Page_Template_Dir`
--

CREATE TABLE `Page_Template_Dir` (
  `id` int(11) NOT NULL,
  `title` varchar(150) NOT NULL,
  `description` text NOT NULL
) ENGINE=InnoDB DEFAULT CHARSET=utf8;

-- --------------------------------------------------------

--
-- Структура таблицы `Property`
--

CREATE TABLE `Property` (
  `id` int(11) NOT NULL,
  `tag_name` varchar(50) NOT NULL,
  `title` varchar(150) NOT NULL,
  `description` text NOT NULL,
  `type` varchar(50) NOT NULL,
  `multiple` int(11) NOT NULL DEFAULT '1',
  `default_value` text NOT NULL,
  `active` int(11) NOT NULL DEFAULT '1',
  `dir` int(11) NOT NULL,
  `sorting` int(11) NOT NULL
) ENGINE=InnoDB DEFAULT CHARSET=utf8;

--
-- Дамп данных таблицы `Property`
--

INSERT INTO `Property` (`id`, `tag_name`, `title`, `description`, `type`, `multiple`, `default_value`, `active`, `dir`, `sorting`) VALUES
(1, 'price', 'Цена', '', 'list', 1, '', 1, 0, 0),
(2, 'count', 'Количество', '', 'int', 0, '', 1, 0, 0),
(3, 'params', 'Параметры', '', 'string', 1, '', 1, 0, 0),
(4, 'description', 'Описание', '', 'text', 1, '', 1, 0, 0),
(9, 'vk', 'Ссылка вконтакте', '', 'string', 0, '', 1, 2, 0),
(10, 'lesson_type', 'Тип урока', '', 'list', 0, '', 1, 2, 0),
(11, 'test', 'Флажок (тест)', '', 'bool', 0, '', 1, 0, 0),
(12, 'balance', 'Баланс', '', 'int', 0, '', 1, 2, 0),
(13, 'indev_lessons', 'Кол-во индивидуальных занятий', '', 'int', 0, '', 1, 2, 0),
(14, 'group_lessons', 'Кол-во групповых занятий', '', 'int', 0, '', 1, 2, 0),
(15, '', 'Студия', '', 'list', 0, '0', 1, 2, 0),
(16, 'add_phone', 'Дополнительный телефон', '', 'string', 1, '', 1, 2, 0),
(17, 'lesson_time', 'Длительность урока (мин)', '', 'int', 0, '55', 1, 2, 0),
(18, '', 'Соглашение подписано', '', 'bool', 0, '', 1, 2, 0),
(19, 'notes', 'Примечание', '', 'text', 0, '', 1, 2, 0),
(20, 'instrument', 'Инструмент', '', 'list', 0, '0', 1, 3, 0),
(21, 'teachers', 'Учителя', 'Принадлежность ученика к разным учителям', 'list', 1, '', 1, 2, 0);

-- --------------------------------------------------------

--
-- Структура таблицы `Property_Bool`
--

CREATE TABLE `Property_Bool` (
  `id` int(11) NOT NULL,
  `property_id` int(11) NOT NULL,
  `value` int(11) NOT NULL,
  `model_name` varchar(100) NOT NULL,
  `object_id` int(11) NOT NULL
) ENGINE=InnoDB DEFAULT CHARSET=utf8;

--
-- Дамп данных таблицы `Property_Bool`
--

INSERT INTO `Property_Bool` (`id`, `property_id`, `value`, `model_name`, `object_id`) VALUES
(205, 18, 1, 'User', 15),
(206, 18, 1, 'User', 16),
(207, 18, 1, 'User', 230),
(208, 18, 1, 'User', 233),
(209, 18, 1, 'User', 238),
(210, 18, 1, 'User', 241),
(211, 18, 1, 'User', 242),
(212, 18, 1, 'User', 243),
(213, 18, 1, 'User', 245),
(214, 18, 1, 'User', 247),
(215, 18, 1, 'User', 248),
(216, 18, 1, 'User', 250),
(217, 18, 1, 'User', 252),
(218, 18, 1, 'User', 253),
(219, 18, 1, 'User', 255),
(220, 18, 1, 'User', 256),
(221, 18, 1, 'User', 257),
(222, 18, 1, 'User', 259),
(223, 18, 1, 'User', 260),
(224, 18, 1, 'User', 261),
(225, 18, 1, 'User', 264),
(226, 18, 1, 'User', 265),
(227, 18, 1, 'User', 266),
(228, 18, 1, 'User', 267),
(229, 18, 1, 'User', 268),
(230, 18, 1, 'User', 269),
(231, 18, 1, 'User', 270),
(232, 18, 1, 'User', 272),
(233, 18, 1, 'User', 273),
(234, 18, 1, 'User', 274),
(235, 18, 1, 'User', 275),
(236, 18, 1, 'User', 276),
(237, 18, 1, 'User', 277),
(238, 18, 1, 'User', 279),
(239, 18, 1, 'User', 282),
(240, 18, 1, 'User', 283),
(241, 18, 1, 'User', 286),
(242, 18, 1, 'User', 288),
(243, 18, 1, 'User', 289),
(244, 18, 1, 'User', 290);

-- --------------------------------------------------------

--
-- Структура таблицы `Property_Bool_Assigment`
--

CREATE TABLE `Property_Bool_Assigment` (
  `id` int(11) NOT NULL,
  `property_id` int(11) NOT NULL,
  `object_id` int(11) NOT NULL,
  `model_name` text NOT NULL
) ENGINE=InnoDB DEFAULT CHARSET=utf8;

--
-- Дамп данных таблицы `Property_Bool_Assigment`
--

INSERT INTO `Property_Bool_Assigment` (`id`, `property_id`, `object_id`, `model_name`) VALUES
(1, 18, 5, 'User_Group'),
(126, 11, 4, 'Structure'),
(207, 18, 15, 'User'),
(208, 18, 16, 'User'),
(209, 18, 230, 'User'),
(210, 18, 233, 'User'),
(211, 18, 238, 'User'),
(212, 18, 241, 'User'),
(213, 18, 242, 'User'),
(214, 18, 243, 'User'),
(215, 18, 245, 'User'),
(216, 18, 247, 'User'),
(217, 18, 248, 'User'),
(218, 18, 250, 'User'),
(219, 18, 252, 'User'),
(220, 18, 253, 'User'),
(221, 18, 255, 'User'),
(222, 18, 256, 'User'),
(223, 18, 257, 'User'),
(224, 18, 259, 'User'),
(225, 18, 260, 'User'),
(226, 18, 261, 'User'),
(227, 18, 264, 'User'),
(228, 18, 265, 'User'),
(229, 18, 266, 'User'),
(230, 18, 267, 'User'),
(231, 18, 268, 'User'),
(232, 18, 269, 'User'),
(233, 18, 270, 'User'),
(234, 18, 272, 'User'),
(235, 18, 273, 'User'),
(236, 18, 274, 'User'),
(237, 18, 275, 'User'),
(238, 18, 276, 'User'),
(239, 18, 277, 'User'),
(240, 18, 279, 'User'),
(241, 18, 282, 'User'),
(242, 18, 283, 'User'),
(243, 18, 286, 'User'),
(244, 18, 288, 'User'),
(245, 18, 289, 'User'),
(246, 18, 290, 'User'),
(247, 11, 7, 'Structure_Item');

-- --------------------------------------------------------

--
-- Структура таблицы `Property_Dir`
--

CREATE TABLE `Property_Dir` (
  `id` int(11) NOT NULL,
  `title` varchar(150) NOT NULL,
  `description` text NOT NULL,
  `dir` int(11) NOT NULL,
  `sorting` int(11) NOT NULL
) ENGINE=InnoDB DEFAULT CHARSET=utf8;

--
-- Дамп данных таблицы `Property_Dir`
--

INSERT INTO `Property_Dir` (`id`, `title`, `description`, `dir`, `sorting`) VALUES
(1, 'musadm', '', 0, 0),
(2, 'Ученики', '', 1, 10),
(3, 'Учителя', '', 1, 20);

-- --------------------------------------------------------

--
-- Структура таблицы `Property_Int`
--

CREATE TABLE `Property_Int` (
  `id` int(11) NOT NULL,
  `property_id` int(11) NOT NULL,
  `value` float NOT NULL,
  `model_name` varchar(100) NOT NULL,
  `object_id` int(11) NOT NULL
) ENGINE=InnoDB DEFAULT CHARSET=utf8;

--
-- Дамп данных таблицы `Property_Int`
--

INSERT INTO `Property_Int` (`id`, `property_id`, `value`, `model_name`, `object_id`) VALUES
(4768, 12, 0, 'User', 2),
(4769, 13, 0, 'User', 2),
(4770, 14, 0, 'User', 2),
(4771, 12, 0, 'User', 3),
(4772, 13, 0, 'User', 3),
(4773, 14, 0, 'User', 3),
(4774, 12, 0, 'User', 4),
(4775, 13, 0, 'User', 4),
(4776, 14, 0, 'User', 4),
(4777, 12, 0, 'User', 5),
(4778, 13, 0, 'User', 5),
(4779, 14, 0, 'User', 5),
(4780, 12, 0, 'User', 6),
(4781, 13, 0, 'User', 6),
(4782, 14, 0, 'User', 6),
(4783, 12, 0, 'User', 7),
(4784, 13, 0, 'User', 7),
(4785, 14, 0, 'User', 7),
(4786, 12, 0, 'User', 8),
(4787, 13, 0, 'User', 8),
(4788, 14, 0, 'User', 8),
(4789, 12, 0, 'User', 9),
(4790, 13, 0, 'User', 9),
(4791, 14, 0, 'User', 9),
(4792, 12, 0, 'User', 10),
(4793, 13, 0, 'User', 10),
(4794, 14, 0, 'User', 10),
(4795, 12, 0, 'User', 11),
(4796, 13, 0, 'User', 11),
(4797, 14, 0, 'User', 11),
(4798, 12, 0, 'User', 12),
(4799, 13, 0, 'User', 12),
(4800, 14, 0, 'User', 12),
(4801, 12, 0, 'User', 13),
(4802, 13, 0, 'User', 13),
(4803, 14, 0, 'User', 13),
(4804, 12, 0, 'User', 14),
(4805, 13, 0, 'User', 14),
(4806, 14, 0, 'User', 14),
(4807, 12, 0, 'User', 15),
(4808, 13, 0, 'User', 15),
(4809, 14, 0, 'User', 15),
(4810, 12, 200, 'User', 16),
(4811, 13, 4, 'User', 16),
(4812, 14, 0, 'User', 16),
(4813, 12, 0, 'User', 17),
(4814, 13, 6, 'User', 17),
(4815, 14, 0, 'User', 17),
(4816, 12, 300, 'User', 18),
(4817, 13, 0, 'User', 18),
(4818, 14, 0, 'User', 18),
(4819, 12, 0, 'User', 19),
(4820, 13, 0, 'User', 19),
(4821, 14, 0, 'User', 19),
(4822, 12, 1, 'User', 20),
(4823, 13, 0, 'User', 20),
(4824, 14, 0, 'User', 20),
(4825, 12, 1, 'User', 21),
(4826, 13, -1, 'User', 21),
(4827, 14, 0, 'User', 21),
(4828, 12, 0, 'User', 22),
(4829, 13, 5, 'User', 22),
(4830, 14, 0, 'User', 22),
(4831, 12, 0, 'User', 23),
(4832, 13, 1, 'User', 23),
(4833, 14, 0, 'User', 23),
(4834, 12, 0, 'User', 24),
(4835, 13, 1, 'User', 24),
(4836, 14, 0, 'User', 24),
(4837, 12, 0, 'User', 25),
(4838, 13, 3, 'User', 25),
(4839, 14, 0, 'User', 25),
(4840, 12, 0, 'User', 26),
(4841, 13, -2, 'User', 26),
(4842, 14, 0, 'User', 26),
(4843, 12, 0, 'User', 27),
(4844, 13, 5, 'User', 27),
(4845, 14, 0, 'User', 27),
(4846, 12, 50, 'User', 28),
(4847, 13, 3, 'User', 28),
(4848, 14, 0, 'User', 28),
(4849, 12, 0, 'User', 29),
(4850, 13, 1, 'User', 29),
(4851, 14, 0, 'User', 29),
(4852, 12, 0, 'User', 30),
(4853, 13, -3, 'User', 30),
(4854, 14, 0, 'User', 30),
(4855, 12, 0, 'User', 31),
(4856, 13, 0, 'User', 31),
(4857, 14, 0, 'User', 31),
(4858, 12, 0, 'User', 32),
(4859, 13, 1, 'User', 32),
(4860, 14, 0, 'User', 32),
(4861, 12, 0, 'User', 33),
(4862, 13, 2, 'User', 33),
(4863, 14, 0, 'User', 33),
(4864, 12, 0, 'User', 34),
(4865, 13, 4, 'User', 34),
(4866, 14, 0, 'User', 34),
(4867, 12, 0, 'User', 35),
(4868, 13, 5, 'User', 35),
(4869, 14, 0, 'User', 35),
(4870, 12, 0, 'User', 36),
(4871, 13, 2, 'User', 36),
(4872, 14, 2, 'User', 36),
(4873, 12, 0, 'User', 37),
(4874, 13, 4, 'User', 37),
(4875, 14, 0, 'User', 37),
(4876, 12, 0, 'User', 38),
(4877, 13, 2, 'User', 38),
(4878, 14, 0, 'User', 38),
(4879, 12, 0, 'User', 39),
(4880, 13, -3, 'User', 39),
(4881, 14, 0, 'User', 39),
(4882, 12, 0, 'User', 40),
(4883, 13, 0, 'User', 40),
(4884, 14, 0, 'User', 40),
(4885, 12, 0, 'User', 41),
(4886, 13, 0, 'User', 41),
(4887, 14, 0, 'User', 41),
(4888, 12, 0, 'User', 42),
(4889, 13, 0, 'User', 42),
(4890, 14, 0, 'User', 42),
(4891, 12, 0, 'User', 43),
(4892, 13, 0, 'User', 43),
(4893, 14, 3, 'User', 43),
(4894, 12, 0, 'User', 44),
(4895, 13, 0, 'User', 44),
(4896, 14, 0, 'User', 44),
(4897, 12, 200, 'User', 45),
(4898, 13, 4, 'User', 45),
(4899, 14, 0, 'User', 45),
(4900, 12, 0, 'User', 46),
(4901, 13, 0, 'User', 46),
(4902, 14, 0, 'User', 46),
(4903, 12, 0, 'User', 47),
(4904, 13, 2, 'User', 47),
(4905, 14, 0, 'User', 47),
(4906, 12, 50, 'User', 48),
(4907, 13, 8, 'User', 48),
(4908, 14, 0, 'User', 48),
(4909, 12, 0, 'User', 49),
(4910, 13, 3, 'User', 49),
(4911, 14, 0, 'User', 49),
(4912, 12, 0, 'User', 50),
(4913, 13, 2, 'User', 50),
(4914, 14, 0, 'User', 50),
(4915, 12, 1, 'User', 51),
(4916, 13, 0, 'User', 51),
(4917, 14, 0, 'User', 51),
(4918, 12, 0, 'User', 52),
(4919, 13, -2, 'User', 52),
(4920, 14, 0, 'User', 52),
(4921, 12, 0, 'User', 53),
(4922, 13, 1, 'User', 53),
(4923, 14, 0, 'User', 53),
(4924, 12, 0, 'User', 54),
(4925, 13, 3, 'User', 54),
(4926, 14, 0, 'User', 54),
(4927, 12, 0, 'User', 55),
(4928, 13, 1, 'User', 55),
(4929, 14, 0, 'User', 55),
(4930, 12, 0, 'User', 56),
(4931, 13, -2, 'User', 56),
(4932, 14, 0, 'User', 56),
(4933, 12, 0, 'User', 57),
(4934, 13, 3, 'User', 57),
(4935, 14, 0, 'User', 57),
(4936, 12, 6500, 'User', 58),
(4937, 13, -3, 'User', 58),
(4938, 14, 0, 'User', 58),
(4939, 12, 0, 'User', 59),
(4940, 13, 1, 'User', 59),
(4941, 14, 0, 'User', 59),
(4942, 12, 0, 'User', 60),
(4943, 13, -6, 'User', 60),
(4944, 14, 0, 'User', 60),
(4945, 12, 0, 'User', 61),
(4946, 13, 5, 'User', 61),
(4947, 14, 0, 'User', 61),
(4948, 12, 0, 'User', 62),
(4949, 13, 0, 'User', 62),
(4950, 14, 0, 'User', 62),
(4951, 12, 0, 'User', 63),
(4952, 13, 7, 'User', 63),
(4953, 14, 0, 'User', 63),
(4954, 12, 0, 'User', 64),
(4955, 13, 2, 'User', 64),
(4956, 14, 0, 'User', 64),
(4957, 12, 0, 'User', 65),
(4958, 13, 4, 'User', 65),
(4959, 14, 0, 'User', 65),
(4960, 12, 0, 'User', 66),
(4961, 13, 0, 'User', 66),
(4962, 14, 0, 'User', 66),
(4963, 12, 0, 'User', 67),
(4964, 13, 5, 'User', 67),
(4965, 14, 0, 'User', 67),
(4966, 12, 200, 'User', 68),
(4967, 13, 0, 'User', 68),
(4968, 14, 0, 'User', 68),
(4969, 12, 0, 'User', 69),
(4970, 13, 2, 'User', 69),
(4971, 14, 0, 'User', 69),
(4972, 12, 0, 'User', 70),
(4973, 13, 0, 'User', 70),
(4974, 14, 0, 'User', 70),
(4975, 12, 0, 'User', 71),
(4976, 13, -2, 'User', 71),
(4977, 14, 0, 'User', 71),
(4978, 12, 0, 'User', 72),
(4979, 13, 2, 'User', 72),
(4980, 14, 0, 'User', 72),
(4981, 12, 0, 'User', 73),
(4982, 13, 1, 'User', 73),
(4983, 14, 0, 'User', 73),
(4984, 12, 0, 'User', 74),
(4985, 13, 0, 'User', 74),
(4986, 14, 0, 'User', 74),
(4987, 12, 1, 'User', 75),
(4988, 13, 1, 'User', 75),
(4989, 14, 0, 'User', 75),
(4990, 12, 0, 'User', 76),
(4991, 13, 3, 'User', 76),
(4992, 14, 0, 'User', 76),
(4993, 12, 0, 'User', 77),
(4994, 13, 0, 'User', 77),
(4995, 14, 0, 'User', 77),
(4996, 12, 0, 'User', 78),
(4997, 13, 1, 'User', 78),
(4998, 14, 0, 'User', 78),
(4999, 12, 1, 'User', 79),
(5000, 13, 0, 'User', 79),
(5001, 14, 0, 'User', 79),
(5002, 12, 0, 'User', 80),
(5003, 13, 4, 'User', 80),
(5004, 14, 0, 'User', 80),
(5005, 12, 0, 'User', 81),
(5006, 13, 1, 'User', 81),
(5007, 14, 0, 'User', 81),
(5008, 12, 0, 'User', 82),
(5009, 13, 6, 'User', 82),
(5010, 14, 0, 'User', 82),
(5011, 12, 0, 'User', 83),
(5012, 13, 1, 'User', 83),
(5013, 14, 0, 'User', 83),
(5014, 12, 0, 'User', 84),
(5015, 13, -1, 'User', 84),
(5016, 14, 0, 'User', 84),
(5017, 12, 0, 'User', 85),
(5018, 13, 8, 'User', 85),
(5019, 14, 0, 'User', 85),
(5020, 12, 0, 'User', 86),
(5021, 13, 5, 'User', 86),
(5022, 14, 0, 'User', 86),
(5023, 12, 0, 'User', 87),
(5024, 13, 0, 'User', 87),
(5025, 14, 0, 'User', 87),
(5026, 12, 0, 'User', 88),
(5027, 13, 0, 'User', 88),
(5028, 14, 0, 'User', 88),
(5029, 12, 0, 'User', 89),
(5030, 13, 0, 'User', 89),
(5031, 14, 0, 'User', 89),
(5032, 12, 0, 'User', 90),
(5033, 13, 0, 'User', 90),
(5034, 14, 0, 'User', 90),
(5035, 12, 0, 'User', 91),
(5036, 13, 1, 'User', 91),
(5037, 14, 0, 'User', 91),
(5038, 12, 0, 'User', 92),
(5039, 13, 4, 'User', 92),
(5040, 14, 0, 'User', 92),
(5041, 12, 0, 'User', 93),
(5042, 13, 3, 'User', 93),
(5043, 14, 0, 'User', 93),
(5044, 12, 0, 'User', 94),
(5045, 13, 0, 'User', 94),
(5046, 14, 0, 'User', 94),
(5047, 12, 1200, 'User', 95),
(5048, 13, 1, 'User', 95),
(5049, 14, 2, 'User', 95),
(5050, 12, 0, 'User', 96),
(5051, 13, -1, 'User', 96),
(5052, 14, 0, 'User', 96),
(5053, 12, 800, 'User', 97),
(5054, 13, 2, 'User', 97),
(5055, 14, 3, 'User', 97),
(5056, 12, 0, 'User', 98),
(5057, 13, 0, 'User', 98),
(5058, 14, 0, 'User', 98),
(5059, 12, 0, 'User', 99),
(5060, 13, 0, 'User', 99),
(5061, 14, 0, 'User', 99),
(5062, 12, 0, 'User', 100),
(5063, 13, 4, 'User', 100),
(5064, 14, 0, 'User', 100),
(5065, 12, 1400, 'User', 101),
(5066, 13, -1, 'User', 101),
(5067, 14, 0, 'User', 101),
(5068, 12, 0, 'User', 102),
(5069, 13, 1, 'User', 102),
(5070, 14, 0, 'User', 102),
(5071, 12, 0, 'User', 103),
(5072, 13, -1, 'User', 103),
(5073, 14, 0, 'User', 103),
(5074, 12, 0, 'User', 104),
(5075, 13, 2, 'User', 104),
(5076, 14, 0, 'User', 104),
(5077, 12, 0, 'User', 105),
(5078, 13, 1, 'User', 105),
(5079, 14, 0, 'User', 105),
(5080, 12, 0, 'User', 106),
(5081, 13, 0, 'User', 106),
(5082, 14, 2, 'User', 106),
(5083, 12, 0, 'User', 107),
(5084, 13, 0, 'User', 107),
(5085, 14, 0, 'User', 107),
(5086, 12, 0, 'User', 108),
(5087, 13, 0, 'User', 108),
(5088, 14, 0, 'User', 108),
(5089, 12, 0, 'User', 109),
(5090, 13, 1, 'User', 109),
(5091, 14, 0, 'User', 109),
(5092, 12, 0, 'User', 110),
(5093, 13, 14, 'User', 110),
(5094, 14, 0, 'User', 110),
(5095, 12, 0, 'User', 111),
(5096, 13, 0, 'User', 111),
(5097, 14, 0, 'User', 111),
(5098, 12, 0, 'User', 112),
(5099, 13, 0, 'User', 112),
(5100, 14, 0, 'User', 112),
(5101, 12, 0, 'User', 113),
(5102, 13, 0, 'User', 113),
(5103, 14, 0, 'User', 113),
(5104, 12, 0, 'User', 114),
(5105, 13, 0, 'User', 114),
(5106, 14, 0, 'User', 114),
(5107, 12, 0, 'User', 115),
(5108, 13, -1, 'User', 115),
(5109, 14, 0, 'User', 115),
(5110, 12, 0, 'User', 116),
(5111, 13, 0, 'User', 116),
(5112, 14, 0, 'User', 116),
(5113, 12, 0, 'User', 117),
(5114, 13, 0, 'User', 117),
(5115, 14, 0, 'User', 117),
(5116, 12, 0, 'User', 118),
(5117, 13, 1, 'User', 118),
(5118, 14, 0, 'User', 118),
(5119, 12, 0, 'User', 119),
(5120, 13, 5, 'User', 119),
(5121, 14, 0, 'User', 119),
(5122, 12, 0, 'User', 120),
(5123, 13, 1, 'User', 120),
(5124, 14, 2, 'User', 120),
(5125, 12, 0, 'User', 121),
(5126, 13, 0, 'User', 121),
(5127, 14, 0, 'User', 121),
(5128, 12, 0, 'User', 122),
(5129, 13, 0, 'User', 122),
(5130, 14, 0, 'User', 122),
(5131, 12, 500, 'User', 123),
(5132, 13, 0, 'User', 123),
(5133, 14, 0, 'User', 123),
(5134, 12, 0, 'User', 124),
(5135, 13, 0, 'User', 124),
(5136, 14, 0, 'User', 124),
(5137, 12, 0, 'User', 125),
(5138, 13, 3, 'User', 125),
(5139, 14, 0, 'User', 125),
(5140, 12, 0, 'User', 126),
(5141, 13, 1, 'User', 126),
(5142, 14, 0, 'User', 126),
(5143, 12, 0, 'User', 127),
(5144, 13, 7, 'User', 127),
(5145, 14, 0, 'User', 127),
(5146, 12, 0, 'User', 128),
(5147, 13, 0, 'User', 128),
(5148, 14, 0, 'User', 128),
(5149, 12, 0, 'User', 129),
(5150, 13, 0, 'User', 129),
(5151, 14, 0, 'User', 129),
(5152, 12, 200, 'User', 130),
(5153, 13, 4, 'User', 130),
(5154, 14, 0, 'User', 130),
(5155, 12, 0, 'User', 131),
(5156, 13, 1, 'User', 131),
(5157, 14, 0, 'User', 131),
(5158, 12, 0, 'User', 132),
(5159, 13, 2, 'User', 132),
(5160, 14, 0, 'User', 132),
(5161, 12, 1, 'User', 133),
(5162, 13, 0, 'User', 133),
(5163, 14, 0, 'User', 133),
(5164, 12, 0, 'User', 134),
(5165, 13, 0, 'User', 134),
(5166, 14, 0, 'User', 134),
(5167, 12, 0, 'User', 135),
(5168, 13, 0, 'User', 135),
(5169, 14, 0, 'User', 135),
(5170, 12, 2, 'User', 136),
(5171, 13, 2, 'User', 136),
(5172, 14, 0, 'User', 136),
(5173, 12, 200, 'User', 137),
(5174, 13, 0, 'User', 137),
(5175, 14, 0, 'User', 137),
(5176, 12, 0, 'User', 138),
(5177, 13, 0, 'User', 138),
(5178, 14, 0, 'User', 138),
(5179, 12, 0, 'User', 139),
(5180, 13, 9, 'User', 139),
(5181, 14, 0, 'User', 139),
(5182, 12, 0, 'User', 140),
(5183, 13, 0, 'User', 140),
(5184, 14, 0, 'User', 140),
(5185, 12, 0, 'User', 141),
(5186, 13, 3, 'User', 141),
(5187, 14, 0, 'User', 141),
(5188, 12, 0, 'User', 142),
(5189, 13, 0, 'User', 142),
(5190, 14, 0, 'User', 142),
(5191, 12, 0, 'User', 143),
(5192, 13, 0, 'User', 143),
(5193, 14, 0, 'User', 143),
(5194, 12, 0, 'User', 144),
(5195, 13, 5, 'User', 144),
(5196, 14, 0, 'User', 144),
(5197, 12, 0, 'User', 145),
(5198, 13, 0, 'User', 145),
(5199, 14, 0, 'User', 145),
(5200, 12, 0, 'User', 146),
(5201, 13, 0, 'User', 146),
(5202, 14, 0, 'User', 146),
(5203, 12, 0, 'User', 147),
(5204, 13, 0, 'User', 147),
(5205, 14, 0, 'User', 147),
(5206, 12, 1600, 'User', 148),
(5207, 13, 6, 'User', 148),
(5208, 14, 1, 'User', 148),
(5209, 12, 0, 'User', 149),
(5210, 13, 5, 'User', 149),
(5211, 14, 0, 'User', 149),
(5212, 12, 0, 'User', 150),
(5213, 13, 1, 'User', 150),
(5214, 14, 0, 'User', 150),
(5215, 12, 0, 'User', 151),
(5216, 13, 0, 'User', 151),
(5217, 14, 0, 'User', 151),
(5218, 12, 0, 'User', 152),
(5219, 13, 3, 'User', 152),
(5220, 14, 0, 'User', 152),
(5221, 12, 0, 'User', 153),
(5222, 13, 0, 'User', 153),
(5223, 14, 0, 'User', 153),
(5224, 12, 0, 'User', 154),
(5225, 13, 0, 'User', 154),
(5226, 14, 0, 'User', 154),
(5227, 12, 0, 'User', 155),
(5228, 13, 0, 'User', 155),
(5229, 14, 0, 'User', 155),
(5230, 12, 0, 'User', 156),
(5231, 13, 0, 'User', 156),
(5232, 14, 0, 'User', 156),
(5233, 12, 0, 'User', 157),
(5234, 13, 3, 'User', 157),
(5235, 14, 0, 'User', 157),
(5236, 12, 0, 'User', 158),
(5237, 13, 3, 'User', 158),
(5238, 14, 0, 'User', 158),
(5239, 12, 0, 'User', 159),
(5240, 13, 0, 'User', 159),
(5241, 14, 0, 'User', 159),
(5242, 12, 0, 'User', 160),
(5243, 13, 5, 'User', 160),
(5244, 14, 0, 'User', 160),
(5245, 12, 0, 'User', 161),
(5246, 13, 0, 'User', 161),
(5247, 14, 0, 'User', 161),
(5248, 12, 0, 'User', 162),
(5249, 13, 0, 'User', 162),
(5250, 14, 0, 'User', 162),
(5251, 12, 0, 'User', 163),
(5252, 13, 4, 'User', 163),
(5253, 14, 0, 'User', 163),
(5254, 12, 0, 'User', 164),
(5255, 13, 0, 'User', 164),
(5256, 14, 0, 'User', 164),
(5257, 12, 0, 'User', 165),
(5258, 13, 0, 'User', 165),
(5259, 14, 0, 'User', 165),
(5260, 12, 0, 'User', 166),
(5261, 13, 9, 'User', 166),
(5262, 14, 0, 'User', 166),
(5263, 12, 0, 'User', 167),
(5264, 13, 8, 'User', 167),
(5265, 14, 0, 'User', 167),
(5266, 12, 0, 'User', 168),
(5267, 13, 0, 'User', 168),
(5268, 14, 0, 'User', 168),
(5269, 12, 0, 'User', 169),
(5270, 13, -2, 'User', 169),
(5271, 14, 0, 'User', 169),
(5272, 12, 5, 'User', 170),
(5273, 13, 0, 'User', 170),
(5274, 14, 0, 'User', 170),
(5275, 12, 0, 'User', 171),
(5276, 13, 0, 'User', 171),
(5277, 14, 0, 'User', 171),
(5278, 12, 0, 'User', 172),
(5279, 13, 0, 'User', 172),
(5280, 14, 0, 'User', 172),
(5281, 12, 0, 'User', 173),
(5282, 13, 0, 'User', 173),
(5283, 14, 2, 'User', 173),
(5284, 12, 0, 'User', 174),
(5285, 13, 0, 'User', 174),
(5286, 14, 2, 'User', 174),
(5287, 12, 0, 'User', 175),
(5288, 13, 5, 'User', 175),
(5289, 14, 0, 'User', 175),
(5290, 12, 0, 'User', 176),
(5291, 13, 1, 'User', 176),
(5292, 14, 0, 'User', 176),
(5293, 12, 0, 'User', 177),
(5294, 13, 0, 'User', 177),
(5295, 14, 0, 'User', 177),
(5296, 12, 0, 'User', 178),
(5297, 13, 0, 'User', 178),
(5298, 14, 0, 'User', 178),
(5299, 12, 0, 'User', 179),
(5300, 13, 2, 'User', 179),
(5301, 14, 0, 'User', 179),
(5302, 12, 0, 'User', 180),
(5303, 13, 1, 'User', 180),
(5304, 14, 0, 'User', 180),
(5305, 12, 0, 'User', 181),
(5306, 13, 1, 'User', 181),
(5307, 14, 0, 'User', 181),
(5308, 12, 0, 'User', 182),
(5309, 13, 0, 'User', 182),
(5310, 14, 0, 'User', 182),
(5311, 12, 0, 'User', 183),
(5312, 13, 6, 'User', 183),
(5313, 14, 0, 'User', 183),
(5314, 12, 0, 'User', 184),
(5315, 13, 3, 'User', 184),
(5316, 14, 0, 'User', 184),
(5317, 12, 0, 'User', 185),
(5318, 13, 2, 'User', 185),
(5319, 14, 0, 'User', 185),
(5320, 12, 0, 'User', 186),
(5321, 13, 1, 'User', 186),
(5322, 14, 0, 'User', 186),
(5323, 12, 0, 'User', 187),
(5324, 13, 0, 'User', 187),
(5325, 14, 0, 'User', 187),
(5326, 12, 0, 'User', 188),
(5327, 13, 0, 'User', 188),
(5328, 14, 0, 'User', 188),
(5329, 12, 0, 'User', 189),
(5330, 13, 0, 'User', 189),
(5331, 14, 0, 'User', 189),
(5332, 12, 0, 'User', 190),
(5333, 13, 3, 'User', 190),
(5334, 14, 0, 'User', 190),
(5335, 12, 0, 'User', 191),
(5336, 13, 4, 'User', 191),
(5337, 14, 0, 'User', 191),
(5338, 12, 0, 'User', 192),
(5339, 13, 1, 'User', 192),
(5340, 14, 0, 'User', 192),
(5341, 12, 0, 'User', 193),
(5342, 13, 7, 'User', 193),
(5343, 14, 0, 'User', 193),
(5344, 12, 0, 'User', 194),
(5345, 13, 3, 'User', 194),
(5346, 14, 0, 'User', 194),
(5347, 12, 0, 'User', 195),
(5348, 13, 0, 'User', 195),
(5349, 14, 0, 'User', 195),
(5350, 12, 0, 'User', 196),
(5351, 13, 3, 'User', 196),
(5352, 14, 0, 'User', 196),
(5353, 12, 0, 'User', 197),
(5354, 13, 0, 'User', 197),
(5355, 14, 0, 'User', 197),
(5356, 12, 0, 'User', 198),
(5357, 13, -1, 'User', 198),
(5358, 14, 0, 'User', 198),
(5359, 12, 0, 'User', 199),
(5360, 13, 1, 'User', 199),
(5361, 14, 0, 'User', 199),
(5362, 12, 0, 'User', 200),
(5363, 13, 0, 'User', 200),
(5364, 14, 0, 'User', 200),
(5365, 12, 0, 'User', 201),
(5366, 13, 0, 'User', 201),
(5367, 14, 0, 'User', 201),
(5368, 12, 0, 'User', 202),
(5369, 13, 0, 'User', 202),
(5370, 14, 0, 'User', 202),
(5371, 12, 0, 'User', 203),
(5372, 13, -1, 'User', 203),
(5373, 14, 0, 'User', 203),
(5374, 12, 0, 'User', 204),
(5375, 13, 6, 'User', 204),
(5376, 14, 0, 'User', 204),
(5377, 12, 0, 'User', 205),
(5378, 13, 0, 'User', 205),
(5379, 14, 0, 'User', 205),
(5380, 12, 0, 'User', 206),
(5381, 13, 1, 'User', 206),
(5382, 14, 0, 'User', 206),
(5383, 12, 100, 'User', 207),
(5384, 13, 1, 'User', 207),
(5385, 14, 1, 'User', 207),
(5386, 12, 0, 'User', 208),
(5387, 13, 6, 'User', 208),
(5388, 14, 1, 'User', 208),
(5389, 12, 0, 'User', 209),
(5390, 13, 0, 'User', 209),
(5391, 14, 0, 'User', 209),
(5392, 12, 0, 'User', 210),
(5393, 13, 0, 'User', 210),
(5394, 14, 0, 'User', 210),
(5395, 12, 0, 'User', 211),
(5396, 13, 0, 'User', 211),
(5397, 14, 0, 'User', 211),
(5398, 12, 0, 'User', 212),
(5399, 13, 0, 'User', 212),
(5400, 14, 0, 'User', 212),
(5401, 12, 0, 'User', 213),
(5402, 13, 2, 'User', 213),
(5403, 14, 0, 'User', 213),
(5404, 12, 0, 'User', 214),
(5405, 13, 1, 'User', 214),
(5406, 14, 0, 'User', 214),
(5407, 12, 0, 'User', 215),
(5408, 13, 0, 'User', 215),
(5409, 14, 0, 'User', 215),
(5410, 12, 0, 'User', 216),
(5411, 13, 0, 'User', 216),
(5412, 14, 0, 'User', 216),
(5413, 12, 150, 'User', 217),
(5414, 13, 0, 'User', 217),
(5415, 14, 3, 'User', 217),
(5416, 12, 150, 'User', 218),
(5417, 13, 0, 'User', 218),
(5418, 14, 3, 'User', 218),
(5419, 12, 0, 'User', 219),
(5420, 13, 0, 'User', 219),
(5421, 14, 0, 'User', 219),
(5422, 12, 0, 'User', 220),
(5423, 13, 4, 'User', 220),
(5424, 14, 0, 'User', 220),
(5425, 12, 0, 'User', 221),
(5426, 13, 8, 'User', 221),
(5427, 14, 0, 'User', 221),
(5428, 12, 0, 'User', 222),
(5429, 13, -1, 'User', 222),
(5430, 14, 0, 'User', 222),
(5431, 12, 0, 'User', 223),
(5432, 13, 0, 'User', 223),
(5433, 14, -1, 'User', 223),
(5434, 12, 0, 'User', 224),
(5435, 13, 0, 'User', 224),
(5436, 14, -1, 'User', 224),
(5437, 12, 0, 'User', 225),
(5438, 13, -1, 'User', 225),
(5439, 14, 0, 'User', 225),
(5440, 12, 0, 'User', 226),
(5441, 13, -4, 'User', 226),
(5442, 14, 0, 'User', 226),
(5443, 12, 0, 'User', 227),
(5444, 13, 1, 'User', 227),
(5445, 14, 0, 'User', 227),
(5446, 12, 0, 'User', 228),
(5447, 13, 0, 'User', 228),
(5448, 14, 0, 'User', 228),
(5449, 12, 0, 'User', 229),
(5450, 13, 0, 'User', 229),
(5451, 14, 1, 'User', 229),
(5452, 12, 0, 'User', 230),
(5453, 13, 7, 'User', 230),
(5454, 14, 0, 'User', 230),
(5455, 12, 0, 'User', 231),
(5456, 13, 0, 'User', 231),
(5457, 14, 0, 'User', 231),
(5458, 12, 0, 'User', 232),
(5459, 13, 7, 'User', 232),
(5460, 14, 0, 'User', 232),
(5461, 12, 0, 'User', 233),
(5462, 13, 5, 'User', 233),
(5463, 14, 0, 'User', 233),
(5464, 12, 0, 'User', 234),
(5465, 13, 2, 'User', 234),
(5466, 14, 0, 'User', 234),
(5467, 12, 0, 'User', 235),
(5468, 13, 0, 'User', 235),
(5469, 14, 1, 'User', 235),
(5470, 12, 0, 'User', 236),
(5471, 13, 1, 'User', 236),
(5472, 14, 0, 'User', 236),
(5473, 12, 0, 'User', 237),
(5474, 13, 1, 'User', 237),
(5475, 14, 0, 'User', 237),
(5476, 12, 0, 'User', 238),
(5477, 13, 0, 'User', 238),
(5478, 14, 0, 'User', 238),
(5479, 12, 200, 'User', 239),
(5480, 13, 2, 'User', 239),
(5481, 14, 0, 'User', 239),
(5482, 12, 0, 'User', 240),
(5483, 13, 0, 'User', 240),
(5484, 14, 0, 'User', 240),
(5485, 12, 0, 'User', 241),
(5486, 13, 6, 'User', 241),
(5487, 14, 0, 'User', 241),
(5488, 12, 0, 'User', 242),
(5489, 13, 1, 'User', 242),
(5490, 14, 0, 'User', 242),
(5491, 12, 0, 'User', 243),
(5492, 13, 3, 'User', 243),
(5493, 14, 0, 'User', 243),
(5494, 12, 0, 'User', 244),
(5495, 13, 3, 'User', 244),
(5496, 14, 0, 'User', 244),
(5497, 12, 0, 'User', 245),
(5498, 13, 3, 'User', 245),
(5499, 14, 0, 'User', 245),
(5500, 12, 0, 'User', 246),
(5501, 13, 0, 'User', 246),
(5502, 14, 0, 'User', 246),
(5503, 12, 0, 'User', 247),
(5504, 13, 7, 'User', 247),
(5505, 14, 0, 'User', 247),
(5506, 12, 0, 'User', 248),
(5507, 13, 9, 'User', 248),
(5508, 14, 0, 'User', 248),
(5509, 12, 0, 'User', 249),
(5510, 13, 5, 'User', 249),
(5511, 14, 0, 'User', 249),
(5512, 12, 0, 'User', 250),
(5513, 13, 1, 'User', 250),
(5514, 14, 0, 'User', 250),
(5515, 12, 0, 'User', 251),
(5516, 13, 0, 'User', 251),
(5517, 14, 0, 'User', 251),
(5518, 12, 0, 'User', 252),
(5519, 13, 3, 'User', 252),
(5520, 14, 0, 'User', 252),
(5521, 12, 0, 'User', 253),
(5522, 13, 0, 'User', 253),
(5523, 14, 0, 'User', 253),
(5524, 12, 0, 'User', 254),
(5525, 13, 8, 'User', 254),
(5526, 14, 0, 'User', 254),
(5527, 12, 0, 'User', 255),
(5528, 13, 0, 'User', 255),
(5529, 14, 0, 'User', 255),
(5530, 12, 0, 'User', 256),
(5531, 13, 2, 'User', 256),
(5532, 14, 0, 'User', 256),
(5533, 12, 0, 'User', 257),
(5534, 13, 1, 'User', 257),
(5535, 14, 0, 'User', 257),
(5536, 12, 0, 'User', 258),
(5537, 13, 0, 'User', 258),
(5538, 14, 0, 'User', 258),
(5539, 12, 0, 'User', 259),
(5540, 13, 0, 'User', 259),
(5541, 14, 0, 'User', 259),
(5542, 12, 0, 'User', 260),
(5543, 13, 3, 'User', 260),
(5544, 14, 0, 'User', 260),
(5545, 12, 0, 'User', 261),
(5546, 13, 0, 'User', 261),
(5547, 14, 0, 'User', 261),
(5548, 12, 0, 'User', 262),
(5549, 13, 5, 'User', 262),
(5550, 14, 0, 'User', 262),
(5551, 12, 0, 'User', 263),
(5552, 13, 2, 'User', 263),
(5553, 14, 0, 'User', 263),
(5554, 12, 0, 'User', 264),
(5555, 13, 3, 'User', 264),
(5556, 14, 0, 'User', 264),
(5557, 12, 0, 'User', 265),
(5558, 13, 5, 'User', 265),
(5559, 14, 0, 'User', 265),
(5560, 12, 0, 'User', 266),
(5561, 13, 4, 'User', 266),
(5562, 14, 0, 'User', 266),
(5563, 12, 0, 'User', 267),
(5564, 13, 5, 'User', 267),
(5565, 14, 0, 'User', 267),
(5566, 12, 0, 'User', 268),
(5567, 13, 3, 'User', 268),
(5568, 14, 0, 'User', 268),
(5569, 12, 0, 'User', 269),
(5570, 13, 0, 'User', 269),
(5571, 14, 0, 'User', 269),
(5572, 12, 0, 'User', 270),
(5573, 13, 5, 'User', 270),
(5574, 14, 0, 'User', 270),
(5575, 12, 200, 'User', 271),
(5576, 13, 1, 'User', 271),
(5577, 14, 0, 'User', 271),
(5578, 12, 0, 'User', 272),
(5579, 13, 0, 'User', 272),
(5580, 14, 0, 'User', 272),
(5581, 12, 0, 'User', 273),
(5582, 13, 0, 'User', 273),
(5583, 14, 0, 'User', 273),
(5584, 12, 0, 'User', 274),
(5585, 13, 0, 'User', 274),
(5586, 14, 0, 'User', 274),
(5587, 12, 0, 'User', 275),
(5588, 13, 0, 'User', 275),
(5589, 14, 0, 'User', 275),
(5590, 12, 0, 'User', 276),
(5591, 13, 3, 'User', 276),
(5592, 14, 0, 'User', 276),
(5593, 12, 0, 'User', 277),
(5594, 13, 2, 'User', 277),
(5595, 14, 0, 'User', 277),
(5596, 12, 0, 'User', 278),
(5597, 13, 0, 'User', 278),
(5598, 14, 0, 'User', 278),
(5599, 12, 0, 'User', 279),
(5600, 13, 2, 'User', 279),
(5601, 14, 0, 'User', 279),
(5602, 12, 0, 'User', 0),
(5603, 13, 0, 'User', 0),
(5604, 14, 0, 'User', 0),
(5605, 12, 0, 'User', 280),
(5606, 13, 7, 'User', 280),
(5607, 14, 0, 'User', 280),
(5608, 12, 0, 'User', 281),
(5609, 13, 7, 'User', 281),
(5610, 14, 0, 'User', 281),
(5611, 12, 0, 'User', 282),
(5612, 13, 7, 'User', 282),
(5613, 14, 0, 'User', 282),
(5614, 12, 0, 'User', 283),
(5615, 13, 0, 'User', 283),
(5616, 14, 0, 'User', 283),
(5617, 12, 0, 'User', 284),
(5618, 13, 0, 'User', 284),
(5619, 14, 0, 'User', 284),
(5620, 12, 0, 'User', 285),
(5621, 13, 0, 'User', 285),
(5622, 14, 0, 'User', 285),
(5623, 12, 0, 'User', 286),
(5624, 13, 0, 'User', 286),
(5625, 14, 3, 'User', 286),
(5626, 12, 800, 'User', 287),
(5627, 13, 0, 'User', 287),
(5628, 14, 3, 'User', 287),
(5629, 12, 0, 'User', 288),
(5630, 13, 7, 'User', 288),
(5631, 14, 0, 'User', 288),
(5632, 12, 0, 'User', 289),
(5633, 13, 0, 'User', 289),
(5634, 14, 0, 'User', 289),
(5635, 12, 0, 'User', 290),
(5636, 13, 0, 'User', 290),
(5637, 14, 0, 'User', 290);

-- --------------------------------------------------------

--
-- Структура таблицы `Property_Int_Assigment`
--

CREATE TABLE `Property_Int_Assigment` (
  `id` int(11) NOT NULL,
  `property_id` int(11) NOT NULL,
  `object_id` int(11) NOT NULL,
  `model_name` varchar(255) NOT NULL
) ENGINE=InnoDB DEFAULT CHARSET=utf8;

--
-- Дамп данных таблицы `Property_Int_Assigment`
--

INSERT INTO `Property_Int_Assigment` (`id`, `property_id`, `object_id`, `model_name`) VALUES
(2, 12, 5, 'User_Group'),
(3, 13, 5, 'User_Group'),
(4, 14, 5, 'User_Group'),
(5, 17, 5, 'User_Group'),
(3024, 2, 4, 'Structure'),
(4759, 12, 2, 'User'),
(4760, 13, 2, 'User'),
(4761, 14, 2, 'User'),
(4762, 12, 3, 'User'),
(4763, 13, 3, 'User'),
(4764, 14, 3, 'User'),
(4765, 12, 4, 'User'),
(4766, 13, 4, 'User'),
(4767, 14, 4, 'User'),
(4768, 12, 5, 'User'),
(4769, 13, 5, 'User'),
(4770, 14, 5, 'User'),
(4771, 12, 6, 'User'),
(4772, 13, 6, 'User'),
(4773, 14, 6, 'User'),
(4774, 12, 7, 'User'),
(4775, 13, 7, 'User'),
(4776, 14, 7, 'User'),
(4777, 12, 8, 'User'),
(4778, 13, 8, 'User'),
(4779, 14, 8, 'User'),
(4780, 12, 9, 'User'),
(4781, 13, 9, 'User'),
(4782, 14, 9, 'User'),
(4783, 12, 10, 'User'),
(4784, 13, 10, 'User'),
(4785, 14, 10, 'User'),
(4786, 12, 11, 'User'),
(4787, 13, 11, 'User'),
(4788, 14, 11, 'User'),
(4789, 12, 12, 'User'),
(4790, 13, 12, 'User'),
(4791, 14, 12, 'User'),
(4792, 12, 13, 'User'),
(4793, 13, 13, 'User'),
(4794, 14, 13, 'User'),
(4795, 12, 14, 'User'),
(4796, 13, 14, 'User'),
(4797, 14, 14, 'User'),
(4798, 12, 15, 'User'),
(4799, 13, 15, 'User'),
(4800, 14, 15, 'User'),
(4801, 12, 16, 'User'),
(4802, 13, 16, 'User'),
(4803, 14, 16, 'User'),
(4804, 12, 17, 'User'),
(4805, 13, 17, 'User'),
(4806, 14, 17, 'User'),
(4807, 12, 18, 'User'),
(4808, 13, 18, 'User'),
(4809, 14, 18, 'User'),
(4810, 12, 19, 'User'),
(4811, 13, 19, 'User'),
(4812, 14, 19, 'User'),
(4813, 12, 20, 'User'),
(4814, 13, 20, 'User'),
(4815, 14, 20, 'User'),
(4816, 12, 21, 'User'),
(4817, 13, 21, 'User'),
(4818, 14, 21, 'User'),
(4819, 12, 22, 'User'),
(4820, 13, 22, 'User'),
(4821, 14, 22, 'User'),
(4822, 12, 23, 'User'),
(4823, 13, 23, 'User'),
(4824, 14, 23, 'User'),
(4825, 12, 24, 'User'),
(4826, 13, 24, 'User'),
(4827, 14, 24, 'User'),
(4828, 12, 25, 'User'),
(4829, 13, 25, 'User'),
(4830, 14, 25, 'User'),
(4831, 12, 26, 'User'),
(4832, 13, 26, 'User'),
(4833, 14, 26, 'User'),
(4834, 12, 27, 'User'),
(4835, 13, 27, 'User'),
(4836, 14, 27, 'User'),
(4837, 12, 28, 'User'),
(4838, 13, 28, 'User'),
(4839, 14, 28, 'User'),
(4840, 12, 29, 'User'),
(4841, 13, 29, 'User'),
(4842, 14, 29, 'User'),
(4843, 12, 30, 'User'),
(4844, 13, 30, 'User'),
(4845, 14, 30, 'User'),
(4846, 12, 31, 'User'),
(4847, 13, 31, 'User'),
(4848, 14, 31, 'User'),
(4849, 12, 32, 'User'),
(4850, 13, 32, 'User'),
(4851, 14, 32, 'User'),
(4852, 12, 33, 'User'),
(4853, 13, 33, 'User'),
(4854, 14, 33, 'User'),
(4855, 12, 34, 'User'),
(4856, 13, 34, 'User'),
(4857, 14, 34, 'User'),
(4858, 12, 35, 'User'),
(4859, 13, 35, 'User'),
(4860, 14, 35, 'User'),
(4861, 12, 36, 'User'),
(4862, 13, 36, 'User'),
(4863, 14, 36, 'User'),
(4864, 12, 37, 'User'),
(4865, 13, 37, 'User'),
(4866, 14, 37, 'User'),
(4867, 12, 38, 'User'),
(4868, 13, 38, 'User'),
(4869, 14, 38, 'User'),
(4870, 12, 39, 'User'),
(4871, 13, 39, 'User'),
(4872, 14, 39, 'User'),
(4873, 12, 40, 'User'),
(4874, 13, 40, 'User'),
(4875, 14, 40, 'User'),
(4876, 12, 41, 'User'),
(4877, 13, 41, 'User'),
(4878, 14, 41, 'User'),
(4879, 12, 42, 'User'),
(4880, 13, 42, 'User'),
(4881, 14, 42, 'User'),
(4882, 12, 43, 'User'),
(4883, 13, 43, 'User'),
(4884, 14, 43, 'User'),
(4885, 12, 44, 'User'),
(4886, 13, 44, 'User'),
(4887, 14, 44, 'User'),
(4888, 12, 45, 'User'),
(4889, 13, 45, 'User'),
(4890, 14, 45, 'User'),
(4891, 12, 46, 'User'),
(4892, 13, 46, 'User'),
(4893, 14, 46, 'User'),
(4894, 12, 47, 'User'),
(4895, 13, 47, 'User'),
(4896, 14, 47, 'User'),
(4897, 12, 48, 'User'),
(4898, 13, 48, 'User'),
(4899, 14, 48, 'User'),
(4900, 12, 49, 'User'),
(4901, 13, 49, 'User'),
(4902, 14, 49, 'User'),
(4903, 12, 50, 'User'),
(4904, 13, 50, 'User'),
(4905, 14, 50, 'User'),
(4906, 12, 51, 'User'),
(4907, 13, 51, 'User'),
(4908, 14, 51, 'User'),
(4909, 12, 52, 'User'),
(4910, 13, 52, 'User'),
(4911, 14, 52, 'User'),
(4912, 12, 53, 'User'),
(4913, 13, 53, 'User'),
(4914, 14, 53, 'User'),
(4915, 12, 54, 'User'),
(4916, 13, 54, 'User'),
(4917, 14, 54, 'User'),
(4918, 12, 55, 'User'),
(4919, 13, 55, 'User'),
(4920, 14, 55, 'User'),
(4921, 12, 56, 'User'),
(4922, 13, 56, 'User'),
(4923, 14, 56, 'User'),
(4924, 12, 57, 'User'),
(4925, 13, 57, 'User'),
(4926, 14, 57, 'User'),
(4927, 12, 58, 'User'),
(4928, 13, 58, 'User'),
(4929, 14, 58, 'User'),
(4930, 12, 59, 'User'),
(4931, 13, 59, 'User'),
(4932, 14, 59, 'User'),
(4933, 12, 60, 'User'),
(4934, 13, 60, 'User'),
(4935, 14, 60, 'User'),
(4936, 12, 61, 'User'),
(4937, 13, 61, 'User'),
(4938, 14, 61, 'User'),
(4939, 12, 62, 'User'),
(4940, 13, 62, 'User'),
(4941, 14, 62, 'User'),
(4942, 12, 63, 'User'),
(4943, 13, 63, 'User'),
(4944, 14, 63, 'User'),
(4945, 12, 64, 'User'),
(4946, 13, 64, 'User'),
(4947, 14, 64, 'User'),
(4948, 12, 65, 'User'),
(4949, 13, 65, 'User'),
(4950, 14, 65, 'User'),
(4951, 12, 66, 'User'),
(4952, 13, 66, 'User'),
(4953, 14, 66, 'User'),
(4954, 12, 67, 'User'),
(4955, 13, 67, 'User'),
(4956, 14, 67, 'User'),
(4957, 12, 68, 'User'),
(4958, 13, 68, 'User'),
(4959, 14, 68, 'User'),
(4960, 12, 69, 'User'),
(4961, 13, 69, 'User'),
(4962, 14, 69, 'User'),
(4963, 12, 70, 'User'),
(4964, 13, 70, 'User'),
(4965, 14, 70, 'User'),
(4966, 12, 71, 'User'),
(4967, 13, 71, 'User'),
(4968, 14, 71, 'User'),
(4969, 12, 72, 'User'),
(4970, 13, 72, 'User'),
(4971, 14, 72, 'User'),
(4972, 12, 73, 'User'),
(4973, 13, 73, 'User'),
(4974, 14, 73, 'User'),
(4975, 12, 74, 'User'),
(4976, 13, 74, 'User'),
(4977, 14, 74, 'User'),
(4978, 12, 75, 'User'),
(4979, 13, 75, 'User'),
(4980, 14, 75, 'User'),
(4981, 12, 76, 'User'),
(4982, 13, 76, 'User'),
(4983, 14, 76, 'User'),
(4984, 12, 77, 'User'),
(4985, 13, 77, 'User'),
(4986, 14, 77, 'User'),
(4987, 12, 78, 'User'),
(4988, 13, 78, 'User'),
(4989, 14, 78, 'User'),
(4990, 12, 79, 'User'),
(4991, 13, 79, 'User'),
(4992, 14, 79, 'User'),
(4993, 12, 80, 'User'),
(4994, 13, 80, 'User'),
(4995, 14, 80, 'User'),
(4996, 12, 81, 'User'),
(4997, 13, 81, 'User'),
(4998, 14, 81, 'User'),
(4999, 12, 82, 'User'),
(5000, 13, 82, 'User'),
(5001, 14, 82, 'User'),
(5002, 12, 83, 'User'),
(5003, 13, 83, 'User'),
(5004, 14, 83, 'User'),
(5005, 12, 84, 'User'),
(5006, 13, 84, 'User'),
(5007, 14, 84, 'User'),
(5008, 12, 85, 'User'),
(5009, 13, 85, 'User'),
(5010, 14, 85, 'User'),
(5011, 12, 86, 'User'),
(5012, 13, 86, 'User'),
(5013, 14, 86, 'User'),
(5014, 12, 87, 'User'),
(5015, 13, 87, 'User'),
(5016, 14, 87, 'User'),
(5017, 12, 88, 'User'),
(5018, 13, 88, 'User'),
(5019, 14, 88, 'User'),
(5020, 12, 89, 'User'),
(5021, 13, 89, 'User'),
(5022, 14, 89, 'User'),
(5023, 12, 90, 'User'),
(5024, 13, 90, 'User'),
(5025, 14, 90, 'User'),
(5026, 12, 91, 'User'),
(5027, 13, 91, 'User'),
(5028, 14, 91, 'User'),
(5029, 12, 92, 'User'),
(5030, 13, 92, 'User'),
(5031, 14, 92, 'User'),
(5032, 12, 93, 'User'),
(5033, 13, 93, 'User'),
(5034, 14, 93, 'User'),
(5035, 12, 94, 'User'),
(5036, 13, 94, 'User'),
(5037, 14, 94, 'User'),
(5038, 12, 95, 'User'),
(5039, 13, 95, 'User'),
(5040, 14, 95, 'User'),
(5041, 12, 96, 'User'),
(5042, 13, 96, 'User'),
(5043, 14, 96, 'User'),
(5044, 12, 97, 'User'),
(5045, 13, 97, 'User'),
(5046, 14, 97, 'User'),
(5047, 12, 98, 'User'),
(5048, 13, 98, 'User'),
(5049, 14, 98, 'User'),
(5050, 12, 99, 'User'),
(5051, 13, 99, 'User'),
(5052, 14, 99, 'User'),
(5053, 12, 100, 'User'),
(5054, 13, 100, 'User'),
(5055, 14, 100, 'User'),
(5056, 12, 101, 'User'),
(5057, 13, 101, 'User'),
(5058, 14, 101, 'User'),
(5059, 12, 102, 'User'),
(5060, 13, 102, 'User'),
(5061, 14, 102, 'User'),
(5062, 12, 103, 'User'),
(5063, 13, 103, 'User'),
(5064, 14, 103, 'User'),
(5065, 12, 104, 'User'),
(5066, 13, 104, 'User'),
(5067, 14, 104, 'User'),
(5068, 12, 105, 'User'),
(5069, 13, 105, 'User'),
(5070, 14, 105, 'User'),
(5071, 12, 106, 'User'),
(5072, 13, 106, 'User'),
(5073, 14, 106, 'User'),
(5074, 12, 107, 'User'),
(5075, 13, 107, 'User'),
(5076, 14, 107, 'User'),
(5077, 12, 108, 'User'),
(5078, 13, 108, 'User'),
(5079, 14, 108, 'User'),
(5080, 12, 109, 'User'),
(5081, 13, 109, 'User'),
(5082, 14, 109, 'User'),
(5083, 12, 110, 'User'),
(5084, 13, 110, 'User'),
(5085, 14, 110, 'User'),
(5086, 12, 111, 'User'),
(5087, 13, 111, 'User'),
(5088, 14, 111, 'User'),
(5089, 12, 112, 'User'),
(5090, 13, 112, 'User'),
(5091, 14, 112, 'User'),
(5092, 12, 113, 'User'),
(5093, 13, 113, 'User'),
(5094, 14, 113, 'User'),
(5095, 12, 114, 'User'),
(5096, 13, 114, 'User'),
(5097, 14, 114, 'User'),
(5098, 12, 115, 'User'),
(5099, 13, 115, 'User'),
(5100, 14, 115, 'User'),
(5101, 12, 116, 'User'),
(5102, 13, 116, 'User'),
(5103, 14, 116, 'User'),
(5104, 12, 117, 'User'),
(5105, 13, 117, 'User'),
(5106, 14, 117, 'User'),
(5107, 12, 118, 'User'),
(5108, 13, 118, 'User'),
(5109, 14, 118, 'User'),
(5110, 12, 119, 'User'),
(5111, 13, 119, 'User'),
(5112, 14, 119, 'User'),
(5113, 12, 120, 'User'),
(5114, 13, 120, 'User'),
(5115, 14, 120, 'User'),
(5116, 12, 121, 'User'),
(5117, 13, 121, 'User'),
(5118, 14, 121, 'User'),
(5119, 12, 122, 'User'),
(5120, 13, 122, 'User'),
(5121, 14, 122, 'User'),
(5122, 12, 123, 'User'),
(5123, 13, 123, 'User'),
(5124, 14, 123, 'User'),
(5125, 12, 124, 'User'),
(5126, 13, 124, 'User'),
(5127, 14, 124, 'User'),
(5128, 12, 125, 'User'),
(5129, 13, 125, 'User'),
(5130, 14, 125, 'User'),
(5131, 12, 126, 'User'),
(5132, 13, 126, 'User'),
(5133, 14, 126, 'User'),
(5134, 12, 127, 'User'),
(5135, 13, 127, 'User'),
(5136, 14, 127, 'User'),
(5137, 12, 128, 'User'),
(5138, 13, 128, 'User'),
(5139, 14, 128, 'User'),
(5140, 12, 129, 'User'),
(5141, 13, 129, 'User'),
(5142, 14, 129, 'User'),
(5143, 12, 130, 'User'),
(5144, 13, 130, 'User'),
(5145, 14, 130, 'User'),
(5146, 12, 131, 'User'),
(5147, 13, 131, 'User'),
(5148, 14, 131, 'User'),
(5149, 12, 132, 'User'),
(5150, 13, 132, 'User'),
(5151, 14, 132, 'User'),
(5152, 12, 133, 'User'),
(5153, 13, 133, 'User'),
(5154, 14, 133, 'User'),
(5155, 12, 134, 'User'),
(5156, 13, 134, 'User'),
(5157, 14, 134, 'User'),
(5158, 12, 135, 'User'),
(5159, 13, 135, 'User'),
(5160, 14, 135, 'User'),
(5161, 12, 136, 'User'),
(5162, 13, 136, 'User'),
(5163, 14, 136, 'User'),
(5164, 12, 137, 'User'),
(5165, 13, 137, 'User'),
(5166, 14, 137, 'User'),
(5167, 12, 138, 'User'),
(5168, 13, 138, 'User'),
(5169, 14, 138, 'User'),
(5170, 12, 139, 'User'),
(5171, 13, 139, 'User'),
(5172, 14, 139, 'User'),
(5173, 12, 140, 'User'),
(5174, 13, 140, 'User'),
(5175, 14, 140, 'User'),
(5176, 12, 141, 'User'),
(5177, 13, 141, 'User'),
(5178, 14, 141, 'User'),
(5179, 12, 142, 'User'),
(5180, 13, 142, 'User'),
(5181, 14, 142, 'User'),
(5182, 12, 143, 'User'),
(5183, 13, 143, 'User'),
(5184, 14, 143, 'User'),
(5185, 12, 144, 'User'),
(5186, 13, 144, 'User'),
(5187, 14, 144, 'User'),
(5188, 12, 145, 'User'),
(5189, 13, 145, 'User'),
(5190, 14, 145, 'User'),
(5191, 12, 146, 'User'),
(5192, 13, 146, 'User'),
(5193, 14, 146, 'User'),
(5194, 12, 147, 'User'),
(5195, 13, 147, 'User'),
(5196, 14, 147, 'User'),
(5197, 12, 148, 'User'),
(5198, 13, 148, 'User'),
(5199, 14, 148, 'User'),
(5200, 12, 149, 'User'),
(5201, 13, 149, 'User'),
(5202, 14, 149, 'User'),
(5203, 12, 150, 'User'),
(5204, 13, 150, 'User'),
(5205, 14, 150, 'User'),
(5206, 12, 151, 'User'),
(5207, 13, 151, 'User'),
(5208, 14, 151, 'User'),
(5209, 12, 152, 'User'),
(5210, 13, 152, 'User'),
(5211, 14, 152, 'User'),
(5212, 12, 153, 'User'),
(5213, 13, 153, 'User'),
(5214, 14, 153, 'User'),
(5215, 12, 154, 'User'),
(5216, 13, 154, 'User'),
(5217, 14, 154, 'User'),
(5218, 12, 155, 'User'),
(5219, 13, 155, 'User'),
(5220, 14, 155, 'User'),
(5221, 12, 156, 'User'),
(5222, 13, 156, 'User'),
(5223, 14, 156, 'User'),
(5224, 12, 157, 'User'),
(5225, 13, 157, 'User'),
(5226, 14, 157, 'User'),
(5227, 12, 158, 'User'),
(5228, 13, 158, 'User'),
(5229, 14, 158, 'User'),
(5230, 12, 159, 'User'),
(5231, 13, 159, 'User'),
(5232, 14, 159, 'User'),
(5233, 12, 160, 'User'),
(5234, 13, 160, 'User'),
(5235, 14, 160, 'User'),
(5236, 12, 161, 'User'),
(5237, 13, 161, 'User'),
(5238, 14, 161, 'User'),
(5239, 12, 162, 'User'),
(5240, 13, 162, 'User'),
(5241, 14, 162, 'User'),
(5242, 12, 163, 'User'),
(5243, 13, 163, 'User'),
(5244, 14, 163, 'User'),
(5245, 12, 164, 'User'),
(5246, 13, 164, 'User'),
(5247, 14, 164, 'User'),
(5248, 12, 165, 'User'),
(5249, 13, 165, 'User'),
(5250, 14, 165, 'User'),
(5251, 12, 166, 'User'),
(5252, 13, 166, 'User'),
(5253, 14, 166, 'User'),
(5254, 12, 167, 'User'),
(5255, 13, 167, 'User'),
(5256, 14, 167, 'User'),
(5257, 12, 168, 'User'),
(5258, 13, 168, 'User'),
(5259, 14, 168, 'User'),
(5260, 12, 169, 'User'),
(5261, 13, 169, 'User'),
(5262, 14, 169, 'User'),
(5263, 12, 170, 'User'),
(5264, 13, 170, 'User'),
(5265, 14, 170, 'User'),
(5266, 12, 171, 'User'),
(5267, 13, 171, 'User'),
(5268, 14, 171, 'User'),
(5269, 12, 172, 'User'),
(5270, 13, 172, 'User'),
(5271, 14, 172, 'User'),
(5272, 12, 173, 'User'),
(5273, 13, 173, 'User'),
(5274, 14, 173, 'User'),
(5275, 12, 174, 'User'),
(5276, 13, 174, 'User'),
(5277, 14, 174, 'User'),
(5278, 12, 175, 'User'),
(5279, 13, 175, 'User'),
(5280, 14, 175, 'User'),
(5281, 12, 176, 'User'),
(5282, 13, 176, 'User'),
(5283, 14, 176, 'User'),
(5284, 12, 177, 'User'),
(5285, 13, 177, 'User'),
(5286, 14, 177, 'User'),
(5287, 12, 178, 'User'),
(5288, 13, 178, 'User'),
(5289, 14, 178, 'User'),
(5290, 12, 179, 'User'),
(5291, 13, 179, 'User'),
(5292, 14, 179, 'User'),
(5293, 12, 180, 'User'),
(5294, 13, 180, 'User'),
(5295, 14, 180, 'User'),
(5296, 12, 181, 'User'),
(5297, 13, 181, 'User'),
(5298, 14, 181, 'User'),
(5299, 12, 182, 'User'),
(5300, 13, 182, 'User'),
(5301, 14, 182, 'User'),
(5302, 12, 183, 'User'),
(5303, 13, 183, 'User'),
(5304, 14, 183, 'User'),
(5305, 12, 184, 'User'),
(5306, 13, 184, 'User'),
(5307, 14, 184, 'User'),
(5308, 12, 185, 'User'),
(5309, 13, 185, 'User'),
(5310, 14, 185, 'User'),
(5311, 12, 186, 'User'),
(5312, 13, 186, 'User'),
(5313, 14, 186, 'User'),
(5314, 12, 187, 'User'),
(5315, 13, 187, 'User'),
(5316, 14, 187, 'User'),
(5317, 12, 188, 'User'),
(5318, 13, 188, 'User'),
(5319, 14, 188, 'User'),
(5320, 12, 189, 'User'),
(5321, 13, 189, 'User'),
(5322, 14, 189, 'User'),
(5323, 12, 190, 'User'),
(5324, 13, 190, 'User'),
(5325, 14, 190, 'User'),
(5326, 12, 191, 'User'),
(5327, 13, 191, 'User'),
(5328, 14, 191, 'User'),
(5329, 12, 192, 'User'),
(5330, 13, 192, 'User'),
(5331, 14, 192, 'User'),
(5332, 12, 193, 'User'),
(5333, 13, 193, 'User'),
(5334, 14, 193, 'User'),
(5335, 12, 194, 'User'),
(5336, 13, 194, 'User'),
(5337, 14, 194, 'User'),
(5338, 12, 195, 'User'),
(5339, 13, 195, 'User'),
(5340, 14, 195, 'User'),
(5341, 12, 196, 'User'),
(5342, 13, 196, 'User'),
(5343, 14, 196, 'User'),
(5344, 12, 197, 'User'),
(5345, 13, 197, 'User'),
(5346, 14, 197, 'User'),
(5347, 12, 198, 'User'),
(5348, 13, 198, 'User'),
(5349, 14, 198, 'User'),
(5350, 12, 199, 'User'),
(5351, 13, 199, 'User'),
(5352, 14, 199, 'User'),
(5353, 12, 200, 'User'),
(5354, 13, 200, 'User'),
(5355, 14, 200, 'User'),
(5356, 12, 201, 'User'),
(5357, 13, 201, 'User'),
(5358, 14, 201, 'User'),
(5359, 12, 202, 'User'),
(5360, 13, 202, 'User'),
(5361, 14, 202, 'User'),
(5362, 12, 203, 'User'),
(5363, 13, 203, 'User'),
(5364, 14, 203, 'User'),
(5365, 12, 204, 'User'),
(5366, 13, 204, 'User'),
(5367, 14, 204, 'User'),
(5368, 12, 205, 'User'),
(5369, 13, 205, 'User'),
(5370, 14, 205, 'User'),
(5371, 12, 206, 'User'),
(5372, 13, 206, 'User'),
(5373, 14, 206, 'User'),
(5374, 12, 207, 'User'),
(5375, 13, 207, 'User'),
(5376, 14, 207, 'User'),
(5377, 12, 208, 'User'),
(5378, 13, 208, 'User'),
(5379, 14, 208, 'User'),
(5380, 12, 209, 'User'),
(5381, 13, 209, 'User'),
(5382, 14, 209, 'User'),
(5383, 12, 210, 'User'),
(5384, 13, 210, 'User'),
(5385, 14, 210, 'User'),
(5386, 12, 211, 'User'),
(5387, 13, 211, 'User'),
(5388, 14, 211, 'User'),
(5389, 12, 212, 'User'),
(5390, 13, 212, 'User'),
(5391, 14, 212, 'User'),
(5392, 12, 213, 'User'),
(5393, 13, 213, 'User'),
(5394, 14, 213, 'User'),
(5395, 12, 214, 'User'),
(5396, 13, 214, 'User'),
(5397, 14, 214, 'User'),
(5398, 12, 215, 'User'),
(5399, 13, 215, 'User'),
(5400, 14, 215, 'User'),
(5401, 12, 216, 'User'),
(5402, 13, 216, 'User'),
(5403, 14, 216, 'User'),
(5404, 12, 217, 'User'),
(5405, 13, 217, 'User'),
(5406, 14, 217, 'User'),
(5407, 12, 218, 'User'),
(5408, 13, 218, 'User'),
(5409, 14, 218, 'User'),
(5410, 12, 219, 'User'),
(5411, 13, 219, 'User'),
(5412, 14, 219, 'User'),
(5413, 12, 220, 'User'),
(5414, 13, 220, 'User'),
(5415, 14, 220, 'User'),
(5416, 12, 221, 'User'),
(5417, 13, 221, 'User'),
(5418, 14, 221, 'User'),
(5419, 12, 222, 'User'),
(5420, 13, 222, 'User'),
(5421, 14, 222, 'User'),
(5422, 12, 223, 'User'),
(5423, 13, 223, 'User'),
(5424, 14, 223, 'User'),
(5425, 12, 224, 'User'),
(5426, 13, 224, 'User'),
(5427, 14, 224, 'User'),
(5428, 12, 225, 'User'),
(5429, 13, 225, 'User'),
(5430, 14, 225, 'User'),
(5431, 12, 226, 'User'),
(5432, 13, 226, 'User'),
(5433, 14, 226, 'User'),
(5434, 12, 227, 'User'),
(5435, 13, 227, 'User'),
(5436, 14, 227, 'User'),
(5437, 12, 228, 'User'),
(5438, 13, 228, 'User'),
(5439, 14, 228, 'User'),
(5440, 12, 229, 'User'),
(5441, 13, 229, 'User'),
(5442, 14, 229, 'User'),
(5443, 12, 230, 'User'),
(5444, 13, 230, 'User'),
(5445, 14, 230, 'User'),
(5446, 12, 231, 'User'),
(5447, 13, 231, 'User'),
(5448, 14, 231, 'User'),
(5449, 12, 232, 'User'),
(5450, 13, 232, 'User'),
(5451, 14, 232, 'User'),
(5452, 12, 233, 'User'),
(5453, 13, 233, 'User'),
(5454, 14, 233, 'User'),
(5455, 12, 234, 'User'),
(5456, 13, 234, 'User'),
(5457, 14, 234, 'User'),
(5458, 12, 235, 'User'),
(5459, 13, 235, 'User'),
(5460, 14, 235, 'User'),
(5461, 12, 236, 'User'),
(5462, 13, 236, 'User'),
(5463, 14, 236, 'User'),
(5464, 12, 237, 'User'),
(5465, 13, 237, 'User'),
(5466, 14, 237, 'User'),
(5467, 12, 238, 'User'),
(5468, 13, 238, 'User'),
(5469, 14, 238, 'User'),
(5470, 12, 239, 'User'),
(5471, 13, 239, 'User'),
(5472, 14, 239, 'User'),
(5473, 12, 240, 'User'),
(5474, 13, 240, 'User'),
(5475, 14, 240, 'User'),
(5476, 12, 241, 'User'),
(5477, 13, 241, 'User'),
(5478, 14, 241, 'User'),
(5479, 12, 242, 'User'),
(5480, 13, 242, 'User'),
(5481, 14, 242, 'User'),
(5482, 12, 243, 'User'),
(5483, 13, 243, 'User'),
(5484, 14, 243, 'User'),
(5485, 12, 244, 'User'),
(5486, 13, 244, 'User'),
(5487, 14, 244, 'User'),
(5488, 12, 245, 'User'),
(5489, 13, 245, 'User'),
(5490, 14, 245, 'User'),
(5491, 12, 246, 'User'),
(5492, 13, 246, 'User'),
(5493, 14, 246, 'User'),
(5494, 12, 247, 'User'),
(5495, 13, 247, 'User'),
(5496, 14, 247, 'User'),
(5497, 12, 248, 'User'),
(5498, 13, 248, 'User'),
(5499, 14, 248, 'User'),
(5500, 12, 249, 'User'),
(5501, 13, 249, 'User'),
(5502, 14, 249, 'User'),
(5503, 12, 250, 'User'),
(5504, 13, 250, 'User'),
(5505, 14, 250, 'User'),
(5506, 12, 251, 'User'),
(5507, 13, 251, 'User'),
(5508, 14, 251, 'User'),
(5509, 12, 252, 'User'),
(5510, 13, 252, 'User'),
(5511, 14, 252, 'User'),
(5512, 12, 253, 'User'),
(5513, 13, 253, 'User'),
(5514, 14, 253, 'User'),
(5515, 12, 254, 'User'),
(5516, 13, 254, 'User'),
(5517, 14, 254, 'User'),
(5518, 12, 255, 'User'),
(5519, 13, 255, 'User'),
(5520, 14, 255, 'User'),
(5521, 12, 256, 'User'),
(5522, 13, 256, 'User'),
(5523, 14, 256, 'User'),
(5524, 12, 257, 'User'),
(5525, 13, 257, 'User'),
(5526, 14, 257, 'User'),
(5527, 12, 258, 'User'),
(5528, 13, 258, 'User'),
(5529, 14, 258, 'User'),
(5530, 12, 259, 'User'),
(5531, 13, 259, 'User'),
(5532, 14, 259, 'User'),
(5533, 12, 260, 'User'),
(5534, 13, 260, 'User'),
(5535, 14, 260, 'User'),
(5536, 12, 261, 'User'),
(5537, 13, 261, 'User'),
(5538, 14, 261, 'User'),
(5539, 12, 262, 'User'),
(5540, 13, 262, 'User'),
(5541, 14, 262, 'User'),
(5542, 12, 263, 'User'),
(5543, 13, 263, 'User'),
(5544, 14, 263, 'User'),
(5545, 12, 264, 'User'),
(5546, 13, 264, 'User'),
(5547, 14, 264, 'User'),
(5548, 12, 265, 'User'),
(5549, 13, 265, 'User'),
(5550, 14, 265, 'User'),
(5551, 12, 266, 'User'),
(5552, 13, 266, 'User'),
(5553, 14, 266, 'User'),
(5554, 12, 267, 'User'),
(5555, 13, 267, 'User'),
(5556, 14, 267, 'User'),
(5557, 12, 268, 'User'),
(5558, 13, 268, 'User'),
(5559, 14, 268, 'User'),
(5560, 12, 269, 'User'),
(5561, 13, 269, 'User'),
(5562, 14, 269, 'User'),
(5563, 12, 270, 'User'),
(5564, 13, 270, 'User'),
(5565, 14, 270, 'User'),
(5566, 12, 271, 'User'),
(5567, 13, 271, 'User'),
(5568, 14, 271, 'User'),
(5569, 12, 272, 'User'),
(5570, 13, 272, 'User'),
(5571, 14, 272, 'User'),
(5572, 12, 273, 'User'),
(5573, 13, 273, 'User'),
(5574, 14, 273, 'User'),
(5575, 12, 274, 'User'),
(5576, 13, 274, 'User'),
(5577, 14, 274, 'User'),
(5578, 12, 275, 'User'),
(5579, 13, 275, 'User'),
(5580, 14, 275, 'User'),
(5581, 12, 276, 'User'),
(5582, 13, 276, 'User'),
(5583, 14, 276, 'User'),
(5584, 12, 277, 'User'),
(5585, 13, 277, 'User'),
(5586, 14, 277, 'User'),
(5587, 12, 278, 'User'),
(5588, 13, 278, 'User'),
(5589, 14, 278, 'User'),
(5590, 12, 279, 'User'),
(5591, 13, 279, 'User'),
(5592, 14, 279, 'User'),
(5593, 12, 280, 'User'),
(5594, 13, 280, 'User'),
(5595, 14, 280, 'User'),
(5596, 12, 281, 'User'),
(5597, 13, 281, 'User'),
(5598, 14, 281, 'User'),
(5599, 12, 282, 'User'),
(5600, 13, 282, 'User'),
(5601, 14, 282, 'User'),
(5602, 12, 283, 'User'),
(5603, 13, 283, 'User'),
(5604, 14, 283, 'User'),
(5605, 12, 284, 'User'),
(5606, 13, 284, 'User'),
(5607, 14, 284, 'User'),
(5608, 12, 285, 'User'),
(5609, 13, 285, 'User'),
(5610, 14, 285, 'User'),
(5611, 12, 286, 'User'),
(5612, 13, 286, 'User'),
(5613, 14, 286, 'User'),
(5614, 12, 287, 'User'),
(5615, 13, 287, 'User'),
(5616, 14, 287, 'User'),
(5617, 12, 288, 'User'),
(5618, 13, 288, 'User'),
(5619, 14, 288, 'User'),
(5620, 12, 289, 'User'),
(5621, 13, 289, 'User'),
(5622, 14, 289, 'User'),
(5623, 12, 290, 'User'),
(5624, 13, 290, 'User'),
(5625, 14, 290, 'User');

-- --------------------------------------------------------

--
-- Структура таблицы `Property_List`
--

CREATE TABLE `Property_List` (
  `id` int(11) NOT NULL,
  `property_id` int(11) NOT NULL,
  `model_name` varchar(100) NOT NULL,
  `object_id` int(11) NOT NULL,
  `value_id` int(11) NOT NULL
) ENGINE=InnoDB DEFAULT CHARSET=utf8;

--
-- Дамп данных таблицы `Property_List`
--

INSERT INTO `Property_List` (`id`, `property_id`, `model_name`, `object_id`, `value_id`) VALUES
(74, 20, 'User', 2, 27),
(75, 20, 'User', 3, 30),
(76, 20, 'User', 4, 31),
(77, 20, 'User', 6, 29),
(78, 20, 'User', 7, 25),
(79, 20, 'User', 8, 24),
(80, 20, 'User', 9, 28),
(81, 20, 'User', 10, 27),
(82, 20, 'User', 11, 25),
(83, 20, 'User', 12, 27),
(84, 20, 'User', 13, 31),
(85, 20, 'User', 14, 27),
(86, 20, 'User', 112, 26),
(87, 20, 'User', 162, 27),
(88, 20, 'User', 182, 24),
(89, 20, 'User', 189, 27),
(90, 1, 'Structure_Item', 7, 7);

-- --------------------------------------------------------

--
-- Структура таблицы `Property_List_Assigment`
--

CREATE TABLE `Property_List_Assigment` (
  `id` int(11) NOT NULL,
  `property_id` int(11) NOT NULL,
  `object_id` int(11) NOT NULL,
  `model_name` varchar(255) NOT NULL
) ENGINE=InnoDB DEFAULT CHARSET=utf8;

--
-- Дамп данных таблицы `Property_List_Assigment`
--

INSERT INTO `Property_List_Assigment` (`id`, `property_id`, `object_id`, `model_name`) VALUES
(3, 10, 5, 'User_Group'),
(4, 15, 5, 'User_Group'),
(48, 21, 5, 'User_Group'),
(49, 1, 4, 'Structure'),
(83, 20, 2, 'User'),
(84, 20, 3, 'User'),
(85, 20, 4, 'User'),
(86, 20, 6, 'User'),
(87, 20, 7, 'User'),
(88, 20, 8, 'User'),
(89, 20, 9, 'User'),
(90, 20, 10, 'User'),
(91, 20, 11, 'User'),
(92, 20, 12, 'User'),
(93, 20, 13, 'User'),
(94, 20, 14, 'User'),
(95, 20, 112, 'User'),
(96, 20, 162, 'User'),
(97, 20, 182, 'User'),
(98, 20, 189, 'User'),
(99, 20, 4, 'User_Group'),
(100, 1, 7, 'Structure_Item'),
(101, 20, 291, 'User');

-- --------------------------------------------------------

--
-- Структура таблицы `Property_List_Values`
--

CREATE TABLE `Property_List_Values` (
  `id` int(11) NOT NULL,
  `property_id` int(11) NOT NULL DEFAULT '0',
  `value` varchar(100) NOT NULL,
  `sorting` int(11) NOT NULL DEFAULT '0'
) ENGINE=InnoDB DEFAULT CHARSET=utf8;

--
-- Дамп данных таблицы `Property_List_Values`
--

INSERT INTO `Property_List_Values` (`id`, `property_id`, `value`, `sorting`) VALUES
(7, 1, '400', 0),
(8, 1, '300', 0),
(9, 1, '200', 0),
(10, 1, '250', 0),
(11, 1, '150', 0),
(12, 1, '100', 0),
(13, 1, '0', 0),
(14, 10, 'Индивидуальное занятие', 0),
(15, 10, 'Групповое занятие', 0),
(22, 15, 'Мичурина', 1),
(23, 15, 'Щорса', 2),
(24, 20, 'Арфа', 10),
(25, 20, 'Барабаны', 20),
(26, 20, 'Баян аккордеон гармонь', 30),
(27, 20, 'Гитара', 40),
(28, 20, 'Саксофон', 50),
(29, 20, 'Скрипка', 60),
(30, 20, 'Фортепиано', 70),
(31, 20, 'Вокал', 80),
(32, 20, 'Теория', 90),
(33, 21, 'Булгаков Александр', 0),
(34, 21, 'Полтева Оксана', 0),
(35, 21, 'Романович Алина', 0),
(36, 21, 'Черных Дарья', 0),
(37, 21, 'Галяутдинов Руслан', 0),
(38, 21, 'Белякова Карина', 0),
(39, 21, 'Варжавинов Владимир', 0),
(40, 21, 'Фёдоров Вадим', 0),
(41, 21, 'Матвиенко Андрей', 0),
(42, 21, 'Жуйков Андрей', 0),
(43, 21, 'Джилавян Айарпи', 0),
(44, 21, 'Рымарев Иван', 0),
(45, 21, 'Сайганов Павел', 0),
(46, 21, 'Макеев Виталий', 0),
(47, 21, 'Тест Тест', 0),
(48, 21, 'Само Подготовка', 0),
(65, 21, 'Булгаков Александр', 0),
(66, 21, 'Полтева Оксана', 0);

-- --------------------------------------------------------

--
-- Структура таблицы `Property_String`
--

CREATE TABLE `Property_String` (
  `id` int(11) NOT NULL,
  `property_id` int(11) NOT NULL,
  `value` varchar(255) NOT NULL,
  `model_name` varchar(100) NOT NULL,
  `object_id` int(11) NOT NULL
) ENGINE=InnoDB DEFAULT CHARSET=utf8;

--
-- Дамп данных таблицы `Property_String`
--

INSERT INTO `Property_String` (`id`, `property_id`, `value`, `model_name`, `object_id`) VALUES
(341, 9, 'https://vk.com/upstrocke', 'User', 15),
(342, 9, 'https://vk.com/id129018334', 'User', 21),
(343, 9, 'https://vk.com/id249437636', 'User', 23),
(344, 9, 'https://vk.com/id312641227', 'User', 24),
(345, 9, 'https://vk.com/id371845369', 'User', 28),
(346, 9, 'https://vk.com/id227312993', 'User', 32),
(347, 9, 'https://vk.com/id114953549', 'User', 33),
(348, 9, 'https://vk.com/sulzhenko22', 'User', 41),
(349, 9, 'https://vk.com/i9936955', 'User', 45),
(350, 9, 'https://vk.com/id147798154', 'User', 52),
(351, 9, 'https://vk.com/pingvin997', 'User', 53),
(352, 9, 'https://vk.com/zzzavarkina', 'User', 55),
(353, 9, 'https://vk.com/id30207731', 'User', 58),
(354, 9, 'https://vk.com/v.egorov94', 'User', 60),
(355, 9, 'https://vk.com/id100971552', 'User', 65),
(356, 9, 'https://vk.com/asyadugnist', 'User', 68),
(357, 9, 'https://vk.com/id35539072', 'User', 71),
(358, 9, 'https://vk.com/id321516053', 'User', 74),
(359, 9, 'https://vk.com/naty20213', 'User', 75),
(360, 9, 'https://vk.com/n.mass', 'User', 77),
(361, 9, 'https://vk.com/id_space_666', 'User', 79),
(362, 9, 'https://vk.com/irena_shilova', 'User', 81),
(363, 9, 'https://vk.com/mirdevshonok', 'User', 90),
(364, 9, 'https://vk.com/grustnayann', 'User', 91),
(365, 9, 'https://vk.com/donpad', 'User', 92),
(366, 9, 'https://vk.com/germionin', 'User', 93),
(367, 9, 'https://vk.com/id139766263', 'User', 96),
(368, 9, 'https://vk.com/sergks', 'User', 97),
(369, 9, 'https://vk.com/id218411690', 'User', 100),
(370, 9, 'https://vk.com/id371887712', 'User', 105),
(371, 9, 'https://vk.com/id250401218', 'User', 114),
(372, 9, 'https://vk.com/id138219513', 'User', 116),
(373, 9, 'https://vk.com/a.paroeva', 'User', 119),
(374, 9, 'https://vk.com/matheuscesaro', 'User', 133),
(375, 9, 'https://vk.com/id52231178', 'User', 137),
(376, 9, 'https://vk.com/djon_djon', 'User', 141),
(377, 9, 'https://vk.com/id39877816', 'User', 173),
(378, 9, 'https://vk.com/w1n32', 'User', 174),
(379, 9, 'https://vk.com/lusineshahverdian', 'User', 175),
(380, 9, 'https://vk.com/dmitry_chablin', 'User', 186),
(381, 9, 'https://vk.com/mari_marsi', 'User', 192),
(382, 9, 'https://vk.com/viktoriya.bugaeva', 'User', 196),
(383, 9, 'https://vk.com/lyakh_mary', 'User', 201),
(384, 9, 'https://vk.com/ruzakin', 'User', 203),
(385, 9, 'https://vk.com/masteeer', 'User', 206),
(386, 9, 'https://vk.com/selse1', 'User', 211),
(387, 9, 'https://vk.com/id185797429', 'User', 213),
(388, 9, 'https://vk.com/angelina.statinova', 'User', 216),
(389, 9, 'https://vk.com/id7232566', 'User', 218),
(390, 9, 'https://vk.com/gudovilya', 'User', 227),
(391, 9, 'https://vk.com/academy31', 'User', 229),
(392, 9, 'https://vk.com/id38493200', 'User', 230),
(393, 9, 'https://vk.com/prisiazhnyuk_a', 'User', 238),
(394, 9, 'https://vk.com/ulysses2000', 'User', 241),
(395, 9, 'https://vk.com/just.vika', 'User', 250),
(396, 9, 'https://vk.com/id71480728', 'User', 265),
(397, 9, 'https://vk.com/id155289302', 'User', 268),
(398, 9, 'https://vk.com/id153654371', 'User', 283),
(399, 9, 'https://vk.com/katyushka_denchik', 'User', 284),
(400, 9, 'https://vk.com/kit_van', 'User', 286),
(401, 9, 'null', 'User', 287);

-- --------------------------------------------------------

--
-- Структура таблицы `Property_String_Assigment`
--

CREATE TABLE `Property_String_Assigment` (
  `id` int(11) NOT NULL,
  `property_id` int(11) NOT NULL,
  `object_id` int(11) NOT NULL,
  `model_name` varchar(255) NOT NULL
) ENGINE=InnoDB DEFAULT CHARSET=utf8;

--
-- Дамп данных таблицы `Property_String_Assigment`
--

INSERT INTO `Property_String_Assigment` (`id`, `property_id`, `object_id`, `model_name`) VALUES
(1, 9, 5, 'User_Group'),
(2, 16, 5, 'User_Group'),
(221, 3, 4, 'Structure'),
(344, 9, 15, 'User'),
(345, 9, 21, 'User'),
(346, 9, 23, 'User'),
(347, 9, 24, 'User'),
(348, 9, 28, 'User'),
(349, 9, 32, 'User'),
(350, 9, 33, 'User'),
(351, 9, 41, 'User'),
(352, 9, 45, 'User'),
(353, 9, 52, 'User'),
(354, 9, 53, 'User'),
(355, 9, 55, 'User'),
(356, 9, 58, 'User'),
(357, 9, 60, 'User'),
(358, 9, 65, 'User'),
(359, 9, 68, 'User'),
(360, 9, 71, 'User'),
(361, 9, 74, 'User'),
(362, 9, 75, 'User'),
(363, 9, 77, 'User'),
(364, 9, 79, 'User'),
(365, 9, 81, 'User'),
(366, 9, 90, 'User'),
(367, 9, 91, 'User'),
(368, 9, 92, 'User'),
(369, 9, 93, 'User'),
(370, 9, 96, 'User'),
(371, 9, 97, 'User'),
(372, 9, 100, 'User'),
(373, 9, 105, 'User'),
(374, 9, 114, 'User'),
(375, 9, 116, 'User'),
(376, 9, 119, 'User'),
(377, 9, 133, 'User'),
(378, 9, 137, 'User'),
(379, 9, 141, 'User'),
(380, 9, 173, 'User'),
(381, 9, 174, 'User'),
(382, 9, 175, 'User'),
(383, 9, 186, 'User'),
(384, 9, 192, 'User'),
(385, 9, 196, 'User'),
(386, 9, 201, 'User'),
(387, 9, 203, 'User'),
(388, 9, 206, 'User'),
(389, 9, 211, 'User'),
(390, 9, 213, 'User'),
(391, 9, 216, 'User'),
(392, 9, 218, 'User'),
(393, 9, 227, 'User'),
(394, 9, 229, 'User'),
(395, 9, 230, 'User'),
(396, 9, 238, 'User'),
(397, 9, 241, 'User'),
(398, 9, 250, 'User'),
(399, 9, 265, 'User'),
(400, 9, 268, 'User'),
(401, 9, 283, 'User'),
(402, 9, 284, 'User'),
(403, 9, 286, 'User'),
(404, 9, 287, 'User');

-- --------------------------------------------------------

--
-- Структура таблицы `Property_Text`
--

CREATE TABLE `Property_Text` (
  `id` int(11) NOT NULL,
  `property_id` int(11) NOT NULL,
  `value` text NOT NULL,
  `model_name` varchar(100) NOT NULL,
  `object_id` int(11) NOT NULL
) ENGINE=InnoDB DEFAULT CHARSET=utf8;

--
-- Дамп данных таблицы `Property_Text`
--

INSERT INTO `Property_Text` (`id`, `property_id`, `value`, `model_name`, `object_id`) VALUES
(289, 19, '600 + 300р, за апрель абонент. плата внесена', 'User', 18),
(290, 19, 'по Матеусу оплата, ', 'User', 19),
(291, 19, 'по 350р уроки', 'User', 21),
(292, 19, 'по 350р уроки', 'User', 23),
(293, 19, '2 апреля поговорить с таранник', 'User', 25),
(294, 19, '2500р за 7 уроков', 'User', 26),
(295, 19, '2500р за 7 уроков', 'User', 27),
(296, 19, 'по 350 р; ', 'User', 28),
(297, 19, 'по 350р', 'User', 29),
(298, 19, 'оплата по егорову владу', 'User', 30),
(299, 19, '350р за инд урок', 'User', 36),
(300, 19, 'сказала засчитать остаток уроков', 'User', 37),
(301, 19, 'по 350 руб с 02.04', 'User', 39),
(302, 19, 'индив по 350р ', 'User', 43),
(303, 19, 'по 350 руб с 02.04, может ходить либо в 13-30, либо в 17-00', 'User', 48),
(304, 19, 'по 350 руб с 02.04', 'User', 52),
(305, 19, 'оплата общая с лыловой анной', 'User', 56),
(306, 19, 'по 350 руб с 02.04', 'User', 58),
(307, 19, '400 + 300р, за март абонплата внесена', 'User', 60),
(308, 19, 'платит 2600р за 8 уроков', 'User', 67),
(309, 19, 'остаток списать', 'User', 72),
(310, 19, 'ушел на неопределенный срок', 'User', 79),
(311, 19, 'поурочно платит', 'User', 90),
(312, 19, 'оплату вносит частями', 'User', 95),
(313, 19, 'по арчибасовой насте оплата', 'User', 96),
(314, 19, 'долг по оплате за пропуски, должны были приехать внести оплату, на звонки не отвечают, из расписания исключены', 'User', 103),
(315, 19, 'поур по 300р за 30 мин', 'User', 107),
(316, 19, '4 урока в остатке, не ходит до лета', 'User', 111),
(317, 19, 'по 350 руб с 02.04', 'User', 115),
(318, 19, 'по 350 руб с 02.04', 'User', 116),
(319, 19, 'по 350р индив уроки', 'User', 126),
(320, 19, 'сменный график', 'User', 127),
(321, 19, '400 + 300р, за апрель абонплата внесена', 'User', 133),
(322, 19, 'внесено 2 рубля', 'User', 136),
(323, 19, 'по 300 р по 30 мин', 'User', 137),
(324, 19, 'Не пытаться менять время в графике', 'User', 142),
(325, 19, 'по 3000 за 8 урок', 'User', 144),
(326, 19, 'звонить маме', 'User', 149),
(327, 19, 'не звонить, сам наберет. может только на 19.00 заниматься', 'User', 150),
(328, 19, '4 урока 06.04 начислены ошибочно', 'User', 163),
(329, 19, '01.06.18 весь остаток уроков сгорает', 'User', 166),
(330, 19, 'сменный график', 'User', 176),
(331, 19, 'оплата по Лагутину Алексею', 'User', 181),
(332, 19, 'поур 400, в абонементе по 300р', 'User', 185),
(333, 19, '19.03 весь остаток уроков сгорает', 'User', 186),
(334, 19, 'папе стараться не звонить', 'User', 188),
(335, 19, 'занимается на арфе', 'User', 198),
(336, 19, 'с февраля по сменному графику будет ходить', 'User', 205),
(337, 19, 'на фоно по сменному графику', 'User', 209),
(338, 19, 'сменный график', 'User', 214),
(339, 19, 'в конце мая планирует возобновить занятия', 'User', 216),
(340, 19, '2500р за 7 уроков', 'User', 222),
(341, 19, 'срок действия абонемента вышел, должны вносить оплату по-новой', 'User', 229),
(342, 19, 'срок действия абонемента вышел, должны вносить оплату по-новой', 'User', 235),
(343, 19, 'взять анкету', 'User', 240),
(344, 19, 'по сертификату 61, взять анкету', 'User', 244),
(345, 19, 'сменный график', 'User', 249),
(346, 19, 'раньше 18:00 ходить не может. может ходить на 15:00', 'User', 250),
(347, 19, 'записалась на урок 17.03 у Рымареву, потом отменила - проблемы на работе, сказала сама наберет', 'User', 251),
(348, 19, 'взять анкету', 'User', 254),
(349, 19, 'поставить в график с апреля', 'User', 258),
(350, 19, 'ему подарили абонемент (до 23.05), должен позвонить записаться', 'User', 262),
(351, 19, 'сменный график', 'User', 269),
(352, 19, 'фламенко', 'User', 278);

-- --------------------------------------------------------

--
-- Структура таблицы `Property_Text_Assigment`
--

CREATE TABLE `Property_Text_Assigment` (
  `id` int(11) NOT NULL,
  `property_id` int(11) NOT NULL,
  `object_id` int(11) NOT NULL,
  `model_name` text NOT NULL
) ENGINE=InnoDB DEFAULT CHARSET=utf8;

--
-- Дамп данных таблицы `Property_Text_Assigment`
--

INSERT INTO `Property_Text_Assigment` (`id`, `property_id`, `object_id`, `model_name`) VALUES
(1, 19, 5, 'User_Group'),
(162, 4, 4, 'Structure'),
(291, 19, 18, 'User'),
(292, 19, 19, 'User'),
(293, 19, 21, 'User'),
(294, 19, 23, 'User'),
(295, 19, 25, 'User'),
(296, 19, 26, 'User'),
(297, 19, 27, 'User'),
(298, 19, 28, 'User'),
(299, 19, 29, 'User'),
(300, 19, 30, 'User'),
(301, 19, 36, 'User'),
(302, 19, 37, 'User'),
(303, 19, 39, 'User'),
(304, 19, 43, 'User'),
(305, 19, 48, 'User'),
(306, 19, 52, 'User'),
(307, 19, 56, 'User'),
(308, 19, 58, 'User'),
(309, 19, 60, 'User'),
(310, 19, 67, 'User'),
(311, 19, 72, 'User'),
(312, 19, 79, 'User'),
(313, 19, 90, 'User'),
(314, 19, 95, 'User'),
(315, 19, 96, 'User'),
(316, 19, 103, 'User'),
(317, 19, 107, 'User'),
(318, 19, 111, 'User'),
(319, 19, 115, 'User'),
(320, 19, 116, 'User'),
(321, 19, 126, 'User'),
(322, 19, 127, 'User'),
(323, 19, 133, 'User'),
(324, 19, 136, 'User'),
(325, 19, 137, 'User'),
(326, 19, 142, 'User'),
(327, 19, 144, 'User'),
(328, 19, 149, 'User'),
(329, 19, 150, 'User'),
(330, 19, 163, 'User'),
(331, 19, 166, 'User'),
(332, 19, 176, 'User'),
(333, 19, 181, 'User'),
(334, 19, 185, 'User'),
(335, 19, 186, 'User'),
(336, 19, 188, 'User'),
(337, 19, 198, 'User'),
(338, 19, 205, 'User'),
(339, 19, 209, 'User'),
(340, 19, 214, 'User'),
(341, 19, 216, 'User'),
(342, 19, 222, 'User'),
(343, 19, 229, 'User'),
(344, 19, 235, 'User'),
(345, 19, 240, 'User'),
(346, 19, 244, 'User'),
(347, 19, 249, 'User'),
(348, 19, 250, 'User'),
(349, 19, 251, 'User'),
(350, 19, 254, 'User'),
(351, 19, 258, 'User'),
(352, 19, 262, 'User'),
(353, 19, 269, 'User'),
(354, 19, 278, 'User');

-- --------------------------------------------------------

--
-- Структура таблицы `Structure`
--

CREATE TABLE `Structure` (
  `id` int(11) NOT NULL,
  `title` varchar(150) DEFAULT NULL,
  `parent_id` int(11) NOT NULL DEFAULT '0',
  `path` varchar(100) DEFAULT NULL,
  `action` varchar(100) DEFAULT NULL,
  `template_id` int(11) DEFAULT NULL,
  `description` text,
  `children_name` varchar(255) DEFAULT NULL,
  `active` int(11) NOT NULL DEFAULT '1',
  `menu_id` int(11) NOT NULL,
  `sorting` int(11) NOT NULL DEFAULT '0',
  `meta_title` varchar(100) DEFAULT NULL,
  `meta_description` text,
  `meta_keywords` varchar(100) DEFAULT NULL
) ENGINE=InnoDB DEFAULT CHARSET=utf8;

--
-- Дамп данных таблицы `Structure`
--

INSERT INTO `Structure` (`id`, `title`, `parent_id`, `path`, `action`, `template_id`, `description`, `children_name`, `active`, `menu_id`, `sorting`, `meta_title`, `meta_description`, `meta_keywords`) VALUES
(1, 'Магазин', 0, 'shop', 'catalog', 5, 'Интернет-магазин', 'Structure_Item', 1, 0, 1000, '', '', ''),
(2, 'Спорт', 1, 'sport', 'catalog', 5, '', 'Structure_Item', 1, 0, 0, '', '', ''),
(3, 'Теннис', 2, 'tennis', 'catalog', 5, '', 'Structure_Item', 1, 0, 0, '', '', ''),
(4, 'Футбол', 2, 'football', 'catalog', 5, '', 'Structure_Item', 1, 0, 0, '', '', ''),
(5, 'Панель управления musadm', 0, '', 'musadm/index', 4, '', '', 1, 1, 10, '', '', ''),
(6, 'Административный раздел', 0, 'admin', 'admin/index', 3, '', '', 1, 0, 0, '', '', ''),
(7, 'Пользователи', 5, 'user', 'musadm/user/index', 4, '', 'User_Group', 1, 1, 10, '', '', ''),
(8, 'Иерархия классов', 9, 'models', 'documentation/models', 1, 'Общая структура системы. Описание стандартных классов, их свойств и методов.', '', 1, 0, 0, '', '', ''),
(9, 'Документация', 0, 'documentation', 'documentation/index', 1, 'Руководство по использованию системы', '', 1, 0, 100, '', '', ''),
(14, 'Вход', 5, 'authorize', 'musadm/authorize', 1, '', '', 1, 0, 0, '', '', ''),
(15, 'Спорт2', 1, '', '', 0, '', '', 1, 0, 0, NULL, NULL, NULL),
(16, 'Спорт3', 1, '', '', 0, '', '', 1, 0, 0, NULL, NULL, NULL),
(17, 'Спорт4', 1, '', '', 0, '', '', 1, 0, 0, NULL, NULL, NULL),
(18, 'Спорт5', 1, '', '', 0, '', '', 1, 0, 0, NULL, NULL, NULL),
(19, 'Скрипт обновления данных о пользователях', 0, 'refreshusers', 'index', 5, 'Раздел для тестирования различного функционала или отладки ', '', 1, 0, 1000, NULL, NULL, NULL),
(20, 'Авторизация', 6, 'authorize', 'admin/auth', 3, 'Страница авторизации для административного раздела', '', 1, 0, 0, NULL, NULL, NULL),
(22, 'Группы', 5, 'groups', 'musadm/index', 4, '', 'Structure_Item', 1, 1, 20, NULL, NULL, NULL),
(23, 'Расписание', 5, 'schedule', 'musadm/index', 4, '', 'Structure_Item', 1, 1, 30, NULL, NULL, NULL);

-- --------------------------------------------------------

--
-- Структура таблицы `Structure_Item`
--

CREATE TABLE `Structure_Item` (
  `id` int(11) NOT NULL,
  `title` varchar(150) NOT NULL,
  `parent_id` int(11) NOT NULL DEFAULT '0',
  `description` text,
  `active` int(11) NOT NULL DEFAULT '1',
  `meta_title` varchar(100) DEFAULT NULL,
  `meta_description` text,
  `meta_keywords` varchar(100) DEFAULT NULL,
  `path` varchar(50) DEFAULT NULL,
  `sorting` int(11) NOT NULL DEFAULT '0'
) ENGINE=InnoDB DEFAULT CHARSET=utf8;

--
-- Дамп данных таблицы `Structure_Item`
--

INSERT INTO `Structure_Item` (`id`, `title`, `parent_id`, `description`, `active`, `meta_title`, `meta_description`, `meta_keywords`, `path`, `sorting`) VALUES
(1, 'Футбольный мячь', 4, '', 1, 'SEO title', 'SEO описание', 'SEO ключевые слова', '1', 0),
(2, 'Кросовки Nike', 4, '', 1, '', '', '', '2', 0),
(3, 'Название', 1, NULL, 1, NULL, NULL, NULL, '', 0),
(4, 'Название2', 1, NULL, 1, NULL, NULL, NULL, '', 0),
(7, 'Новый элемент', 4, NULL, 1, NULL, NULL, NULL, '123', 100);

-- --------------------------------------------------------

--
-- Структура таблицы `User`
--

CREATE TABLE `User` (
  `id` int(11) NOT NULL,
  `name` varchar(255) NOT NULL DEFAULT '',
  `surname` varchar(255) NOT NULL DEFAULT '',
  `patronimyc` varchar(255) NOT NULL DEFAULT '',
  `phone_number` varchar(255) NOT NULL DEFAULT '',
  `email` varchar(255) NOT NULL DEFAULT '',
  `login` varchar(255) NOT NULL,
  `password` varchar(255) NOT NULL,
  `group_id` int(11) NOT NULL DEFAULT '2',
  `register_date` date NOT NULL,
  `active` int(11) NOT NULL DEFAULT '1',
  `superuser` int(11) NOT NULL DEFAULT '0'
) ENGINE=InnoDB DEFAULT CHARSET=utf8;

--
-- Дамп данных таблицы `User`
--

INSERT INTO `User` (`id`, `name`, `surname`, `patronimyc`, `phone_number`, `email`, `login`, `password`, `group_id`, `register_date`, `active`, `superuser`) VALUES
(1, 'Егор', 'Козырев', 'Алексеевич', '8-980-378-28-56', 'creative27016@gmail.com', 'alexoufx', '4a7d1ed414474e4033ac29ccb8653d9b', 1, '2018-04-17', 1, 1),
(2, 'Александр', 'Булгаков', '', '+79087801122', '', 'БА', 'd93591bdf7860e1e4ee2fca799911215', 4, '2018-04-17', 1, 0),
(3, 'Оксана', 'Полтева', '', '+79205764079', '', 'ПО', 'd93591bdf7860e1e4ee2fca799911215', 4, '2018-04-17', 1, 0),
(4, 'Алина', 'Романович', '', '+79192882062', '', 'РА', 'd93591bdf7860e1e4ee2fca799911215', 4, '2018-04-17', 1, 0),
(5, 'Артур', 'Герус', 'Андреевич', '30-18-77', '', 'd', '8277e0910d750195b448797616e091ad', 1, '2018-04-17', 1, 1),
(6, 'Дарья', 'Черных', '', '+79155665673', '', 'ЧД', 'd93591bdf7860e1e4ee2fca799911215', 4, '2018-04-17', 1, 0),
(7, 'Руслан', 'Галяутдинов', '', '+79202090014', '', 'ГР', 'd93591bdf7860e1e4ee2fca799911215', 4, '2018-04-17', 1, 0),
(8, 'Карина', 'Белякова', '', '+79155601114', '', 'БК', 'd93591bdf7860e1e4ee2fca799911215', 4, '2018-04-17', 1, 0),
(9, 'Владимир', 'Варжавинов', '', '+79606336651', '', 'ВВ', 'd93591bdf7860e1e4ee2fca799911215', 4, '2018-04-17', 1, 0),
(10, 'Вадим', 'Фёдоров', '', '+79092019737', '', 'ФВ', 'd93591bdf7860e1e4ee2fca799911215', 4, '2018-04-17', 1, 0),
(11, 'Андрей', 'Матвиенко', '', '+79045311244', '', 'МА', 'd93591bdf7860e1e4ee2fca799911215', 4, '2018-04-17', 1, 0),
(12, 'Андрей', 'Жуйков', '', '+79040872458', '', 'ЖА', 'd93591bdf7860e1e4ee2fca799911215', 4, '2018-04-17', 1, 0),
(13, 'Айарпи', 'Джилавян', '', '+79606371162', '', 'ДА', 'd93591bdf7860e1e4ee2fca799911215', 4, '2018-04-17', 1, 0),
(14, 'Иван', 'Рымарев', '', '+79040904607', '', 'РИ', 'd93591bdf7860e1e4ee2fca799911215', 4, '2018-04-17', 1, 0),
(15, 'Максим', 'Рябых ', '', '+79611640794', '', 'РяМа', '81dc9bdb52d04dc20036dbd8313ed055', 5, '2018-04-17', 1, 0),
(16, 'Евгений', 'Байдиков', '', '9511340707', '', 'БаЕв', '81dc9bdb52d04dc20036dbd8313ed055', 5, '2018-04-17', 1, 0),
(17, 'Дмитрий', 'Тетюхин', '', '9107419097, мама9103295637', '', 'ТеДи', '81dc9bdb52d04dc20036dbd8313ed055', 5, '2018-04-17', 1, 0),
(18, 'Оксана', 'Захарова', '', '9511406093', '', 'ЗаОк', '81dc9bdb52d04dc20036dbd8313ed055', 5, '2018-04-17', 1, 0),
(19, 'Чавес', 'Дебора', '', '9205967925', '', 'ДеЧа', '81dc9bdb52d04dc20036dbd8313ed055', 5, '2018-04-17', 1, 0),
(20, 'Михаил', 'Диченко', '', '9040822225', '', 'ДиМи', '81dc9bdb52d04dc20036dbd8313ed055', 5, '2018-04-17', 0, 0),
(21, 'Дарья', 'Ведерникова', '', '9192884237', '', 'ВеДа', '81dc9bdb52d04dc20036dbd8313ed055', 5, '2018-04-17', 0, 0),
(22, 'Юлия', 'Савенкова', '', '9606323377', '', 'СаЮл', '81dc9bdb52d04dc20036dbd8313ed055', 5, '2018-04-17', 1, 0),
(23, 'Юлия', 'Дворецкая', '', '9155636799', '', 'ДвЮл', '81dc9bdb52d04dc20036dbd8313ed055', 5, '2018-04-17', 1, 0),
(24, 'Михаил', 'Кравцов', '', '9102237815, мама 9155274452', '', 'КрМи', '81dc9bdb52d04dc20036dbd8313ed055', 5, '2018-04-17', 1, 0),
(25, 'Ангелина', 'Тараник', '', '9803753021 папа', '', 'ТаАн', '81dc9bdb52d04dc20036dbd8313ed055', 5, '2018-04-17', 0, 0),
(26, 'Мария', 'Котова', '', '9192213076', '', 'КоПо', '81dc9bdb52d04dc20036dbd8313ed055', 5, '2018-04-17', 1, 0),
(27, 'Аврора', 'Мочалова', '', '9202002087', '', 'МоАв', '81dc9bdb52d04dc20036dbd8313ed055', 5, '2018-04-17', 1, 0),
(28, 'Карина', 'Чумак', '', '9092020721', '', 'ЧуКа', '81dc9bdb52d04dc20036dbd8313ed055', 5, '2018-04-17', 1, 0),
(29, 'Дмитрий', 'Сидлецкий', '', '9205792055', '', 'СиДм', '81dc9bdb52d04dc20036dbd8313ed055', 5, '2018-04-17', 1, 0),
(30, 'Денис', 'Егоров', '', '9155730675', '', 'ЕгДе', '81dc9bdb52d04dc20036dbd8313ed055', 5, '2018-04-17', 1, 0),
(31, 'Варвара', 'Худасова', '', '9087814060', '', 'ХуВа', '81dc9bdb52d04dc20036dbd8313ed055', 5, '2018-04-17', 0, 0),
(32, 'Ирина', 'Васильченко', '', '9092055444', '', 'ВаИр', '81dc9bdb52d04dc20036dbd8313ed055', 5, '2018-04-17', 1, 0),
(33, 'Даниил', 'Немыкин', '', '9065654967', '', 'НеДа', '81dc9bdb52d04dc20036dbd8313ed055', 5, '2018-04-17', 1, 0),
(34, 'Андрей', 'Кузьмичев', '', '9040908554, мама9511592054', '', 'КуАн', '81dc9bdb52d04dc20036dbd8313ed055', 5, '2018-04-17', 1, 0),
(35, 'Ксения', 'Игнатова', '', '9040941155', '', 'ИгКс', '81dc9bdb52d04dc20036dbd8313ed055', 5, '2018-04-17', 1, 0),
(36, 'Мария', 'Косухина', '', '9202065482, 9192850039', '', 'КоМа', '81dc9bdb52d04dc20036dbd8313ed055', 5, '2018-04-17', 1, 0),
(37, 'Марина', 'Орлова', '', '9066005833', '', 'ОрМа', '81dc9bdb52d04dc20036dbd8313ed055', 5, '2018-04-17', 0, 0),
(38, 'Алиса', 'Дорохова', '', '9155750794', '', 'ДоАл', '81dc9bdb52d04dc20036dbd8313ed055', 5, '2018-04-17', 1, 0),
(39, 'Константин', 'Баландин', '', '9524349900', '', 'БаКо', '81dc9bdb52d04dc20036dbd8313ed055', 5, '2018-04-17', 1, 0),
(40, 'Анна', 'Корнеева', '', '9805291851', '', 'КоАн', '81dc9bdb52d04dc20036dbd8313ed055', 5, '2018-04-17', 0, 0),
(41, 'Светлана', 'Лукашова', '', '9511469962', '', 'ЛуСв', '81dc9bdb52d04dc20036dbd8313ed055', 5, '2018-04-17', 1, 0),
(42, 'София', 'Корнеева ', '', '9805291851', '', 'КоСо', '81dc9bdb52d04dc20036dbd8313ed055', 5, '2018-04-17', 0, 0),
(43, 'Диляра', 'Новак', '', '9606404124', '', 'НоДи', '81dc9bdb52d04dc20036dbd8313ed055', 5, '2018-04-17', 1, 0),
(44, 'Лия', 'Склярова', '', '9092094948', '', 'СкЛи', '81dc9bdb52d04dc20036dbd8313ed055', 5, '2018-04-17', 0, 0),
(45, 'Елизавета', 'Потатушкина', '', '9155764370', '', 'ПоЕл', '81dc9bdb52d04dc20036dbd8313ed055', 5, '2018-04-17', 1, 0),
(46, 'Евгения', 'Цветкова', '', '9611777964', '', 'ЦвЕв', '81dc9bdb52d04dc20036dbd8313ed055', 5, '2018-04-17', 0, 0),
(47, 'Алина', 'Глебова', '', '9805253750', '', 'ГлАн', '81dc9bdb52d04dc20036dbd8313ed055', 5, '2018-04-17', 1, 0),
(48, 'Алексей', 'Горошко', '', '9192822866', '', 'ГоАл', '81dc9bdb52d04dc20036dbd8313ed055', 5, '2018-04-17', 1, 0),
(49, 'Виолетта', 'Корсакова', '', 'мама9192250899, 9194365532', '', 'КоВи', '81dc9bdb52d04dc20036dbd8313ed055', 5, '2018-04-17', 1, 0),
(50, 'Екатерина', 'Лозовская', '', '9606753635', '', 'ЛоЕк', '81dc9bdb52d04dc20036dbd8313ed055', 5, '2018-04-17', 0, 0),
(51, 'Наталья', 'Павлик', '', '9066048283', '', 'ПаНа', '81dc9bdb52d04dc20036dbd8313ed055', 5, '2018-04-17', 0, 0),
(52, 'Анастасия', 'Арчибасова', '', '9606262562', '', 'АрАн', '81dc9bdb52d04dc20036dbd8313ed055', 5, '2018-04-17', 1, 0),
(53, 'Виктория', 'Думанова', '', '9205665205', '', 'ДуВи', '81dc9bdb52d04dc20036dbd8313ed055', 5, '2018-04-17', 1, 0),
(54, 'Ольга', 'Малькова', '', '9102258020', '', 'МаОл', '81dc9bdb52d04dc20036dbd8313ed055', 5, '2018-04-17', 1, 0),
(55, 'Алёна', 'Баймакова', '', '9092043065', '', 'БаАл', '81dc9bdb52d04dc20036dbd8313ed055', 5, '2018-04-17', 1, 0),
(56, 'Алиса', 'Лылова', '', '', '', 'ЛыАл', '81dc9bdb52d04dc20036dbd8313ed055', 5, '2018-04-17', 1, 0),
(57, 'Константин', 'Клёсов', '', '9040816850', '', 'КлКо', '81dc9bdb52d04dc20036dbd8313ed055', 5, '2018-04-17', 1, 0),
(58, 'Анна', 'Лылова', '', '9192273040', '', 'ЛыАн', '81dc9bdb52d04dc20036dbd8313ed055', 5, '2018-04-17', 1, 0),
(59, 'Владимир', 'Кузнецов', '', '9205750117', '', 'КуВл', '81dc9bdb52d04dc20036dbd8313ed055', 5, '2018-04-17', 0, 0),
(60, 'Владислав', 'Егоров ', '', '9155730675мама, 9803937117мама', '', 'ЕгВл', '81dc9bdb52d04dc20036dbd8313ed055', 5, '2018-04-17', 1, 0),
(61, 'Анастасия', 'Жарикова', '', '9087820943', '', 'ЖаАн', '81dc9bdb52d04dc20036dbd8313ed055', 5, '2018-04-17', 1, 0),
(62, 'София', 'Курбатова', '', '9087870319', '', 'КуСо', '81dc9bdb52d04dc20036dbd8313ed055', 5, '2018-04-17', 0, 0),
(63, 'Анастасия', 'Пыркина', '', '9056737739', '', 'ПыАн', '81dc9bdb52d04dc20036dbd8313ed055', 5, '2018-04-17', 1, 0),
(64, 'Оксана', 'Зиневич', '', '9194374668', '', 'ЗиОк', '81dc9bdb52d04dc20036dbd8313ed055', 5, '2018-04-17', 1, 0),
(65, 'Екатерина', 'Кобзева', '', '9524331330', '', 'КоЕк', '81dc9bdb52d04dc20036dbd8313ed055', 5, '2018-04-17', 1, 0),
(66, 'Кирилл', 'Катаржнов', '', '9517624136', '', 'КаКи', '81dc9bdb52d04dc20036dbd8313ed055', 5, '2018-04-17', 0, 0),
(67, 'Жаломба', 'Селештино', '', '9155297143', '', 'СеЖа', '81dc9bdb52d04dc20036dbd8313ed055', 5, '2018-04-17', 1, 0),
(68, 'Ася', 'Дугнист', '', '9087867792', '', 'ДуАс', '81dc9bdb52d04dc20036dbd8313ed055', 5, '2018-04-17', 1, 0),
(69, 'Кирилл', 'Пивнев', '', '9524399874', '', 'ПиКи', '81dc9bdb52d04dc20036dbd8313ed055', 5, '2018-04-17', 1, 0),
(70, 'Ангелина', 'Клочева', '', '9205815530', '', 'КлАн', '81dc9bdb52d04dc20036dbd8313ed055', 5, '2018-04-17', 0, 0),
(71, 'Кристина', 'Гудкова', '', '9995190691', '', 'ГуКр', '81dc9bdb52d04dc20036dbd8313ed055', 5, '2018-04-17', 0, 0),
(72, 'Елена', 'Сухобрус', '', '9036424424', '', 'СуЕл', '81dc9bdb52d04dc20036dbd8313ed055', 5, '2018-04-17', 0, 0),
(73, 'Мурадлы', 'Фидан', '', 'мама9524205114, 9803261145', '', 'ФиМу', '81dc9bdb52d04dc20036dbd8313ed055', 5, '2018-04-17', 0, 0),
(74, 'Марина', 'Ерофеева', '', '9205896526', '', 'ЕрМа', '81dc9bdb52d04dc20036dbd8313ed055', 5, '2018-04-17', 0, 0),
(75, 'Наталья', 'Васильева', '', '9192877530', '', 'ВаНа', '81dc9bdb52d04dc20036dbd8313ed055', 5, '2018-04-17', 1, 0),
(76, 'Юлианна', 'Пронина', '', '9202653722', '', 'ПрЮл', '81dc9bdb52d04dc20036dbd8313ed055', 5, '2018-04-17', 0, 0),
(77, 'Наталья', 'Масс', '', '9606267288', '', 'МаНа', '81dc9bdb52d04dc20036dbd8313ed055', 5, '2018-04-17', 1, 0),
(78, 'Светлана', 'Исаева', '', '9102264633', '', 'ИсСв', '81dc9bdb52d04dc20036dbd8313ed055', 5, '2018-04-17', 1, 0),
(79, 'Анатолий', 'Самокиша', '', '9205768223, папа9623082588', '', 'СаАн', '81dc9bdb52d04dc20036dbd8313ed055', 5, '2018-04-17', 0, 0),
(80, 'Светлана', 'Саак', '', '9202001717', '', 'СаСв', '81dc9bdb52d04dc20036dbd8313ed055', 5, '2018-04-17', 1, 0),
(81, 'Ирина', 'Шилова', '', '9102288507', '', 'ШиИр', '81dc9bdb52d04dc20036dbd8313ed055', 5, '2018-04-17', 1, 0),
(82, 'Алина', 'Малькова', '', '9040862858', '', 'МаАл', '81dc9bdb52d04dc20036dbd8313ed055', 5, '2018-04-17', 1, 0),
(83, 'Оксана', 'Гринько', '', '9103263030', '', 'ГрОк', '81dc9bdb52d04dc20036dbd8313ed055', 5, '2018-04-17', 1, 0),
(84, 'Владислав', 'Цунаев', '', '9803255558', '', 'ЦуВл', '81dc9bdb52d04dc20036dbd8313ed055', 5, '2018-04-17', 0, 0),
(85, 'Екатерина', 'Швецова', '', '9087811417', '', 'ШвЕк', '81dc9bdb52d04dc20036dbd8313ed055', 5, '2018-04-17', 1, 0),
(86, 'Яна', 'Акиньшина', '', '89511357177', '', 'АкЯн', '81dc9bdb52d04dc20036dbd8313ed055', 5, '2018-04-17', 1, 0),
(87, 'Юлия', 'Фролова', '', 'мама9611737216, 9606305470', '', 'ФрЮл', '81dc9bdb52d04dc20036dbd8313ed055', 5, '2018-04-17', 1, 0),
(88, 'Алина', 'Гунько', '', '9103611195', '', 'ГуАл', '81dc9bdb52d04dc20036dbd8313ed055', 5, '2018-04-17', 0, 0),
(89, 'Ольга', 'Славная', '', '9040877121', '', 'СлОл', '81dc9bdb52d04dc20036dbd8313ed055', 5, '2018-04-17', 0, 0),
(90, 'Юлия', 'Довбыш', '', '9066004550', '', 'ДоЮл', '81dc9bdb52d04dc20036dbd8313ed055', 5, '2018-04-17', 1, 0),
(91, 'Анна', 'Ермолина', '', '9092035014', '', 'ЕрАн', '81dc9bdb52d04dc20036dbd8313ed055', 5, '2018-04-17', 1, 0),
(92, 'Сергей', 'Миронов', '', '9155257009 9087897257, мама 9803242721', '', 'МиСе', '81dc9bdb52d04dc20036dbd8313ed055', 5, '2018-04-17', 1, 0),
(93, 'Маргарита', 'Кононова', '', '9194375899', '', 'КонМа', '81dc9bdb52d04dc20036dbd8313ed055', 5, '2018-04-17', 1, 0),
(94, 'Ксения', 'Миженина', '', '9107372122', '', 'МиКс', '81dc9bdb52d04dc20036dbd8313ed055', 5, '2018-04-17', 1, 0),
(95, 'Дарья', 'Еремина', '', '9087811270', '', 'ЕрДа', '81dc9bdb52d04dc20036dbd8313ed055', 5, '2018-04-17', 1, 0),
(96, 'Анна', 'Арчибасова', '', '', '', 'АрчАн', '81dc9bdb52d04dc20036dbd8313ed055', 5, '2018-04-17', 1, 0),
(97, 'Сергей', 'Картамышев', '', '9045334421', '', 'КаСе', '81dc9bdb52d04dc20036dbd8313ed055', 5, '2018-04-17', 1, 0),
(98, 'Екатерина', 'Лаврова', '', 'анкет9045307762, осн9040883998 ', '', 'ЛаЕк', '81dc9bdb52d04dc20036dbd8313ed055', 5, '2018-04-17', 0, 0),
(99, 'Алексей', 'Евтушенко', '', '9087826599', '', 'ЕвАл', '81dc9bdb52d04dc20036dbd8313ed055', 5, '2018-04-17', 0, 0),
(100, 'Вадим', 'Баранов', '', '9155271114', '', 'БаВа', '81dc9bdb52d04dc20036dbd8313ed055', 5, '2018-04-17', 1, 0),
(101, 'Дмитрий', 'Тагиев', '', 'мама9045369383, 9080806456', '', 'ТаДм', '81dc9bdb52d04dc20036dbd8313ed055', 5, '2018-04-17', 1, 0),
(102, 'Юлия', 'Дель', '', '9805269096', '', 'ДеЮл', '81dc9bdb52d04dc20036dbd8313ed055', 5, '2018-04-17', 0, 0),
(103, 'Владислав', 'Краснов', '', '9202012313', '', 'КрВл', '81dc9bdb52d04dc20036dbd8313ed055', 5, '2018-04-17', 0, 0),
(104, 'Ирина', 'Пуляева', '', '9205825195, 9384065884', '', 'ПуИр', '81dc9bdb52d04dc20036dbd8313ed055', 5, '2018-04-17', 0, 0),
(105, 'Владислав', 'Шейченко', '', '9611704948, мама9036421971', '', 'ШеВл', '0c5ee874d959db97d11a16d9f4564e85', 5, '2018-04-17', 1, 0),
(106, 'Анастасия', 'Зубарева', '', '', '', 'ЗуАн', '81dc9bdb52d04dc20036dbd8313ed055', 5, '2018-04-17', 1, 0),
(107, 'Радмила', 'Мартынова', '', '9803772116, 9107414966', '', 'МаРа', '81dc9bdb52d04dc20036dbd8313ed055', 5, '2018-04-17', 1, 0),
(108, 'Ольга', 'Сырвачева', '', '9087890517', '', 'СыОл', '81dc9bdb52d04dc20036dbd8313ed055', 5, '2018-04-17', 0, 0),
(109, 'Вадим', 'Ляпин', '', '9155688019мама', '', 'ЛяВа', '81dc9bdb52d04dc20036dbd8313ed055', 5, '2018-04-17', 1, 0),
(110, 'Дарья', 'Сидорова', '', '9511326444', '', 'СиДа', '81dc9bdb52d04dc20036dbd8313ed055', 5, '2018-04-17', 1, 0),
(111, 'Екатерина', 'Раушенбах', '', '', '', 'РаЕк', '81dc9bdb52d04dc20036dbd8313ed055', 5, '2018-04-17', 0, 0),
(112, 'Павел', 'Сайганов', '', '+79290028122, +79040859023', '', 'СП', 'd93591bdf7860e1e4ee2fca799911215', 4, '2018-04-17', 1, 0),
(113, 'Марина', 'Резникова', '', '9304000564', '', 'РеМа', '81dc9bdb52d04dc20036dbd8313ed055', 5, '2018-04-17', 0, 0),
(114, 'Егор', 'Попов', '', '9194307480, 9155783090', '', 'ПоЕг', '81dc9bdb52d04dc20036dbd8313ed055', 5, '2018-04-17', 1, 0),
(115, 'Римма', 'Ремизова', '', '9202068712', '', 'РеРи', '81dc9bdb52d04dc20036dbd8313ed055', 5, '2018-04-17', 1, 0),
(116, 'Маргарита', 'Ремизова', '', '9202044725', '', 'РемМа', '81dc9bdb52d04dc20036dbd8313ed055', 5, '2018-04-17', 1, 0),
(117, 'Игорь', 'Самойлов', '', '9038845902', '', 'СаИг', '81dc9bdb52d04dc20036dbd8313ed055', 5, '2018-04-17', 0, 0),
(118, 'Елена', 'Сидоренко', '', '9192870280', '', 'СиЕл', '81dc9bdb52d04dc20036dbd8313ed055', 5, '2018-04-17', 0, 0),
(119, 'Анастасия', 'Сидорова', '', '9155750240', '', 'СиАн', '81dc9bdb52d04dc20036dbd8313ed055', 5, '2018-04-17', 1, 0),
(120, 'Дмитрий', 'Сорокин', '', '9611728486', '', 'СоДм', '81dc9bdb52d04dc20036dbd8313ed055', 5, '2018-04-17', 1, 0),
(121, 'Ольга', 'Тодощук', '', '9205545813', '', 'ТоОл', '81dc9bdb52d04dc20036dbd8313ed055', 5, '2018-04-17', 0, 0),
(122, 'Егор', 'Тулинов', '', 'мама9065668548', '', 'ТуЕг', '81dc9bdb52d04dc20036dbd8313ed055', 5, '2018-04-17', 1, 0),
(123, 'Александр', 'Токач', '', 'мама9103221771, 9103641033', '', 'ТоАл', '81dc9bdb52d04dc20036dbd8313ed055', 5, '2018-04-17', 1, 0),
(124, 'Наталья', 'Цыбенко', '', '9102206629', '', 'ЦыНа', '81dc9bdb52d04dc20036dbd8313ed055', 5, '2018-04-17', 0, 0),
(125, 'Марина', 'Цыкал', '', '9277440137, 9205921682', '', 'ЦыМа', '81dc9bdb52d04dc20036dbd8313ed055', 5, '2018-04-17', 1, 0),
(126, 'Алина', 'Ширшова', '', '9645813172, 9045300028', '', 'ШиАл', '81dc9bdb52d04dc20036dbd8313ed055', 5, '2018-04-17', 1, 0),
(127, 'Вадим', 'Пелихов', '', '9205626488', '', 'ПеВа', '81dc9bdb52d04dc20036dbd8313ed055', 5, '2018-04-17', 1, 0),
(128, 'Михаил', 'Лагуткин', '', '9524398242', '', 'ЛаМи', '81dc9bdb52d04dc20036dbd8313ed055', 5, '2018-04-17', 0, 0),
(129, 'Валентин', 'Слюсарев', '', '9040909913', '', 'СлВа', '81dc9bdb52d04dc20036dbd8313ed055', 5, '2018-04-17', 1, 0),
(130, 'Аким', 'Дмитриев', '', '9511411474', '', 'ДмАк', '81dc9bdb52d04dc20036dbd8313ed055', 5, '2018-04-17', 1, 0),
(131, 'Валерий', 'Нерсисян', '', '9803738628', '', 'НеВа', '81dc9bdb52d04dc20036dbd8313ed055', 5, '2018-04-17', 0, 0),
(132, 'Григорий', 'Орлов', '', '9103609153', '', 'ОрГр', '81dc9bdb52d04dc20036dbd8313ed055', 5, '2018-04-17', 1, 0),
(133, 'Санчес', 'Матеус', '', '9205967925', '', 'МаСа', '81dc9bdb52d04dc20036dbd8313ed055', 5, '2018-04-17', 1, 0),
(134, 'Владислав', 'Литвинов', '', '9205559706, мама 9205843920', '', 'ЛиВл', '81dc9bdb52d04dc20036dbd8313ed055', 5, '2018-04-17', 0, 0),
(135, 'Илья', 'Наумов', '', '9202046538', '', 'НаИл', '81dc9bdb52d04dc20036dbd8313ed055', 5, '2018-04-17', 0, 0),
(136, 'Дарина', 'Леонова', '', '9202009909', '', 'ЛеДа', '81dc9bdb52d04dc20036dbd8313ed055', 5, '2018-04-17', 0, 0),
(137, 'Алиса', 'Кудрявцева', '', '9517600055', '', 'КуАл', '81dc9bdb52d04dc20036dbd8313ed055', 5, '2018-04-17', 1, 0),
(138, 'Александр', 'Кравченко', '', '9205556546', '', 'КрАл', '81dc9bdb52d04dc20036dbd8313ed055', 5, '2018-04-17', 0, 0),
(139, 'Кирилл', 'Гнаповский', '', '9103667703', '', 'ГнКи', '81dc9bdb52d04dc20036dbd8313ed055', 5, '2018-04-17', 1, 0),
(140, 'Дарья', 'Остапенко', '', '9202079686, мама 9524312072', '', 'ОсДа', '81dc9bdb52d04dc20036dbd8313ed055', 5, '2018-04-17', 0, 0),
(141, 'Василий', 'Девятов', '', '9102267886, 9205699500', '', 'ДеВа', '81dc9bdb52d04dc20036dbd8313ed055', 5, '2018-04-17', 1, 0),
(142, 'Ярослав', 'Истрашкин', '', '9517692499мама', '', 'ИсЯр', '81dc9bdb52d04dc20036dbd8313ed055', 5, '2018-04-17', 0, 0),
(143, 'Арсений', 'Коренев', '', 'водитель 9103206069', '', 'КоАр', '81dc9bdb52d04dc20036dbd8313ed055', 5, '2018-04-17', 0, 0),
(144, 'Дмитрий', 'Климов', '', '9511525097', '', 'КлДм', '81dc9bdb52d04dc20036dbd8313ed055', 5, '2018-04-17', 1, 0),
(145, 'Ульяна', 'Егорова', '', '9155716692', '', 'ЕгУл', '81dc9bdb52d04dc20036dbd8313ed055', 5, '2018-04-17', 1, 0),
(146, 'Дарья', 'Дадыка', '', 'вк', '', 'ДаДа', '81dc9bdb52d04dc20036dbd8313ed055', 5, '2018-04-17', 0, 0),
(147, 'Александр', 'Гамза', '', '9125544369', '', 'ГаАл', '81dc9bdb52d04dc20036dbd8313ed055', 5, '2018-04-17', 0, 0),
(148, 'Валерия', 'Гончарова', '', '9155254048', '', 'ГоВа', '743eb81dee5d44b69d11e9739ac78b27', 5, '2018-04-17', 1, 0),
(149, 'Павел', 'Шуленин', '', 'мама9205698623, 9205733776', '', 'ШуПа', '81dc9bdb52d04dc20036dbd8313ed055', 5, '2018-04-17', 1, 0),
(150, 'Валерий', 'Бескровный', '', '9524231323', '', 'БеВа', '81dc9bdb52d04dc20036dbd8313ed055', 5, '2018-04-17', 1, 0),
(151, 'Татьяна', 'Орлова', '', '9056704351', '', 'ОрТа', '81dc9bdb52d04dc20036dbd8313ed055', 5, '2018-04-17', 0, 0),
(152, 'Вера', 'Мартынюк', '', '9045303768папа 89040929827', '', 'МаВе', '81dc9bdb52d04dc20036dbd8313ed055', 5, '2018-04-17', 1, 0),
(153, 'Ирина', 'Овсиенко', '', '9517613513', '', 'ОвИр', '81dc9bdb52d04dc20036dbd8313ed055', 5, '2018-04-17', 0, 0),
(154, 'Дмитрий', 'Бутенко', '', '9205541023', '', 'БуДм', '81dc9bdb52d04dc20036dbd8313ed055', 5, '2018-04-17', 0, 0),
(155, 'Артём', 'Серёгин', '', '', '', 'СеАр', '81dc9bdb52d04dc20036dbd8313ed055', 5, '2018-04-17', 0, 0),
(156, 'Иван', 'Дементьев', '', '9205925424', '', 'ДеИв', '81dc9bdb52d04dc20036dbd8313ed055', 5, '2018-04-17', 0, 0),
(157, 'Вячеслав', 'Раков', '', '+79107366746', '', 'РаВя', '81dc9bdb52d04dc20036dbd8313ed055', 5, '2018-04-17', 1, 0),
(158, 'Михаил', 'Михайленко', '', '+79087801127', '', 'МиМи', '81dc9bdb52d04dc20036dbd8313ed055', 5, '2018-04-17', 1, 0),
(159, 'Светлана', 'Свидовская', '', '9511363580', '', 'СвСв', '81dc9bdb52d04dc20036dbd8313ed055', 5, '2018-04-17', 0, 0),
(160, 'Станислав', 'Звонов', '', '9803711540, 9066009119', '', 'ЗвСт', '81dc9bdb52d04dc20036dbd8313ed055', 5, '2018-04-17', 1, 0),
(161, 'Егор', 'Крючков', '', '9202056051', '', 'КрЕг', '81dc9bdb52d04dc20036dbd8313ed055', 5, '2018-04-17', 0, 0),
(162, 'Виталий', 'Макеев', '', '9065663579', '', 'МВ', 'd93591bdf7860e1e4ee2fca799911215', 4, '2018-04-17', 1, 0),
(163, 'Герман', 'Семёнов', '', '9102204713', '', 'СеГе', '81dc9bdb52d04dc20036dbd8313ed055', 5, '2018-04-17', 1, 0),
(164, 'Ирина', 'Бойченко', '', '9148554126', '', 'БоИр', '81dc9bdb52d04dc20036dbd8313ed055', 5, '2018-04-17', 0, 0),
(165, 'Андрей', 'Ракитин', '', '9205720150', '', 'РаАн', '81dc9bdb52d04dc20036dbd8313ed055', 5, '2018-04-17', 0, 0),
(166, 'Дмитрий', 'Лебеденко', '', '9066059995', '', 'ЛеДм', '81dc9bdb52d04dc20036dbd8313ed055', 5, '2018-04-17', 0, 0),
(167, 'Денис', 'Гнездилов', '', '9192243506', '', 'ГнДе', '81dc9bdb52d04dc20036dbd8313ed055', 5, '2018-04-17', 1, 0),
(168, 'София', 'Полтева', '', '', '', 'ПолСо', '81dc9bdb52d04dc20036dbd8313ed055', 5, '2018-04-17', 1, 0),
(169, 'Оксана', 'Полтева', '', '', '', 'ПолОк', '81dc9bdb52d04dc20036dbd8313ed055', 5, '2018-04-17', 1, 0),
(170, 'сультация', 'кон', '', '', '', 'консул', '9ab436ca9482f1cfcaee53cc1a6ab7c1', 5, '2018-04-17', 1, 0),
(171, 'Илья', 'Солдаткин ', '', '9803886673', '', 'СоИл', '81dc9bdb52d04dc20036dbd8313ed055', 5, '2018-04-17', 0, 0),
(172, 'Ярослав', 'Лебеденко', '', '9038860555', '', 'ЛеЯр', '81dc9bdb52d04dc20036dbd8313ed055', 5, '2018-04-17', 1, 0),
(173, 'Виктория', 'Будько', '', '9087828685', '', 'БуВи', '81dc9bdb52d04dc20036dbd8313ed055', 5, '2018-04-17', 1, 0),
(174, 'Игорь', 'Качук', '', '9030246755', '', 'КаИг', '81dc9bdb52d04dc20036dbd8313ed055', 5, '2018-04-17', 1, 0),
(175, 'Лусине', 'Шахвердян', '', '9102287787', '', 'ШаЛу', '81dc9bdb52d04dc20036dbd8313ed055', 5, '2018-04-17', 1, 0),
(176, 'Вадим', 'Юдин', '', '9103231177', '', 'ЮдВа', '81dc9bdb52d04dc20036dbd8313ed055', 5, '2018-04-17', 0, 0),
(177, 'Елена', 'Щетинина', '', '9036420233', '', 'ЩеЕл', '81dc9bdb52d04dc20036dbd8313ed055', 5, '2018-04-17', 1, 0),
(178, 'Подготовка', 'Само', '', '', '', 'Самопод', '81dc9bdb52d04dc20036dbd8313ed055', 5, '2018-04-17', 1, 0),
(179, 'Маргарита', 'Харисова', '', '89155799809', '', 'ХаМа', '81dc9bdb52d04dc20036dbd8313ed055', 5, '2018-04-17', 0, 0),
(180, 'Алексей', 'Лагутин ', '', '89192221177', '', 'ЛаАл', '81dc9bdb52d04dc20036dbd8313ed055', 5, '2018-04-17', 1, 0),
(181, 'Елизавета', 'Лагутина', '', '', '', 'ЛаЕл', '81dc9bdb52d04dc20036dbd8313ed055', 5, '2018-04-17', 1, 0),
(182, 'Тест', 'Тест', '', '', '', 'тест', '81dc9bdb52d04dc20036dbd8313ed055', 4, '2018-04-17', 1, 0),
(183, 'Андрей', 'Кисенко', '', '89606326740', '', 'КиАн', '81dc9bdb52d04dc20036dbd8313ed055', 5, '2018-04-17', 1, 0),
(184, 'Ярослав', 'Гринякин', '', '89805211205мама 89087845511', '', 'ГрЯр', '81dc9bdb52d04dc20036dbd8313ed055', 5, '2018-04-17', 1, 0),
(185, 'Максим', 'Москаленко', '', '8-951-766-02-77', '', 'МоМа', '81dc9bdb52d04dc20036dbd8313ed055', 5, '2018-04-17', 1, 0),
(186, 'Дмитрий', 'Чаблин', '', '', '', 'ЧаДм', '81dc9bdb52d04dc20036dbd8313ed055', 5, '2018-04-17', 0, 0),
(187, 'Максим', 'Перепелица', '', '9155600680', '', 'ПеМа', '81dc9bdb52d04dc20036dbd8313ed055', 5, '2018-04-17', 0, 0),
(188, 'Александр', 'Щипцов', '', '9202003900, папа9250429770', '', 'ЩиАл', '81dc9bdb52d04dc20036dbd8313ed055', 5, '2018-04-17', 1, 0),
(189, 'Подготовка', 'Само', '', '', '', 'Само', 'efbab39a1edd45d202bb5add9a9df753', 4, '2018-04-17', 1, 0),
(190, 'Павел', 'Логвинов', '', '89192871619 мама', '', 'НоПа', '81dc9bdb52d04dc20036dbd8313ed055', 5, '2018-04-17', 1, 0),
(191, 'Анна', 'Зинькова', '', '9102251201', '', 'ЗиАн', '81dc9bdb52d04dc20036dbd8313ed055', 5, '2018-04-17', 1, 0),
(192, 'Марина', 'Субботина ', '', '89205536278', '', 'СуМа', '81dc9bdb52d04dc20036dbd8313ed055', 5, '2018-04-17', 1, 0),
(193, 'Виктория', 'Рвачева ', '', 'мама89194324808, папа9290000886, 9155742281', '', 'РвВи', '81dc9bdb52d04dc20036dbd8313ed055', 5, '2018-04-17', 1, 0),
(194, 'Евгений', 'Петровский ', '', '89517670658,89103244086 мама', '', 'ПеЕв', '81dc9bdb52d04dc20036dbd8313ed055', 5, '2018-04-17', 1, 0),
(195, 'Лариса', 'Зырянова', '', '89045349415', '', 'ЗыЛа', '81dc9bdb52d04dc20036dbd8313ed055', 5, '2018-04-17', 0, 0),
(196, 'Виктория', 'Бугаева', '', ' 89103275764', '', 'БугВи', '81dc9bdb52d04dc20036dbd8313ed055', 5, '2018-04-17', 1, 0),
(197, 'Владислав', 'Хрипунов', '', '89107451425', '', 'ХрВл', '81dc9bdb52d04dc20036dbd8313ed055', 5, '2018-04-17', 0, 0),
(198, 'Наталья', 'Глущенко ', '', '89507136447', '', 'ГлНа', '81dc9bdb52d04dc20036dbd8313ed055', 5, '2018-04-17', 1, 0),
(199, 'Артем', 'Ломакович', '', '89606254054мама', '', 'ЛоАр', '81dc9bdb52d04dc20036dbd8313ed055', 5, '2018-04-17', 1, 0),
(200, 'Даниил', 'Матвеенко ', '', '89611727212', '', 'МаДа', '81dc9bdb52d04dc20036dbd8313ed055', 5, '2018-04-17', 0, 0),
(201, 'Мария', 'Рамазанова', '', '89103698305', '', 'РаМа', '81dc9bdb52d04dc20036dbd8313ed055', 5, '2018-04-17', 1, 0),
(202, 'Владислав', 'Гобелко', '', '9511594339', '', 'ГоВл', '81dc9bdb52d04dc20036dbd8313ed055', 5, '2018-04-17', 1, 0),
(203, 'Никита', 'Рузакин', '', '9511596862', '', 'РуНи', '81dc9bdb52d04dc20036dbd8313ed055', 5, '2018-04-17', 0, 0),
(204, 'София', 'Степаненко', '', '9511581710мама, 9511582956бабушка', '', 'СтСо', '81dc9bdb52d04dc20036dbd8313ed055', 5, '2018-04-17', 1, 0),
(205, 'Юлия', 'Белкина', '', '9803740377', '', 'БеЮл', '81dc9bdb52d04dc20036dbd8313ed055', 5, '2018-04-17', 0, 0),
(206, 'Татьяна', 'Камнева', '', '9040918558', '', 'КаТа', '81dc9bdb52d04dc20036dbd8313ed055', 5, '2018-04-17', 1, 0),
(207, 'Степан', 'Лисуненко', '', '9066083197, 9092006939', '', 'ЛиСт', '81dc9bdb52d04dc20036dbd8313ed055', 5, '2018-04-17', 1, 0),
(208, 'Дарья', 'Курдюкова', '', '9103249006', '', 'КуДа', '81dc9bdb52d04dc20036dbd8313ed055', 5, '2018-04-17', 1, 0),
(209, 'Вероника', 'Варёшина', '', '89803756977', '', 'ВаВе', '81dc9bdb52d04dc20036dbd8313ed055', 5, '2018-04-17', 0, 0),
(210, 'Татьяна', 'Шмелева', '', '9103269964', '', 'ШмТа', '81dc9bdb52d04dc20036dbd8313ed055', 5, '2018-04-17', 0, 0),
(211, 'Алексей', 'Бочаров', '', '', '', 'БоАл', '81dc9bdb52d04dc20036dbd8313ed055', 5, '2018-04-17', 0, 0),
(212, 'Вадим', 'Тихонов', '', '89038845555', '', 'ТиВа', '81dc9bdb52d04dc20036dbd8313ed055', 5, '2018-04-17', 1, 0),
(213, 'Евгения', 'Тулупова', '', '89066084042мама,  89606368035', '', 'ТуЕв', '81dc9bdb52d04dc20036dbd8313ed055', 5, '2018-04-17', 1, 0),
(214, 'Артём', 'Филатов', '', '9092050324', '', 'ФиАр', '81dc9bdb52d04dc20036dbd8313ed055', 5, '2018-04-17', 1, 0),
(215, 'Ольга', 'Гоменнюк ', '', '89202066147', '', 'ГоОл', '81dc9bdb52d04dc20036dbd8313ed055', 5, '2018-04-17', 0, 0),
(216, 'Ангелина', 'Статинова', '', '9507179331', '', 'СтАн', '81dc9bdb52d04dc20036dbd8313ed055', 5, '2018-04-17', 1, 0),
(217, 'Галина', 'Салтыкова ', '', '89155255941', '', 'СаГа', '81dc9bdb52d04dc20036dbd8313ed055', 5, '2018-04-17', 1, 0),
(218, 'Павел', 'Харченко', '', '89192809111 89155255941', '', 'ХаПа', '81dc9bdb52d04dc20036dbd8313ed055', 5, '2018-04-17', 1, 0),
(219, 'Анастасия', 'Федорова ', '', '9065668812', '', 'ФеАн', '81dc9bdb52d04dc20036dbd8313ed055', 5, '2018-04-17', 0, 0),
(220, 'Валерия', 'Журакова', '', 'валерия9517665598, 9040985488, 9507129046', '', 'ЖуВа', '81dc9bdb52d04dc20036dbd8313ed055', 5, '2018-04-17', 1, 0),
(221, 'Виолетта', 'Шапошникова', '', '9103207761мама', '', 'ШаВи', '81dc9bdb52d04dc20036dbd8313ed055', 5, '2018-04-17', 1, 0),
(222, 'Александра', 'Мочалова', '', '', '', 'МоАл', '81dc9bdb52d04dc20036dbd8313ed055', 5, '2018-04-17', 1, 0),
(223, 'Владислава', 'Котельникова', '', '9066085215', '', 'КоВл', '81dc9bdb52d04dc20036dbd8313ed055', 5, '2018-04-17', 1, 0),
(224, 'Павел', 'Котельников', '', '9066085215', '', 'КоПа', '81dc9bdb52d04dc20036dbd8313ed055', 5, '2018-04-17', 1, 0),
(225, 'Виталий', 'Чепурных', '', '9040857580', '', 'ЧеВи', '81dc9bdb52d04dc20036dbd8313ed055', 5, '2018-04-17', 1, 0),
(226, 'Станислав', 'Лукаш', '', '89092029210', '', 'СтЛу', '81dc9bdb52d04dc20036dbd8313ed055', 5, '2018-04-17', 1, 0),
(227, 'Илья', 'Гудов', '', '9092018952', '', 'ГуИл', '81dc9bdb52d04dc20036dbd8313ed055', 5, '2018-04-17', 1, 0),
(228, 'Ирина', 'Витковская', '', '9155646210', '', 'ВиИр', '81dc9bdb52d04dc20036dbd8313ed055', 5, '2018-04-17', 1, 0),
(229, 'Карина', 'Власенко', '', '89194322588', '', 'ВлКа', '81dc9bdb52d04dc20036dbd8313ed055', 5, '2018-04-17', 0, 0),
(230, 'Николай', 'Бурлаков', '', '9205853425', '', 'БуНи', '81dc9bdb52d04dc20036dbd8313ed055', 5, '2018-04-17', 1, 0),
(231, 'Руслан', 'Исмаинов', '', '9103615681', '', 'ИсРу', '81dc9bdb52d04dc20036dbd8313ed055', 5, '2018-04-17', 0, 0),
(232, 'Эльвира', 'Алексеенко', '', '9205592799', '', 'АлЭл', '81dc9bdb52d04dc20036dbd8313ed055', 5, '2018-04-17', 1, 0),
(233, 'Никита', 'Калинский', '', '89103262850', '', 'КаНи', '81dc9bdb52d04dc20036dbd8313ed055', 5, '2018-04-17', 1, 0),
(234, 'Алина', 'Смирнова', '', '89803826884', '', 'СмАл', '81dc9bdb52d04dc20036dbd8313ed055', 5, '2018-04-17', 1, 0),
(235, 'Евгения', 'Шеховонова ', '', '89051733534', '', 'ШеЕв', '81dc9bdb52d04dc20036dbd8313ed055', 5, '2018-04-17', 0, 0),
(236, 'Галина', 'Синегубова ', 'Александровна', '89045305856', '', 'СиГа', '81dc9bdb52d04dc20036dbd8313ed055', 5, '2018-04-17', 1, 0),
(237, 'Марина', 'Овсянникова', '', '89192293607', '', 'ОвМа', '81dc9bdb52d04dc20036dbd8313ed055', 5, '2018-04-17', 1, 0),
(238, 'Анастасия', 'Присяжнюк', '', '89524319720', '', 'ПрАн', '81dc9bdb52d04dc20036dbd8313ed055', 5, '2018-04-17', 1, 0),
(239, 'Полина', 'Котова', '', 'мама9045300066, 9045307959', '', 'КотПо', '81dc9bdb52d04dc20036dbd8313ed055', 5, '2018-04-17', 1, 0),
(240, 'Тимофей', 'Воронцов', '', '9155627706', '', 'ВоТи', '81dc9bdb52d04dc20036dbd8313ed055', 5, '2018-04-17', 0, 0),
(241, 'Лилия', 'Сапельник', '', '89805263090', '', 'СаЛи', '81dc9bdb52d04dc20036dbd8313ed055', 5, '2018-04-17', 1, 0),
(242, 'Илья', 'Каленик', '', '89155799510', '', 'КаИл', '81dc9bdb52d04dc20036dbd8313ed055', 5, '2018-04-17', 1, 0),
(243, 'Виолетта', 'Яркова', '', '89087805623', '', 'ЯрВи', '81dc9bdb52d04dc20036dbd8313ed055', 5, '2018-04-17', 1, 0),
(244, 'Владимир', 'Дуюн', '', '9040882772', '', 'ДуВл', '81dc9bdb52d04dc20036dbd8313ed055', 5, '2018-04-17', 1, 0),
(245, 'Евгений', 'Лобанов', '', '9606300001', '', 'ЛоЕв', '81dc9bdb52d04dc20036dbd8313ed055', 5, '2018-04-17', 1, 0),
(246, 'Татьяна', 'Рябухина', '', '9103623751, папа9040962985', '', 'РяТа', '81dc9bdb52d04dc20036dbd8313ed055', 5, '2018-04-17', 0, 0),
(247, 'Анастасия', 'Петкевич', '', '9205968524', '', 'ПеАн', '81dc9bdb52d04dc20036dbd8313ed055', 5, '2018-04-17', 1, 0),
(248, 'Людмила', 'Романова', '', '9066068213', '', 'РоЛю', '81dc9bdb52d04dc20036dbd8313ed055', 5, '2018-04-17', 1, 0),
(249, 'Лариса', 'Малявина', '', '', '', 'МаЛа', '81dc9bdb52d04dc20036dbd8313ed055', 5, '2018-04-17', 1, 0),
(250, 'Виктория', 'Глебова', '', '89040890974', '', 'ГлВи', '81dc9bdb52d04dc20036dbd8313ed055', 5, '2018-04-17', 1, 0),
(251, 'Галина', 'Кривопускова', '', '89205715555', '', 'КрГа', '81dc9bdb52d04dc20036dbd8313ed055', 5, '2018-04-17', 0, 0),
(252, 'Иван', 'Козицкий', '', '9103690506мама, 9103690702', '', 'КоИв', '81dc9bdb52d04dc20036dbd8313ed055', 5, '2018-04-17', 1, 0),
(253, 'Ирина', 'Зеберт', '', '9107378048', '', 'ЗеИр', '81dc9bdb52d04dc20036dbd8313ed055', 5, '2018-04-17', 0, 0),
(254, 'Михаил', 'Гоков', '', '9511441299', '', 'ГоМи', '81dc9bdb52d04dc20036dbd8313ed055', 5, '2018-04-17', 1, 0),
(255, 'Людмила', 'Масалова', '', '9192882702', '', 'МаЛю', '81dc9bdb52d04dc20036dbd8313ed055', 5, '2018-04-17', 1, 0),
(256, 'Софья', 'Шашкина', '', '9103208181', '', 'ШаСо', '81dc9bdb52d04dc20036dbd8313ed055', 5, '2018-04-17', 1, 0),
(257, 'Иван', 'Фуглаев', '', '9155238777', '', 'ФуИв', '81dc9bdb52d04dc20036dbd8313ed055', 5, '2018-04-17', 1, 0),
(258, 'Алексей', 'Сагайдаков', '', '9290030432', '', 'СаАл', '81dc9bdb52d04dc20036dbd8313ed055', 5, '2018-04-17', 0, 0),
(259, 'Наталья', 'Туманова', '', '9511348922', '', 'ТуНа', '81dc9bdb52d04dc20036dbd8313ed055', 5, '2018-04-17', 1, 0),
(260, 'Елизавета', 'Пелихова', '', '89102276832мама 89805217963', '', 'ПеЕл', '81dc9bdb52d04dc20036dbd8313ed055', 5, '2018-04-17', 1, 0),
(261, 'Даниил', 'Селиванов', '', '890092069999', '', 'СеДа', '81dc9bdb52d04dc20036dbd8313ed055', 5, '2018-04-17', 1, 0),
(262, 'Дмитрий', 'Ливицкий', '', '9192864956', '', 'ЛиДм', '81dc9bdb52d04dc20036dbd8313ed055', 5, '2018-04-17', 1, 0),
(263, 'Анастасия', 'Дурнева ', '', '89155657784, 9107450283- папа не вкурсе', '', 'ДуАн', '81dc9bdb52d04dc20036dbd8313ed055', 5, '2018-04-17', 1, 0),
(264, 'Игорь', 'Попов', '', '9102269781', '', 'ПоИг', '81dc9bdb52d04dc20036dbd8313ed055', 5, '2018-04-17', 1, 0),
(265, 'Илья', 'Слинко ', '', '9202002648', '', 'СлИл', '81dc9bdb52d04dc20036dbd8313ed055', 5, '2018-04-17', 1, 0),
(266, 'Дмитрий', 'Данко', '', '89155601367', '', 'ДаМа', '81dc9bdb52d04dc20036dbd8313ed055', 5, '2018-04-17', 1, 0),
(267, 'Ярослав', 'Сиухин', '', '89045318640', '', 'СиЯр', '81dc9bdb52d04dc20036dbd8313ed055', 5, '2018-04-17', 1, 0),
(268, 'Ксения', 'Доронина', '', '89680639616', '', 'ДоКс', '81dc9bdb52d04dc20036dbd8313ed055', 5, '2018-04-17', 1, 0),
(269, 'Ксения', 'Сальтевская', '', '89040949409', '', 'СаКс', '81dc9bdb52d04dc20036dbd8313ed055', 5, '2018-04-17', 0, 0),
(270, 'Андрей', 'Головин', '', '89511342322', '', 'ГоАн', '81dc9bdb52d04dc20036dbd8313ed055', 5, '2018-04-17', 1, 0),
(271, 'Богдан', 'Семенов', '', '9103267647', '', 'СеБо', '81dc9bdb52d04dc20036dbd8313ed055', 5, '2018-04-17', 1, 0),
(272, 'Владимир', 'Чеботарев ', '', '9517613394, 89511489928 мама', '', 'ЧеВл', '81dc9bdb52d04dc20036dbd8313ed055', 5, '2018-04-17', 0, 0),
(273, 'Инна', 'Гикалова', '', '9192838849 мама9517604641', '', 'ГиИн', '81dc9bdb52d04dc20036dbd8313ed055', 5, '2018-04-17', 1, 0),
(274, 'Ольга', 'Красенькова ', '', '89511484424', '', 'КрОл', '81dc9bdb52d04dc20036dbd8313ed055', 5, '2018-04-17', 1, 0),
(275, 'Елена', 'Герасимова ', '', '89087828317', '', 'ПрЕл', '81dc9bdb52d04dc20036dbd8313ed055', 5, '2018-04-17', 0, 0),
(276, 'Михаил', 'Макаренко ', '', '89155611592', '', 'МиМа', '81dc9bdb52d04dc20036dbd8313ed055', 5, '2018-04-17', 1, 0),
(277, 'Алевтина', 'Андреева', '', '89205513925', '', 'АлАн', '81dc9bdb52d04dc20036dbd8313ed055', 5, '2018-04-17', 1, 0),
(278, 'Анна', 'Мазикина', '', '89066050285 89524294634', '', 'МаАн', '81dc9bdb52d04dc20036dbd8313ed055', 5, '2018-04-17', 1, 0),
(279, 'Ольга', 'Кириченко', '', '89511339371', '', 'КиОл', '81dc9bdb52d04dc20036dbd8313ed055', 5, '2018-04-17', 1, 0),
(280, 'Ольга', 'Кузьминова', '', '9155286269', '', 'КуОл', '81dc9bdb52d04dc20036dbd8313ed055', 5, '2018-04-17', 1, 0),
(281, 'Татьяна', 'Долженко', '', '89524379867', '', 'ДоТа', '81dc9bdb52d04dc20036dbd8313ed055', 5, '2018-04-17', 1, 0),
(282, 'Андрэ', 'София ', '', '89092067755', '', 'СоАн', '81dc9bdb52d04dc20036dbd8313ed055', 5, '2018-04-17', 1, 0),
(283, 'Диана', 'Адиятулина ', '', '89205828904', '', 'АдДи', '81dc9bdb52d04dc20036dbd8313ed055', 5, '2018-04-17', 1, 0),
(284, 'Екатерина', 'Денисова', '', '89606299236', '', 'ДеЕк', '81dc9bdb52d04dc20036dbd8313ed055', 5, '2018-04-17', 1, 0),
(285, 'Виктор', 'Ерофеев', '', '89805288059', '', 'ЕрВи', '81dc9bdb52d04dc20036dbd8313ed055', 5, '2018-04-17', 1, 0),
(286, 'Никита ', 'Усачев', '', '89997002498', '', 'УсНи', '81dc9bdb52d04dc20036dbd8313ed055', 5, '2018-04-17', 1, 0),
(287, 'Екатерина', 'Кузнецова', '', '89803762501', '', 'КуЕк', '81dc9bdb52d04dc20036dbd8313ed055', 5, '2018-04-17', 1, 0),
(288, 'Валерий', 'Литвиненко ', '', '89056795800', '', 'ЛиВа', '81dc9bdb52d04dc20036dbd8313ed055', 5, '2018-04-17', 1, 0),
(289, 'Ярослава', 'Крысенко ', '', '89092068385', '', 'КрЯр', '81dc9bdb52d04dc20036dbd8313ed055', 5, '2018-04-17', 1, 0),
(290, 'Вячеслав', 'Флоринский ', '', '89103603958', '', 'ФлВя', '81dc9bdb52d04dc20036dbd8313ed055', 5, '2018-04-17', 1, 0);

-- --------------------------------------------------------

--
-- Структура таблицы `User_Group`
--

CREATE TABLE `User_Group` (
  `id` int(11) NOT NULL,
  `title` varchar(50) NOT NULL,
  `path` varchar(255) DEFAULT NULL,
  `children_name` varchar(255) DEFAULT NULL,
  `sorting` int(11) NOT NULL
) ENGINE=InnoDB DEFAULT CHARSET=utf8;

--
-- Дамп данных таблицы `User_Group`
--

INSERT INTO `User_Group` (`id`, `title`, `path`, `children_name`, `sorting`) VALUES
(1, 'Администраторы', 'admin', 'User', 0),
(2, 'Менеджеры', 'manager', 'User', 10),
(4, 'Учителя', 'teacher', 'User', 30),
(5, 'Клиенты', 'client', 'User', 40);

--
-- Индексы сохранённых таблиц
--

--
-- Индексы таблицы `Admin_Form`
--
ALTER TABLE `Admin_Form`
  ADD PRIMARY KEY (`id`);

--
-- Индексы таблицы `Admin_Form_Modelname`
--
ALTER TABLE `Admin_Form_Modelname`
  ADD PRIMARY KEY (`id`);

--
-- Индексы таблицы `Admin_Form_Type`
--
ALTER TABLE `Admin_Form_Type`
  ADD PRIMARY KEY (`id`);

--
-- Индексы таблицы `Admin_Menu`
--
ALTER TABLE `Admin_Menu`
  ADD PRIMARY KEY (`id`);

--
-- Индексы таблицы `Constant`
--
ALTER TABLE `Constant`
  ADD PRIMARY KEY (`id`);

--
-- Индексы таблицы `Constant_Dir`
--
ALTER TABLE `Constant_Dir`
  ADD PRIMARY KEY (`id`);

--
-- Индексы таблицы `Constant_Type`
--
ALTER TABLE `Constant_Type`
  ADD PRIMARY KEY (`id`);

--
-- Индексы таблицы `Page_Menu`
--
ALTER TABLE `Page_Menu`
  ADD PRIMARY KEY (`id`);

--
-- Индексы таблицы `Page_Template`
--
ALTER TABLE `Page_Template`
  ADD PRIMARY KEY (`id`);

--
-- Индексы таблицы `Page_Template_Dir`
--
ALTER TABLE `Page_Template_Dir`
  ADD PRIMARY KEY (`id`);

--
-- Индексы таблицы `Property`
--
ALTER TABLE `Property`
  ADD PRIMARY KEY (`id`);

--
-- Индексы таблицы `Property_Bool`
--
ALTER TABLE `Property_Bool`
  ADD PRIMARY KEY (`id`);

--
-- Индексы таблицы `Property_Bool_Assigment`
--
ALTER TABLE `Property_Bool_Assigment`
  ADD PRIMARY KEY (`id`);

--
-- Индексы таблицы `Property_Dir`
--
ALTER TABLE `Property_Dir`
  ADD PRIMARY KEY (`id`);

--
-- Индексы таблицы `Property_Int`
--
ALTER TABLE `Property_Int`
  ADD PRIMARY KEY (`id`);

--
-- Индексы таблицы `Property_Int_Assigment`
--
ALTER TABLE `Property_Int_Assigment`
  ADD PRIMARY KEY (`id`);

--
-- Индексы таблицы `Property_List`
--
ALTER TABLE `Property_List`
  ADD PRIMARY KEY (`id`);

--
-- Индексы таблицы `Property_List_Assigment`
--
ALTER TABLE `Property_List_Assigment`
  ADD PRIMARY KEY (`id`);

--
-- Индексы таблицы `Property_List_Values`
--
ALTER TABLE `Property_List_Values`
  ADD PRIMARY KEY (`id`);

--
-- Индексы таблицы `Property_String`
--
ALTER TABLE `Property_String`
  ADD PRIMARY KEY (`id`);

--
-- Индексы таблицы `Property_String_Assigment`
--
ALTER TABLE `Property_String_Assigment`
  ADD PRIMARY KEY (`id`);

--
-- Индексы таблицы `Property_Text`
--
ALTER TABLE `Property_Text`
  ADD PRIMARY KEY (`id`);

--
-- Индексы таблицы `Property_Text_Assigment`
--
ALTER TABLE `Property_Text_Assigment`
  ADD PRIMARY KEY (`id`);

--
-- Индексы таблицы `Structure`
--
ALTER TABLE `Structure`
  ADD PRIMARY KEY (`id`);

--
-- Индексы таблицы `Structure_Item`
--
ALTER TABLE `Structure_Item`
  ADD PRIMARY KEY (`id`);

--
-- Индексы таблицы `User`
--
ALTER TABLE `User`
  ADD PRIMARY KEY (`id`);

--
-- Индексы таблицы `User_Group`
--
ALTER TABLE `User_Group`
  ADD PRIMARY KEY (`id`);

--
-- AUTO_INCREMENT для сохранённых таблиц
--

--
-- AUTO_INCREMENT для таблицы `Admin_Form`
--
ALTER TABLE `Admin_Form`
  MODIFY `id` int(11) NOT NULL AUTO_INCREMENT, AUTO_INCREMENT=70;
--
-- AUTO_INCREMENT для таблицы `Admin_Form_Modelname`
--
ALTER TABLE `Admin_Form_Modelname`
  MODIFY `id` int(11) NOT NULL AUTO_INCREMENT, AUTO_INCREMENT=15;
--
-- AUTO_INCREMENT для таблицы `Admin_Form_Type`
--
ALTER TABLE `Admin_Form_Type`
  MODIFY `id` int(11) NOT NULL AUTO_INCREMENT, AUTO_INCREMENT=7;
--
-- AUTO_INCREMENT для таблицы `Admin_Menu`
--
ALTER TABLE `Admin_Menu`
  MODIFY `id` int(11) NOT NULL AUTO_INCREMENT, AUTO_INCREMENT=15;
--
-- AUTO_INCREMENT для таблицы `Constant`
--
ALTER TABLE `Constant`
  MODIFY `id` int(11) NOT NULL AUTO_INCREMENT, AUTO_INCREMENT=7;
--
-- AUTO_INCREMENT для таблицы `Constant_Dir`
--
ALTER TABLE `Constant_Dir`
  MODIFY `id` int(11) NOT NULL AUTO_INCREMENT, AUTO_INCREMENT=5;
--
-- AUTO_INCREMENT для таблицы `Constant_Type`
--
ALTER TABLE `Constant_Type`
  MODIFY `id` int(11) NOT NULL AUTO_INCREMENT, AUTO_INCREMENT=4;
--
-- AUTO_INCREMENT для таблицы `Page_Menu`
--
ALTER TABLE `Page_Menu`
  MODIFY `id` int(11) NOT NULL AUTO_INCREMENT, AUTO_INCREMENT=2;
--
-- AUTO_INCREMENT для таблицы `Page_Template`
--
ALTER TABLE `Page_Template`
  MODIFY `id` int(11) NOT NULL AUTO_INCREMENT, AUTO_INCREMENT=6;
--
-- AUTO_INCREMENT для таблицы `Page_Template_Dir`
--
ALTER TABLE `Page_Template_Dir`
  MODIFY `id` int(11) NOT NULL AUTO_INCREMENT;
--
-- AUTO_INCREMENT для таблицы `Property`
--
ALTER TABLE `Property`
  MODIFY `id` int(11) NOT NULL AUTO_INCREMENT, AUTO_INCREMENT=22;
--
-- AUTO_INCREMENT для таблицы `Property_Bool`
--
ALTER TABLE `Property_Bool`
  MODIFY `id` int(11) NOT NULL AUTO_INCREMENT, AUTO_INCREMENT=245;
--
-- AUTO_INCREMENT для таблицы `Property_Bool_Assigment`
--
ALTER TABLE `Property_Bool_Assigment`
  MODIFY `id` int(11) NOT NULL AUTO_INCREMENT, AUTO_INCREMENT=248;
--
-- AUTO_INCREMENT для таблицы `Property_Dir`
--
ALTER TABLE `Property_Dir`
  MODIFY `id` int(11) NOT NULL AUTO_INCREMENT, AUTO_INCREMENT=4;
--
-- AUTO_INCREMENT для таблицы `Property_Int`
--
ALTER TABLE `Property_Int`
  MODIFY `id` int(11) NOT NULL AUTO_INCREMENT, AUTO_INCREMENT=5638;
--
-- AUTO_INCREMENT для таблицы `Property_Int_Assigment`
--
ALTER TABLE `Property_Int_Assigment`
  MODIFY `id` int(11) NOT NULL AUTO_INCREMENT, AUTO_INCREMENT=5626;
--
-- AUTO_INCREMENT для таблицы `Property_List`
--
ALTER TABLE `Property_List`
  MODIFY `id` int(11) NOT NULL AUTO_INCREMENT, AUTO_INCREMENT=92;
--
-- AUTO_INCREMENT для таблицы `Property_List_Assigment`
--
ALTER TABLE `Property_List_Assigment`
  MODIFY `id` int(11) NOT NULL AUTO_INCREMENT, AUTO_INCREMENT=102;
--
-- AUTO_INCREMENT для таблицы `Property_List_Values`
--
ALTER TABLE `Property_List_Values`
  MODIFY `id` int(11) NOT NULL AUTO_INCREMENT, AUTO_INCREMENT=68;
--
-- AUTO_INCREMENT для таблицы `Property_String`
--
ALTER TABLE `Property_String`
  MODIFY `id` int(11) NOT NULL AUTO_INCREMENT, AUTO_INCREMENT=402;
--
-- AUTO_INCREMENT для таблицы `Property_String_Assigment`
--
ALTER TABLE `Property_String_Assigment`
  MODIFY `id` int(11) NOT NULL AUTO_INCREMENT, AUTO_INCREMENT=405;
--
-- AUTO_INCREMENT для таблицы `Property_Text`
--
ALTER TABLE `Property_Text`
  MODIFY `id` int(11) NOT NULL AUTO_INCREMENT, AUTO_INCREMENT=353;
--
-- AUTO_INCREMENT для таблицы `Property_Text_Assigment`
--
ALTER TABLE `Property_Text_Assigment`
  MODIFY `id` int(11) NOT NULL AUTO_INCREMENT, AUTO_INCREMENT=355;
--
-- AUTO_INCREMENT для таблицы `Structure`
--
ALTER TABLE `Structure`
  MODIFY `id` int(11) NOT NULL AUTO_INCREMENT, AUTO_INCREMENT=24;
--
-- AUTO_INCREMENT для таблицы `Structure_Item`
--
ALTER TABLE `Structure_Item`
  MODIFY `id` int(11) NOT NULL AUTO_INCREMENT, AUTO_INCREMENT=8;
--
-- AUTO_INCREMENT для таблицы `User`
--
ALTER TABLE `User`
  MODIFY `id` int(11) NOT NULL AUTO_INCREMENT, AUTO_INCREMENT=292;
--
-- AUTO_INCREMENT для таблицы `User_Group`
--
ALTER TABLE `User_Group`
  MODIFY `id` int(11) NOT NULL AUTO_INCREMENT, AUTO_INCREMENT=6;
/*!40101 SET CHARACTER_SET_CLIENT=@OLD_CHARACTER_SET_CLIENT */;
/*!40101 SET CHARACTER_SET_RESULTS=@OLD_CHARACTER_SET_RESULTS */;
/*!40101 SET COLLATION_CONNECTION=@OLD_COLLATION_CONNECTION */;
